{"type":"ContactSegment","currentStatus":"Draft","depth":"complete","folderId":"1463","name":"Append_General_GNF_Monthly_AcquireList","permissions":["Retrieve","SetSecurity","Delete","Update"],"updatedAt":"1530631794","updatedBy":"20","elements":[{"type":"ContactFilterSegmentElement","id":"21455","depth":"complete","count":"0","isIncluded":"false","lastCalculatedAt":"1517297221","filter":{"type":"ContactFilter","currentStatus":"Draft","id":"128013","createdAt":"1517297221","createdBy":"20","depth":"complete","folderId":"51","name":"Exclude Inactive","permissions":["Retrieve","SetSecurity","Delete","Update"],"updatedAt":"1530631794","updatedBy":"20","criteria":[{"type":"ContactFieldCriterion","id":"390667","condition":{"type":"TextValueCondition","operator":"equal","value":"Inactive"},"fieldId":"100089"}],"scope":"local","statement":"390667"}},{"type":"ContactFilterSegmentElement","id":"21456","depth":"complete","count":"0","isIncluded":"false","lastCalculatedAt":"1517297221","filter":{"type":"ContactFilter","currentStatus":"Draft","id":"128014","createdAt":"1517297221","createdBy":"20","depth":"complete","folderId":"51","name":"Exclude Append L6M","permissions":["Retrieve","SetSecurity","Delete","Update"],"updatedAt":"1530631794","updatedBy":"20","criteria":[{"type":"LinkedCustomObjectCriterion","id":"390668","customObjectId":"320","fieldConditions":[{"type":"FieldCondition","id":"390671","condition":{"type":"DateValueCondition","operator":"withinLast","value":{"type":"RelativeDate","offset":"6","timePeriod":"month"}},"fieldId":"1462"}]}],"scope":"local","statement":"390668"}},{"type":"ContactListSegmentElement","id":"21459","depth":"complete","count":"0","isIncluded":"true","lastCalculatedAt":"1517297221","list":{"type":"ContactList","currentStatus":"active","id":"17663","createdAt":"1511767590","createdBy":"18","depth":"complete","folderId":"18149","name":"SYSTEM - GNF Cold Leads Send for Append","permissions":["Retrieve","SetSecurity","Delete","Update"],"updatedAt":"1530694713","updatedBy":"18","count":"18083","dataLookupId":"719182b6-0c0e-4eb6-ac06-099ea1127c7c","scope":"global"}},{"type":"ContactFilterSegmentElement","id":"21486","depth":"complete","count":"0","isIncluded":"false","lastCalculatedAt":"1517308287","filter":{"type":"ContactFilter","currentStatus":"Draft","id":"128035","createdAt":"1517308287","createdBy":"20","depth":"complete","folderId":"51","name":"Exclude Simultaneous Append","permissions":["Retrieve","SetSecurity","Delete","Update"],"updatedAt":"1530631794","updatedBy":"20","criteria":[{"type":"LinkedCustomObjectCriterion","id":"390738","customObjectId":"320","fieldConditions":[{"type":"FieldCondition","id":"390737","condition":{"type":"DateValueCondition","operator":"withinLast","value":{"type":"RelativeDate","offset":"6","timePeriod":"month"}},"fieldId":"1463"}]},{"type":"LinkedCustomObjectCriterion","id":"390740","customObjectId":"320","fieldConditions":[{"type":"FieldCondition","id":"390739","condition":{"type":"DateValueCondition","operator":"blank"},"fieldId":"1465"}]}],"scope":"local","statement":"390738 AND 390740"}},{"type":"ContactFilterSegmentElement","id":"21492","depth":"complete","count":"0","isIncluded":"false","lastCalculatedAt":"1517308741","filter":{"type":"ContactFilter","currentStatus":"Draft","id":"128044","createdAt":"1517308741","createdBy":"20","depth":"complete","folderId":"51","name":"Exclude Blank Master_ID","permissions":["Retrieve","SetSecurity","Delete","Update"],"updatedAt":"1530631794","updatedBy":"20","criteria":[{"type":"ContactFieldCriterion","id":"390752","condition":{"type":"NumericValueCondition","operator":"less","value":"1"},"fieldId":"100087"}],"scope":"local","statement":"390752"}}],"isStale":"True"}