{"type":"ContactSegment","currentStatus":"Active","depth":"complete","folderId":"1463","name":"SYSTEM - GNF Cold Leads After General Append","permissions":["Retrieve","SetSecurity","Delete","Update"],"updatedAt":"1524636620","updatedBy":"20","elements":[{"type":"ContactFilterSegmentElement","id":"21465","depth":"complete","count":"0","isIncluded":"true","lastCalculatedAt":"1517299271","filter":{"type":"ContactFilter","currentStatus":"Draft","id":"128022","createdAt":"1517299271","createdBy":"20","depth":"complete","folderId":"51","name":"Appended with AL and IGD","permissions":["Retrieve","SetSecurity","Delete","Update"],"updatedAt":"1524636620","updatedBy":"20","criteria":[{"type":"LinkedCustomObjectCriterion","id":"390678","customObjectId":"320","fieldConditions":[{"type":"FieldCondition","id":"390753","condition":{"type":"DateValueCondition","operator":"withinLast","value":{"type":"RelativeDate","offset":"3","timePeriod":"month"}},"fieldId":"1464"}]},{"type":"LinkedCustomObjectCriterion","id":"390680","customObjectId":"320","fieldConditions":[{"type":"FieldCondition","id":"390754","condition":{"type":"DateValueCondition","operator":"withinLast","value":{"type":"RelativeDate","offset":"1","timePeriod":"day"}},"fieldId":"1465"}]},{"type":"LinkedCustomObjectCriterion","id":"395449","customObjectId":"320","fieldConditions":[{"type":"FieldCondition","id":"395447","condition":{"type":"DateValueCondition","operator":"withinLast","value":{"type":"RelativeDate","offset":"1","timePeriod":"day"}},"fieldId":"1464"}]},{"type":"LinkedCustomObjectCriterion","id":"395450","customObjectId":"320","fieldConditions":[{"type":"FieldCondition","id":"395448","condition":{"type":"DateValueCondition","operator":"withinLast","value":{"type":"RelativeDate","offset":"3","timePeriod":"month"}},"fieldId":"1465"}]}],"scope":"local","statement":"(390678 AND 390680) OR (395449 AND 395450)"}}],"isStale":"True"}