{"type":"ContactSegment","currentStatus":"Draft","depth":"complete","folderId":"1463","name":"TMK_TM_1703_DE(DACH)_All_All_All_All_All_TeleQueue_CCP_Nurturing","permissions":["Retrieve","SetSecurity","Delete","Update"],"updatedAt":"1490626007","updatedBy":"55","elements":[{"type":"ContactFilterSegmentElement","id":"17856","depth":"complete","count":"0","isIncluded":"true","lastCalculatedAt":"1490625902","filter":{"type":"ContactFilter","currentStatus":"Draft","id":"125397","createdAt":"1490625902","createdBy":"55","depth":"complete","folderId":"51","name":"Filter Criteria 1","permissions":["Retrieve","SetSecurity","Delete","Update"],"updatedAt":"1490626007","updatedBy":"55","criteria":[{"type":"EmailClickThroughCriterion","id":"372902","activityRestriction":{"type":"NumericValueCondition","operator":"notLess","value":"1"},"timeRestriction":{"type":"DateValueCondition","operator":"withinLast","value":{"type":"RelativeDate","offset":"1","timePeriod":"week"}}},{"type":"ContactFieldCriterion","id":"372903","condition":{"type":"TextSetCondition","operator":"in","optionListId":"20471","quickListString":"201703,201704"},"fieldId":"100580"},{"type":"LinkedCustomObjectCriterion","id":"372904","customObjectId":"322","fieldConditions":[{"type":"FieldCondition","id":"372900","condition":{"type":"DateValueCondition","operator":"withinNext","value":{"type":"RelativeDate","offset":"1","timePeriod":"week"}},"fieldId":"1123"}]},{"type":"EmailOpenCriterion","id":"372905","activityRestriction":{"type":"NumericValueCondition","operator":"notLess","value":"2"},"timeRestriction":{"type":"DateValueCondition","operator":"withinLast","value":{"type":"RelativeDate","offset":"7","timePeriod":"day"}}}],"scope":"local","statement":"372902 OR 372903 OR 372904 OR 372905"}},{"type":"ContactFilterSegmentElement","id":"17857","depth":"complete","count":"0","isIncluded":"false","lastCalculatedAt":"1490625902","filter":{"type":"ContactFilter","currentStatus":"Draft","id":"125398","createdAt":"1490625902","createdBy":"55","depth":"complete","folderId":"51","name":"Filter Criteria 2","permissions":["Retrieve","SetSecurity","Delete","Update"],"updatedAt":"1490626007","updatedBy":"55","criteria":[{"type":"ContactFieldCriterion","id":"372906","condition":{"type":"TextValueCondition","operator":"notEqual","value":"Active"},"fieldId":"100089"},{"type":"ContactFieldCriterion","id":"372907","condition":{"type":"TextSetCondition","operator":"in","optionListId":"20472","quickListString":"Bioportfolio,IFS,TA Literature Research"},"fieldId":"100044"},{"type":"ContactFieldCriterion","id":"372908","condition":{"type":"TextValueCondition","operator":"notBlank"},"fieldId":"100404"},{"type":"ContactFieldCriterion","id":"372909","condition":{"type":"TextValueCondition","operator":"notBlank"},"fieldId":"100770"},{"type":"ContactFieldCriterion","id":"372910","condition":{"type":"TextValueCondition","operator":"notBlank"},"fieldId":"100775"},{"type":"ContactFieldCriterion","id":"372911","condition":{"type":"TextValueCondition","operator":"notBlank"},"fieldId":"100778"},{"type":"ContactFieldCriterion","id":"372912","condition":{"type":"TextValueCondition","operator":"notBlank"},"fieldId":"100788"},{"type":"ContactFieldCriterion","id":"372913","condition":{"type":"TextValueCondition","operator":"blank"},"fieldId":"100013"},{"type":"ContactFieldCriterion","id":"372914","condition":{"type":"TextValueCondition","operator":"blank"},"fieldId":"100174"},{"type":"ContactFieldCriterion","id":"372915","condition":{"type":"TextValueCondition","operator":"notEqual","value":"DACH"},"fieldId":"100068"},{"type":"ContactFieldCriterion","id":"372916","condition":{"type":"TextValueCondition","operator":"notEqual","value":"German"},"fieldId":"100431"},{"type":"LinkedCustomObjectCriterion","id":"372917","customObjectId":"322","fieldConditions":[{"type":"FieldCondition","id":"372901","condition":{"type":"DateValueCondition","operator":"withinLast","value":{"type":"RelativeDate","offset":"12","timePeriod":"month"}},"fieldId":"1153"}]}],"scope":"local","statement":"372915 OR 372916 OR 372906 OR 372907 OR 372908 OR 372909 OR 372910 OR 372911 OR 372912 OR 372917 OR (372913 AND 372914)"}},{"type":"ContactListSegmentElement","id":"17858","depth":"complete","count":"0","isIncluded":"false","lastCalculatedAt":"1490625902","list":{"type":"ContactList","currentStatus":"active","id":"8277","createdAt":"1427884066","createdBy":"20","depth":"complete","folderId":"9130","name":"SYSTEM - Phone Number Generic Cleaning Exceptions Phone1","permissions":["Retrieve","SetSecurity","Delete","Update"],"updatedAt":"1530623378","updatedBy":"58","count":"1119","dataLookupId":"1accd755-7bd7-466a-985f-a45ebc79656f","scope":"global"}},{"type":"ContactListSegmentElement","id":"17859","depth":"complete","count":"0","isIncluded":"false","lastCalculatedAt":"1490625902","list":{"type":"ContactList","currentStatus":"active","id":"8715","createdAt":"1434953093","createdBy":"20","depth":"complete","folderId":"9130","name":"SYSTEM - Phone Number Generic Cleaning Exceptions Phone2","permissions":["Retrieve","SetSecurity","Delete","Update"],"updatedAt":"1530623378","updatedBy":"58","count":"6184","dataLookupId":"6498e8d7-baae-4d4f-b58a-11f167a7c7c0","scope":"global"}},{"type":"ContactListSegmentElement","id":"17860","depth":"complete","count":"0","isIncluded":"false","lastCalculatedAt":"1490625902","list":{"type":"ContactList","currentStatus":"active","id":"7862","createdAt":"1422885634","createdBy":"20","depth":"complete","folderId":"9130","name":"SYSTEM - Phone Number Country Cleaning Wrong Numbers Phone1","permissions":["Retrieve","SetSecurity","Delete","Update"],"updatedAt":"1530623378","updatedBy":"58","count":"51184","dataLookupId":"9dcc4e3b-c712-4ab1-a38d-02e2a1312430","scope":"global"}},{"type":"ContactListSegmentElement","id":"17861","depth":"complete","count":"0","isIncluded":"false","lastCalculatedAt":"1490625902","list":{"type":"ContactList","currentStatus":"active","id":"7865","createdAt":"1422889542","createdBy":"20","depth":"complete","folderId":"9130","name":"SYSTEM - Phone Number Country Cleaning Wrong Numbers Phone2","permissions":["Retrieve","SetSecurity","Delete","Update"],"updatedAt":"1530623378","updatedBy":"58","count":"41869","dataLookupId":"2082fb5b-1b36-497e-b0e2-3f35ce74d052","scope":"global"}},{"type":"ContactFilterSegmentElement","id":"17862","depth":"complete","count":"0","isIncluded":"false","lastCalculatedAt":"1490625902","filter":{"type":"ContactFilter","currentStatus":"Draft","id":"125399","createdAt":"1490625902","createdBy":"55","depth":"complete","folderId":"51","name":"Workplace Exclusion","permissions":["Retrieve","SetSecurity","Delete","Update"],"updatedAt":"1490626007","updatedBy":"55","criteria":[{"type":"ContactFieldCriterion","id":"372918","condition":{"type":"TextValueCondition","operator":"equal","value":"Sales, Marketing and Merchandising"},"fieldId":"100084"},{"type":"ContactFieldCriterion","id":"372919","condition":{"type":"TextValueCondition","operator":"equal","value":"Others"},"fieldId":"100084"},{"type":"ContactFieldCriterion","id":"372920","condition":{"type":"TextValueCondition","operator":"equal","value":"Maintenance and Service"},"fieldId":"100084"},{"type":"ContactFieldCriterion","id":"372921","condition":{"type":"TextValueCondition","operator":"equal","value":"IT / Information Technology"},"fieldId":"100084"},{"type":"ContactFieldCriterion","id":"372922","condition":{"type":"TextValueCondition","operator":"equal","value":"Procurement, Finance and Admin"},"fieldId":"100084"},{"type":"ContactFieldCriterion","id":"372923","condition":{"type":"TextValueCondition","operator":"doesNotContain","value":"procurement"},"fieldId":"100048"}],"scope":"local","statement":"372918 OR 372919 OR 372920 OR 372921 OR (372922 AND 372923)"}},{"type":"ContactFilterSegmentElement","id":"17863","depth":"complete","count":"0","isIncluded":"false","lastCalculatedAt":"1490625902","filter":{"type":"ContactFilter","currentStatus":"Draft","id":"125400","createdAt":"1490625902","createdBy":"55","depth":"complete","folderId":"51","name":"Industry Exclusion","permissions":["Retrieve","SetSecurity","Delete","Update"],"updatedAt":"1490626007","updatedBy":"55","criteria":[{"type":"ContactFieldCriterion","id":"372924","condition":{"type":"TextValueCondition","operator":"equal","value":"Transport and Logistics"},"fieldId":"100045"},{"type":"ContactFieldCriterion","id":"372925","condition":{"type":"TextValueCondition","operator":"equal","value":"Utilities and Municipalities"},"fieldId":"100045"},{"type":"ContactFieldCriterion","id":"372926","condition":{"type":"TextValueCondition","operator":"equal","value":"Retail"},"fieldId":"100045"},{"type":"ContactFieldCriterion","id":"372927","condition":{"type":"TextValueCondition","operator":"equal","value":"Pulp, Paper and Textile"},"fieldId":"100045"}],"scope":"local","statement":"372924 OR 372925 OR 372926 OR 372927"}}],"isStale":"True"}