{"type":"ContactSegment","currentStatus":"Active","depth":"complete","folderId":"1463","name":"SYSTEM - Feeder GNF TM Nurturing","permissions":["Retrieve","SetSecurity","Delete","Update"],"updatedAt":"1518602458","updatedBy":"18","elements":[{"type":"ContactListSegmentElement","id":"21445","depth":"complete","count":"0","isIncluded":"true","lastCalculatedAt":"1517085492","list":{"type":"ContactList","currentStatus":"active","id":"17928","createdAt":"1517085416","createdBy":"18","depth":"complete","folderId":"9320","name":"SYSTEM - TM GNF Nurturing","permissions":["Retrieve","SetSecurity","Delete","Update"],"updatedAt":"1530198089","updatedBy":"58","count":"9750","dataLookupId":"7bac6ead-d165-4d45-a3cd-763fda2cba2c","scope":"global"}},{"type":"ContactFilterSegmentElement","id":"21446","depth":"complete","count":"0","isIncluded":"false","lastCalculatedAt":"1517086087","filter":{"type":"ContactFilter","currentStatus":"Draft","id":"128005","createdAt":"1517086087","createdBy":"18","depth":"complete","folderId":"51","name":"Filter Criteria 1","permissions":["Retrieve","SetSecurity","Delete","Update"],"updatedAt":"1518602458","updatedBy":"18","criteria":[{"type":"ContactFieldCriterion","id":"390653","condition":{"type":"TextValueCondition","operator":"notBlank"},"fieldId":"100493"},{"type":"ContactFieldCriterion","id":"391913","condition":{"type":"TextValueCondition","operator":"notEqual","value":"active"},"fieldId":"100089"},{"type":"ContactFieldCriterion","id":"391914","condition":{"type":"TextValueCondition","operator":"equal","value":"glf.elq"},"fieldId":"100461"}],"scope":"local","statement":"390653 OR 391913 OR 391914"}}],"isStale":"True"}