{"type":"ContactSegment","currentStatus":"Draft","depth":"complete","folderId":"1463","name":"Contacts AAE Welcome","permissions":["Retrieve","SetSecurity","Delete","Update"],"updatedAt":"1491984447","updatedBy":"18","elements":[{"type":"ContactFilterSegmentElement","id":"8138","depth":"complete","count":"1677","isIncluded":"true","lastCalculatedAt":"1439549875","filter":{"type":"ContactFilter","currentStatus":"Draft","id":"120026","createdAt":"1439549875","createdBy":"18","depth":"complete","folderId":"51","name":"Leads AAE","permissions":["Retrieve","SetSecurity","Delete","Update"],"updatedAt":"1491984448","updatedBy":"18","criteria":[{"type":"ContactFieldCriterion","id":"337309","condition":{"type":"TextValueCondition","operator":"equal","value":"Academia, Sciences & Education"},"fieldId":"100045"},{"type":"ContactFieldCriterion","id":"337310","condition":{"type":"DateRangeCondition","end":{"type":"AbsoluteDate","seconds":"1467323940"},"operator":"between","start":{"type":"AbsoluteDate","seconds":"1433109600"}},"fieldId":"100092"},{"type":"ContactFieldCriterion","id":"337311","condition":{"type":"TextValueCondition","operator":"equal","value":"Lead"},"fieldId":"100090"},{"type":"ContactFieldCriterion","id":"337312","condition":{"type":"DateRangeCondition","end":{"type":"AbsoluteDate","seconds":"1490997540"},"operator":"between","start":{"type":"AbsoluteDate","seconds":"1475272800"}},"fieldId":"100634"},{"type":"ContactFieldCriterion","id":"337313","condition":{"type":"TextSetCondition","operator":"in","optionListId":"20738","quickListString":"eCDB_duplicate_1611,eCDB_duplicate_1703"},"fieldId":"100090"},{"type":"ContactFieldCriterion","id":"337315","condition":{"type":"TextValueCondition","operator":"notEqual","value":"glf.elq"},"fieldId":"100461"}],"scope":"local","statement":"337309 AND 337310 AND 337315 AND ((337311 AND 337312) OR 337313)"}},{"type":"ContactFilterSegmentElement","id":"8139","depth":"complete","count":"279331","isIncluded":"true","lastCalculatedAt":"1439549876","filter":{"type":"ContactFilter","currentStatus":"Draft","id":"120027","createdAt":"1439549875","createdBy":"18","depth":"complete","folderId":"51","name":"# Contacts AAE","permissions":["Retrieve","SetSecurity","Delete","Update"],"updatedAt":"1491984448","updatedBy":"18","criteria":[{"type":"ContactFieldCriterion","id":"337316","condition":{"type":"TextValueCondition","operator":"equal","value":"Academia, Sciences & Education"},"fieldId":"100045"},{"type":"ContactFieldCriterion","id":"337317","condition":{"type":"DateRangeCondition","end":{"type":"AbsoluteDate","seconds":"1467323940"},"operator":"between","start":{"type":"AbsoluteDate","seconds":"1435701600"}},"fieldId":"100092"},{"type":"ContactFieldCriterion","id":"337318","condition":{"type":"TextValueCondition","operator":"notEqual","value":"glf.elq"},"fieldId":"100461"},{"type":"ContactFieldCriterion","id":"350691","condition":{"type":"TextSetCondition","operator":"notIn","optionListId":"15349","quickListString":"bioportfolio,sqfi,ifs,ta literature research"},"fieldId":"100044"}],"scope":"local","statement":"337316 AND 337317 AND 337318 AND 350691"}},{"type":"ContactFilterSegmentElement","id":"8140","depth":"complete","count":"79647","isIncluded":"true","lastCalculatedAt":"1439549876","filter":{"type":"ContactFilter","currentStatus":"Draft","id":"120028","createdAt":"1439549876","createdBy":"18","depth":"complete","folderId":"51","name":"Contacts Received Welcome","permissions":["Retrieve","SetSecurity","Delete","Update"],"updatedAt":"1491984448","updatedBy":"18","criteria":[{"type":"LinkedCustomObjectCriterion","id":"337319","customObjectId":"295","fieldConditions":[{"type":"FieldCondition","id":"367089","condition":{"type":"DateRangeCondition","end":{"type":"AbsoluteDate","seconds":"1483225140"},"operator":"between","start":{"type":"AbsoluteDate","seconds":"1475272800"}},"fieldId":"884"}]},{"type":"ContactFieldCriterion","id":"337321","condition":{"type":"TextValueCondition","operator":"equal","value":"Academia, Sciences & Education"},"fieldId":"100045"}],"scope":"local","statement":"337319 AND 337321"}},{"type":"ContactListSegmentElement","id":"14948","depth":"complete","count":"0","isIncluded":"true","lastCalculatedAt":"1484143975","list":{"type":"ContactList","currentStatus":"active","id":"12366","createdAt":"1484143929","createdBy":"20","depth":"complete","description":"Result from trimming filter # Contacts AAE with 1 element","folderId":"48","name":"Contacts not through welc","permissions":["Retrieve","SetSecurity","Delete","Update"],"updatedAt":"1491984448","updatedBy":"18","count":"155192","dataLookupId":"7c196493-89e9-4130-bc90-501efd8634b0","scope":"local"}},{"type":"ContactListSegmentElement","id":"14949","depth":"complete","count":"0","isIncluded":"true","lastCalculatedAt":"1484143975","list":{"type":"ContactList","currentStatus":"active","id":"12367","createdAt":"1484143955","createdBy":"20","depth":"complete","description":"Result from trimming filter Leads AAE with 1 element","folderId":"48","name":"Leads not through welc","permissions":["Retrieve","SetSecurity","Delete","Update"],"updatedAt":"1491984448","updatedBy":"18","count":"1156","dataLookupId":"1cf96187-6ae5-4fcd-b5af-c0103782aab0","scope":"local"}}],"isStale":"True"}