{"type":"ContactSegment","currentStatus":"Draft","depth":"complete","folderId":"1463","name":"Contacts PAB Nurturing","permissions":["Retrieve","SetSecurity","Delete","Update"],"updatedAt":"1491989025","updatedBy":"18","elements":[{"type":"ContactFilterSegmentElement","id":"8164","depth":"complete","count":"962","isIncluded":"true","lastCalculatedAt":"1439554944","filter":{"type":"ContactFilter","currentStatus":"Draft","id":"120048","createdAt":"1439554941","createdBy":"18","depth":"complete","folderId":"51","name":"Leads PAB","permissions":["Retrieve","SetSecurity","Delete","Update"],"updatedAt":"1491989025","updatedBy":"18","criteria":[{"type":"ContactFieldCriterion","id":"337408","condition":{"type":"TextValueCondition","operator":"equal","value":"Pharma and Biotechnology"},"fieldId":"100045"},{"type":"ContactFieldCriterion","id":"337409","condition":{"type":"DateRangeCondition","end":{"type":"AbsoluteDate","seconds":"1467323940"},"operator":"between","start":{"type":"AbsoluteDate","seconds":"1435701600"}},"fieldId":"100092"},{"type":"ContactFieldCriterion","id":"337410","condition":{"type":"TextValueCondition","operator":"equal","value":"Lead"},"fieldId":"100090"},{"type":"ContactFieldCriterion","id":"337411","condition":{"type":"DateRangeCondition","end":{"type":"AbsoluteDate","seconds":"1490997540"},"operator":"between","start":{"type":"AbsoluteDate","seconds":"1475272800"}},"fieldId":"100634"},{"type":"ContactFieldCriterion","id":"337412","condition":{"type":"TextValueCondition","operator":"equal","value":"eCDB_duplicate_1611"},"fieldId":"100090"},{"type":"ContactFieldCriterion","id":"337414","condition":{"type":"TextValueCondition","operator":"notEqual","value":"glf.elq"},"fieldId":"100461"},{"type":"ContactFieldCriterion","id":"374483","condition":{"type":"TextValueCondition","operator":"equal","value":"eCDB_duplicate_1703"},"fieldId":"100090"}],"scope":"local","statement":"337408 AND 337409 AND 337414 AND ((337410 AND 337411) OR 374483 OR 337412)"}},{"type":"ContactFilterSegmentElement","id":"8165","depth":"complete","count":"87041","isIncluded":"true","lastCalculatedAt":"1439554945","filter":{"type":"ContactFilter","currentStatus":"Draft","id":"120049","createdAt":"1439554944","createdBy":"18","depth":"complete","folderId":"51","name":"# Contacts PAB","permissions":["Retrieve","SetSecurity","Delete","Update"],"updatedAt":"1491989025","updatedBy":"18","criteria":[{"type":"ContactFieldCriterion","id":"337415","condition":{"type":"TextValueCondition","operator":"equal","value":"Pharma and Biotechnology"},"fieldId":"100045"},{"type":"ContactFieldCriterion","id":"337416","condition":{"type":"DateRangeCondition","end":{"type":"AbsoluteDate","seconds":"1467323940"},"operator":"between","start":{"type":"AbsoluteDate","seconds":"1435701600"}},"fieldId":"100092"},{"type":"ContactFieldCriterion","id":"337417","condition":{"type":"TextValueCondition","operator":"notEqual","value":"glf.elq"},"fieldId":"100461"}],"scope":"local","statement":"337415 AND 337416 AND 337417"}},{"type":"ContactFilterSegmentElement","id":"8166","depth":"complete","count":"547","isIncluded":"true","lastCalculatedAt":"1439554946","filter":{"type":"ContactFilter","currentStatus":"Draft","id":"120050","createdAt":"1439554945","createdBy":"18","depth":"complete","folderId":"51","name":"Contacts through Nrt","permissions":["Retrieve","SetSecurity","Delete","Update"],"updatedAt":"1491989025","updatedBy":"18","criteria":[{"type":"LinkedCustomObjectCriterion","id":"337418","customObjectId":"302","fieldConditions":[{"type":"FieldCondition","id":"367046","condition":{"type":"DateRangeCondition","end":{"type":"AbsoluteDate","seconds":"1483225140"},"operator":"between","start":{"type":"AbsoluteDate","seconds":"1475272800"}},"fieldId":"901"}]},{"type":"ContactFieldCriterion","id":"337420","condition":{"type":"TextValueCondition","operator":"equal","value":"Pharma and Biotechnology"},"fieldId":"100045"}],"scope":"local","statement":"337418 AND 337420"}},{"type":"ContactListSegmentElement","id":"14923","depth":"complete","count":"0","isIncluded":"true","lastCalculatedAt":"1484139660","list":{"type":"ContactList","currentStatus":"active","id":"12341","createdAt":"1484139626","createdBy":"20","depth":"complete","description":"Result from trimming filter # Contacts PAB with 1 element","folderId":"48","name":"# Contacts not through nurt","permissions":["Retrieve","SetSecurity","Delete","Update"],"updatedAt":"1491989025","updatedBy":"18","count":"59052","dataLookupId":"814fc0de-5b88-421a-8b3b-bf48d5a4bcbd","scope":"local"}},{"type":"ContactListSegmentElement","id":"14924","depth":"complete","count":"0","isIncluded":"true","lastCalculatedAt":"1484139660","list":{"type":"ContactList","currentStatus":"active","id":"12342","createdAt":"1484139637","createdBy":"20","depth":"complete","description":"Result from trimming filter Leads PAB with 1 element","folderId":"48","name":"# Leads not through nurt","permissions":["Retrieve","SetSecurity","Delete","Update"],"updatedAt":"1491989025","updatedBy":"18","count":"710","dataLookupId":"32de2c02-e48f-43c5-bb6b-422d1961c416","scope":"local"}}],"isStale":"True"}