{"type":"ContactSegment","currentStatus":"Active","depth":"complete","folderId":"1463","name":"SYSTEM - Phone Number Remove Inactive Contacts","permissions":["Retrieve","SetSecurity","Delete","Update"],"updatedAt":"1456598731","updatedBy":"20","elements":[{"type":"ContactListSegmentElement","id":"9900","depth":"complete","count":"2353","isIncluded":"true","lastCalculatedAt":"1456592872","list":{"type":"ContactList","currentStatus":"active","id":"8277","createdAt":"1427884066","createdBy":"20","depth":"complete","folderId":"9130","name":"SYSTEM - Phone Number Generic Cleaning Exceptions Phone1","permissions":["Retrieve","SetSecurity","Delete","Update"],"updatedAt":"1530623378","updatedBy":"58","count":"1119","dataLookupId":"1accd755-7bd7-466a-985f-a45ebc79656f","scope":"global"}},{"type":"ContactListSegmentElement","id":"9903","depth":"complete","count":"386","isIncluded":"true","lastCalculatedAt":"1456598715","list":{"type":"ContactList","currentStatus":"active","id":"8715","createdAt":"1434953093","createdBy":"20","depth":"complete","folderId":"9130","name":"SYSTEM - Phone Number Generic Cleaning Exceptions Phone2","permissions":["Retrieve","SetSecurity","Delete","Update"],"updatedAt":"1530623378","updatedBy":"58","count":"6184","dataLookupId":"6498e8d7-baae-4d4f-b58a-11f167a7c7c0","scope":"global"}},{"type":"ContactListSegmentElement","id":"9904","depth":"complete","count":"64284","isIncluded":"true","lastCalculatedAt":"1456598715","list":{"type":"ContactList","currentStatus":"active","id":"7862","createdAt":"1422885634","createdBy":"20","depth":"complete","folderId":"9130","name":"SYSTEM - Phone Number Country Cleaning Wrong Numbers Phone1","permissions":["Retrieve","SetSecurity","Delete","Update"],"updatedAt":"1530623378","updatedBy":"58","count":"51184","dataLookupId":"9dcc4e3b-c712-4ab1-a38d-02e2a1312430","scope":"global"}},{"type":"ContactListSegmentElement","id":"9905","depth":"complete","count":"24212","isIncluded":"true","lastCalculatedAt":"1456598715","list":{"type":"ContactList","currentStatus":"active","id":"7865","createdAt":"1422889542","createdBy":"20","depth":"complete","folderId":"9130","name":"SYSTEM - Phone Number Country Cleaning Wrong Numbers Phone2","permissions":["Retrieve","SetSecurity","Delete","Update"],"updatedAt":"1530623378","updatedBy":"58","count":"41869","dataLookupId":"2082fb5b-1b36-497e-b0e2-3f35ce74d052","scope":"global"}},{"type":"ContactFilterSegmentElement","id":"9906","depth":"complete","count":"64422","isIncluded":"false","lastCalculatedAt":"1456598715","filter":{"type":"ContactFilter","currentStatus":"Draft","id":"121266","createdAt":"1456598715","createdBy":"20","depth":"complete","folderId":"51","name":"Filter Criteria 1","permissions":["Retrieve","SetSecurity","Delete","Update"],"updatedAt":"1456598731","updatedBy":"20","criteria":[{"type":"ContactFieldCriterion","id":"345918","condition":{"type":"TextValueCondition","operator":"equal","value":"Active"},"fieldId":"100089"}],"scope":"local","statement":"345918"}}],"isStale":"True"}