{"type":"ContactSegment","currentStatus":"Draft","depth":"complete","folderId":"1463","name":"TMK_TM_XXXX_ROW_All_All_All_All_All_CCPNurturing","permissions":["Retrieve","SetSecurity","Delete","Update"],"updatedAt":"1522138056","updatedBy":"58","elements":[{"type":"ContactFilterSegmentElement","id":"21477","depth":"complete","count":"0","isIncluded":"true","lastCalculatedAt":"1517307275","filter":{"type":"ContactFilter","currentStatus":"Draft","id":"128031","createdAt":"1517307274","createdBy":"58","depth":"complete","folderId":"51","name":"Filter Criteria 1","permissions":["Retrieve","SetSecurity","Delete","Update"],"updatedAt":"1522138056","updatedBy":"58","criteria":[{"type":"EmailOpenCriterion","id":"390722","activityRestriction":{"type":"NumericValueCondition","operator":"notLess","value":"1"},"timeRestriction":{"type":"DateValueCondition","operator":"withinLast","value":{"type":"RelativeDate","offset":"7","timePeriod":"week"}}},{"type":"ContactFieldCriterion","id":"390723","condition":{"type":"TextSetCondition","operator":"in","optionListId":"23656","quickListString":"201802,201803,201804"},"fieldId":"100580"}],"scope":"local","statement":"390722 OR 390723"}},{"type":"ContactFilterSegmentElement","id":"21478","depth":"complete","count":"0","isIncluded":"false","lastCalculatedAt":"1517307275","filter":{"type":"ContactFilter","currentStatus":"Draft","id":"128032","createdAt":"1517307275","createdBy":"58","depth":"complete","folderId":"51","name":"Languages and Quaters","permissions":["Retrieve","SetSecurity","Delete","Update"],"updatedAt":"1522138056","updatedBy":"58","criteria":[{"type":"ContactFieldCriterion","id":"390724","condition":{"type":"TextValueCondition","operator":"notEqual","value":"Active"},"fieldId":"100089"},{"type":"ContactFieldCriterion","id":"390725","condition":{"type":"TextValueCondition","operator":"notBlank"},"fieldId":"100404"},{"type":"ContactFieldCriterion","id":"390726","condition":{"type":"TextValueCondition","operator":"notBlank"},"fieldId":"100770"},{"type":"ContactFieldCriterion","id":"390727","condition":{"type":"TextValueCondition","operator":"notBlank"},"fieldId":"100790"},{"type":"ContactFieldCriterion","id":"390728","condition":{"type":"TextValueCondition","operator":"notBlank"},"fieldId":"100791"},{"type":"ContactFieldCriterion","id":"390729","condition":{"type":"TextValueCondition","operator":"notBlank"},"fieldId":"100792"},{"type":"ContactFieldCriterion","id":"390730","condition":{"type":"TextValueCondition","operator":"blank"},"fieldId":"100013"},{"type":"ContactFieldCriterion","id":"390731","condition":{"type":"TextValueCondition","operator":"blank"},"fieldId":"100174"},{"type":"ContactFieldCriterion","id":"390732","condition":{"type":"TextSetCondition","operator":"notIn","optionListId":"23657","quickListString":"Austria,Belgium,Denmark,France,Germany,Italy,Norway,Scotland,Spain,Sweden,Switzerland,The Netherlands,United Kingdom,Brazil,Portugal,Russia"},"fieldId":"100012"},{"type":"ContactFieldCriterion","id":"390733","condition":{"type":"TextSetCondition","operator":"notIn","optionListId":"23658","quickListString":"English,French,German,Italian,Spanish,Russian,Portuguese,Polish"},"fieldId":"100431"},{"type":"ContactFieldCriterion","id":"390734","condition":{"type":"TextValueCondition","operator":"notBlank"},"fieldId":"100789"},{"type":"ContactFieldCriterion","id":"390735","condition":{"type":"TextValueCondition","operator":"equal","value":"glf.elq"},"fieldId":"100461"}],"scope":"local","statement":"390732 OR 390733 OR 390724 OR 390725 OR 390726 OR 390729 OR 390728 OR 390727 OR 390734 OR (390730 AND 390731) OR 390735"}},{"type":"ContactListSegmentElement","id":"21479","depth":"complete","count":"0","isIncluded":"false","lastCalculatedAt":"1517307275","list":{"type":"ContactList","currentStatus":"active","id":"8277","createdAt":"1427884066","createdBy":"20","depth":"complete","folderId":"9130","name":"SYSTEM - Phone Number Generic Cleaning Exceptions Phone1","permissions":["Retrieve","SetSecurity","Delete","Update"],"updatedAt":"1530623378","updatedBy":"58","count":"1119","dataLookupId":"1accd755-7bd7-466a-985f-a45ebc79656f","scope":"global"}},{"type":"ContactListSegmentElement","id":"21480","depth":"complete","count":"0","isIncluded":"false","lastCalculatedAt":"1517307275","list":{"type":"ContactList","currentStatus":"active","id":"8715","createdAt":"1434953093","createdBy":"20","depth":"complete","folderId":"9130","name":"SYSTEM - Phone Number Generic Cleaning Exceptions Phone2","permissions":["Retrieve","SetSecurity","Delete","Update"],"updatedAt":"1530623378","updatedBy":"58","count":"6184","dataLookupId":"6498e8d7-baae-4d4f-b58a-11f167a7c7c0","scope":"global"}},{"type":"ContactListSegmentElement","id":"21481","depth":"complete","count":"0","isIncluded":"false","lastCalculatedAt":"1517307275","list":{"type":"ContactList","currentStatus":"active","id":"7862","createdAt":"1422885634","createdBy":"20","depth":"complete","folderId":"9130","name":"SYSTEM - Phone Number Country Cleaning Wrong Numbers Phone1","permissions":["Retrieve","SetSecurity","Delete","Update"],"updatedAt":"1530623378","updatedBy":"58","count":"51184","dataLookupId":"9dcc4e3b-c712-4ab1-a38d-02e2a1312430","scope":"global"}},{"type":"ContactListSegmentElement","id":"21482","depth":"complete","count":"0","isIncluded":"false","lastCalculatedAt":"1517307275","list":{"type":"ContactList","currentStatus":"active","id":"7865","createdAt":"1422889542","createdBy":"20","depth":"complete","folderId":"9130","name":"SYSTEM - Phone Number Country Cleaning Wrong Numbers Phone2","permissions":["Retrieve","SetSecurity","Delete","Update"],"updatedAt":"1530623378","updatedBy":"58","count":"41869","dataLookupId":"2082fb5b-1b36-497e-b0e2-3f35ce74d052","scope":"global"}},{"type":"ContactFilterSegmentElement","id":"21483","depth":"complete","count":"0","isIncluded":"false","lastCalculatedAt":"1517307275","filter":{"type":"ContactFilter","currentStatus":"Draft","id":"125498","createdAt":"1490960803","createdBy":"55","depth":"complete","folderId":"400","name":"Industry Exclusion","permissions":["Retrieve","SetSecurity","Delete","Update"],"updatedAt":"1530623378","updatedBy":"58","criteria":[{"type":"ContactFieldCriterion","id":"373476","condition":{"type":"TextValueCondition","operator":"equal","value":"Transport and Logistics"},"fieldId":"100045"},{"type":"ContactFieldCriterion","id":"373477","condition":{"type":"TextValueCondition","operator":"equal","value":"Utilities and Municipalities"},"fieldId":"100045"},{"type":"ContactFieldCriterion","id":"373478","condition":{"type":"TextValueCondition","operator":"equal","value":"Retail"},"fieldId":"100045"},{"type":"ContactFieldCriterion","id":"373479","condition":{"type":"TextValueCondition","operator":"equal","value":"Pulp, Paper and Textile"},"fieldId":"100045"}],"scope":"global","statement":"373476 OR 373477 OR 373478 OR 373479"}},{"type":"ContactFilterSegmentElement","id":"21484","depth":"complete","count":"0","isIncluded":"false","lastCalculatedAt":"1517307275","filter":{"type":"ContactFilter","currentStatus":"Draft","id":"125499","createdAt":"1490960826","createdBy":"55","depth":"complete","folderId":"400","name":"Workplace Exclusion","permissions":["Retrieve","SetSecurity","Delete","Update"],"updatedAt":"1530623378","updatedBy":"58","criteria":[{"type":"ContactFieldCriterion","id":"373480","condition":{"type":"TextValueCondition","operator":"equal","value":"Sales, Marketing and Merchandising"},"fieldId":"100084"},{"type":"ContactFieldCriterion","id":"373481","condition":{"type":"TextValueCondition","operator":"equal","value":"Others"},"fieldId":"100084"},{"type":"ContactFieldCriterion","id":"373482","condition":{"type":"TextValueCondition","operator":"equal","value":"Maintenance and Service"},"fieldId":"100084"},{"type":"ContactFieldCriterion","id":"373483","condition":{"type":"TextValueCondition","operator":"equal","value":"IT / Information Technology"},"fieldId":"100084"}],"scope":"global","statement":"373480 OR 373481 OR 373482 OR 373483"}},{"type":"ContactFilterSegmentElement","id":"21493","depth":"complete","count":"0","isIncluded":"false","lastCalculatedAt":"1517310274","filter":{"type":"ContactFilter","currentStatus":"Draft","id":"128045","createdAt":"1517310200","createdBy":"58","depth":"complete","folderId":"400","name":"TM_Status exclude","permissions":["Retrieve","SetSecurity","Delete","Update"],"updatedAt":"1530623378","updatedBy":"58","criteria":[{"type":"ContactFieldCriterion","id":"390755","condition":{"type":"TextValueCondition","operator":"equal","value":"Contact does not exist"},"fieldId":"100106"},{"type":"ContactFieldCriterion","id":"390756","condition":{"type":"TextValueCondition","operator":"equal","value":"Irrelevant Industry"},"fieldId":"100106"},{"type":"ContactFieldCriterion","id":"390757","condition":{"type":"TextValueCondition","operator":"equal","value":"Irrelevant Workplace"},"fieldId":"100106"},{"type":"ContactFieldCriterion","id":"390758","condition":{"type":"TextValueCondition","operator":"equal","value":"Wrong Number"},"fieldId":"100106"},{"type":"ContactFieldCriterion","id":"390759","condition":{"type":"TextValueCondition","operator":"equal","value":"Unsubscribe"},"fieldId":"100106"}],"scope":"global","statement":"390755 OR 390756 OR 390757 OR 390758 OR 390759"}}],"isStale":"True"}