{"type":"ContactSegment","currentStatus":"Draft","depth":"complete","folderId":"1463","name":"ENQ_XXXX_All_All_All_All_All_All_Pre-Dormant Selection","permissions":["Retrieve","SetSecurity","Delete","Update"],"updatedAt":"1527518542","updatedBy":"53","elements":[{"type":"ContactFilterSegmentElement","id":"19289","depth":"complete","count":"0","isIncluded":"true","lastCalculatedAt":"1499683020","filter":{"type":"ContactFilter","currentStatus":"Draft","id":"126414","createdAt":"1499683020","createdBy":"53","depth":"complete","description":"*** TopKA included ***","folderId":"51","name":"Pre Dormant Selection","permissions":["Retrieve","SetSecurity","Delete","Update"],"updatedAt":"1527518542","updatedBy":"53","criteria":[{"type":"ContactFieldCriterion","id":"379284","condition":{"type":"TextValueCondition","operator":"equal","value":"Active"},"fieldId":"100089"},{"type":"ContactFieldCriterion","id":"379285","condition":{"type":"TextSetCondition","operator":"notIn","optionListId":"21356","quickListString":"Bioportfolio,IFS,TA Literature Research,SQFI"},"fieldId":"100044"},{"type":"ContactFieldCriterion","id":"379286","condition":{"type":"TextValueCondition","operator":"notEqual","value":"glf.elq"},"fieldId":"100461"},{"type":"ContactFieldCriterion","id":"379287","condition":{"type":"DateValueCondition","operator":"notWithinLast","value":{"type":"RelativeDate","offset":"24","timePeriod":"month"}},"fieldId":"100092"},{"type":"ContactFieldCriterion","id":"379288","condition":{"type":"TextValueCondition","operator":"blank"},"fieldId":"100493"},{"type":"LeadScoreCriterion","id":"379289","condition":{"type":"LeadScoreModelCondition","contactModelDefinitionId":"7","leadScoreEngagementValue":["4"],"leadScoreProfileValue":["A","B","C","D"],"operator":"equal"}},{"type":"EmailSentCriterion","id":"379290","activityRestriction":{"type":"NumericValueCondition","operator":"notLess","value":"8"},"timeRestriction":{"type":"DateValueCondition","operator":"withinLast","value":{"type":"RelativeDate","offset":"12","timePeriod":"month"}}},{"type":"EmailOpenCriterion","id":"379291","activityRestriction":{"type":"ZeroCondition"},"timeRestriction":{"type":"DateValueCondition","operator":"withinLast","value":{"type":"RelativeDate","offset":"12","timePeriod":"month"}}},{"type":"EmailClickThroughCriterion","id":"379292","activityRestriction":{"type":"ZeroCondition"},"timeRestriction":{"type":"DateValueCondition","operator":"withinLast","value":{"type":"RelativeDate","offset":"12","timePeriod":"month"}}},{"type":"SoftBouncebackCriterion","id":"379293","hasStatus":"False","timeRestriction":{"type":"DateValueCondition","operator":"withinLast","value":{"type":"RelativeDate","offset":"12","timePeriod":"month"}}}],"scope":"local","statement":"379284 AND 379285 AND 379286 AND 379287 AND 379288 AND 379289 AND 379290 AND 379291 AND 379292 AND 379293"}},{"type":"ContactFilterSegmentElement","id":"21966","depth":"complete","count":"0","isIncluded":"false","lastCalculatedAt":"1520584408","filter":{"type":"ContactFilter","currentStatus":"Draft","id":"128339","createdAt":"1520584408","createdBy":"53","depth":"complete","folderId":"51","name":"Already entered Pre-Dormant","permissions":["Retrieve","SetSecurity","Delete","Update"],"updatedAt":"1527518542","updatedBy":"53","criteria":[{"type":"EmailSentCriterion","id":"392750","activityRestriction":{"type":"NumericValueCondition","operator":"notLess","value":"1"},"timeRestriction":{"type":"DateValueCondition","operator":"withinLast","value":{"type":"RelativeDate","offset":"12","timePeriod":"month"}},"campaignIds":["4814","4873","4898"]}],"scope":"local","statement":"392750"}},{"type":"ContactFilterSegmentElement","id":"22960","depth":"complete","count":"0","isIncluded":"false","lastCalculatedAt":"1527518542","filter":{"type":"ContactFilter","currentStatus":"Draft","id":"128938","createdAt":"1527518542","createdBy":"53","depth":"complete","folderId":"51","name":"Filter Criteria 1","permissions":["Retrieve","SetSecurity","Delete","Update"],"updatedAt":"1527518542","updatedBy":"53","criteria":[{"type":"EmailSentCriterion","id":"396533","activityRestriction":{"type":"NumericValueCondition","operator":"notLess","value":"1"},"timeRestriction":{"type":"DateValueCondition","operator":"withinLast","value":{"type":"RelativeDate","offset":"12","timePeriod":"month"}},"emailGroupIds":["15"]}],"scope":"local","statement":"396533"}}],"isStale":"True"}