{"type":"ContactSegment","currentStatus":"Draft","depth":"complete","folderId":"1463","name":"TMK_TM_XXXX_EU_All_All_All_All_All_TopDialogNurturing","permissions":["Retrieve","SetSecurity","Delete","Update"],"updatedAt":"1519990477","updatedBy":"58","elements":[{"type":"ContactFilterSegmentElement","id":"21520","depth":"complete","count":"0","isIncluded":"true","lastCalculatedAt":"1517311011","filter":{"type":"ContactFilter","currentStatus":"Draft","id":"128053","createdAt":"1517311011","createdBy":"58","depth":"complete","folderId":"51","name":"Filter Criteria 1","permissions":["Retrieve","SetSecurity","Delete","Update"],"updatedAt":"1519990477","updatedBy":"58","criteria":[{"type":"ContactFieldCriterion","id":"390810","condition":{"type":"TextValueCondition","operator":"notBlank"},"fieldId":"100013"},{"type":"EmailOpenCriterion","id":"390811","activityRestriction":{"type":"NumericValueCondition","operator":"notLess","value":"1"},"timeRestriction":{"type":"DateValueCondition","operator":"withinLast","value":{"type":"RelativeDate","offset":"7","timePeriod":"week"}}},{"type":"ContactFieldCriterion","id":"390812","condition":{"type":"TextSetCondition","operator":"in","optionListId":"23668","quickListString":"201801,201802,201803,201804,201805"},"fieldId":"100580"},{"type":"ContactFieldCriterion","id":"390813","condition":{"type":"TextValueCondition","operator":"notBlank"},"fieldId":"100174"},{"type":"ContactFieldCriterion","id":"390814","condition":{"type":"TextValueCondition","operator":"blank"},"fieldId":"100792"},{"type":"ContactFieldCriterion","id":"390815","condition":{"type":"TextValueCondition","operator":"blank"},"fieldId":"100791"},{"type":"ContactFieldCriterion","id":"390816","condition":{"type":"TextValueCondition","operator":"blank"},"fieldId":"100789"},{"type":"ContactFieldCriterion","id":"390817","condition":{"type":"TextValueCondition","operator":"blank"},"fieldId":"100790"}],"scope":"local","statement":"390814 AND 390815 AND 390817 AND 390816 AND (390810 OR 390813) AND (390811 OR 390812)"}},{"type":"ContactFilterSegmentElement","id":"21521","depth":"complete","count":"0","isIncluded":"false","lastCalculatedAt":"1517311011","filter":{"type":"ContactFilter","currentStatus":"Draft","id":"128054","createdAt":"1517311011","createdBy":"58","depth":"complete","folderId":"51","name":"Filter Criteria 2","permissions":["Retrieve","SetSecurity","Delete","Update"],"updatedAt":"1519990477","updatedBy":"58","criteria":[{"type":"ContactFieldCriterion","id":"390818","condition":{"type":"TextValueCondition","operator":"notEqual","value":"Active"},"fieldId":"100089"},{"type":"ContactFieldCriterion","id":"390820","condition":{"type":"TextSetCondition","operator":"notIn","optionListId":"23670","quickListString":"English,French,German,Italian"},"fieldId":"100431"},{"type":"ContactFieldCriterion","id":"390821","condition":{"type":"TextSetCondition","operator":"notIn","optionListId":"23671","quickListString":"Austria,Belgium,Denmark,France,Germany,Italy,Norway,Sweden,Switzerland,The Netherlands,United Kingdom"},"fieldId":"100012"},{"type":"ContactFieldCriterion","id":"390822","condition":{"type":"TextValueCondition","operator":"contains","value":"invalid"},"fieldId":"100493"},{"type":"ContactFieldCriterion","id":"390823","condition":{"type":"TextValueCondition","operator":"notBlank"},"fieldId":"100404"},{"type":"ContactFieldCriterion","id":"390824","condition":{"type":"TextValueCondition","operator":"notBlank"},"fieldId":"100770"},{"type":"ContactFieldCriterion","id":"390825","condition":{"type":"TextValueCondition","operator":"equal","value":"glf.elq"},"fieldId":"100461"}],"scope":"local","statement":"390818 OR 390820 OR 390821 OR 390822 OR 390823 OR 390824 OR 390825"}},{"type":"ContactListSegmentElement","id":"21522","depth":"complete","count":"0","isIncluded":"false","lastCalculatedAt":"1517311011","list":{"type":"ContactList","currentStatus":"active","id":"8277","createdAt":"1427884066","createdBy":"20","depth":"complete","folderId":"9130","name":"SYSTEM - Phone Number Generic Cleaning Exceptions Phone1","permissions":["Retrieve","SetSecurity","Delete","Update"],"updatedAt":"1530623378","updatedBy":"58","count":"1119","dataLookupId":"1accd755-7bd7-466a-985f-a45ebc79656f","scope":"global"}},{"type":"ContactListSegmentElement","id":"21523","depth":"complete","count":"0","isIncluded":"false","lastCalculatedAt":"1517311011","list":{"type":"ContactList","currentStatus":"active","id":"8715","createdAt":"1434953093","createdBy":"20","depth":"complete","folderId":"9130","name":"SYSTEM - Phone Number Generic Cleaning Exceptions Phone2","permissions":["Retrieve","SetSecurity","Delete","Update"],"updatedAt":"1530623378","updatedBy":"58","count":"6184","dataLookupId":"6498e8d7-baae-4d4f-b58a-11f167a7c7c0","scope":"global"}},{"type":"ContactListSegmentElement","id":"21524","depth":"complete","count":"0","isIncluded":"false","lastCalculatedAt":"1517311011","list":{"type":"ContactList","currentStatus":"active","id":"7862","createdAt":"1422885634","createdBy":"20","depth":"complete","folderId":"9130","name":"SYSTEM - Phone Number Country Cleaning Wrong Numbers Phone1","permissions":["Retrieve","SetSecurity","Delete","Update"],"updatedAt":"1530623378","updatedBy":"58","count":"51184","dataLookupId":"9dcc4e3b-c712-4ab1-a38d-02e2a1312430","scope":"global"}},{"type":"ContactListSegmentElement","id":"21525","depth":"complete","count":"0","isIncluded":"false","lastCalculatedAt":"1517311011","list":{"type":"ContactList","currentStatus":"active","id":"7865","createdAt":"1422889542","createdBy":"20","depth":"complete","folderId":"9130","name":"SYSTEM - Phone Number Country Cleaning Wrong Numbers Phone2","permissions":["Retrieve","SetSecurity","Delete","Update"],"updatedAt":"1530623378","updatedBy":"58","count":"41869","dataLookupId":"2082fb5b-1b36-497e-b0e2-3f35ce74d052","scope":"global"}},{"type":"ContactFilterSegmentElement","id":"21526","depth":"complete","count":"0","isIncluded":"false","lastCalculatedAt":"1517311011","filter":{"type":"ContactFilter","currentStatus":"Draft","id":"125498","createdAt":"1490960803","createdBy":"55","depth":"complete","folderId":"400","name":"Industry Exclusion","permissions":["Retrieve","SetSecurity","Delete","Update"],"updatedAt":"1530623378","updatedBy":"58","criteria":[{"type":"ContactFieldCriterion","id":"373476","condition":{"type":"TextValueCondition","operator":"equal","value":"Transport and Logistics"},"fieldId":"100045"},{"type":"ContactFieldCriterion","id":"373477","condition":{"type":"TextValueCondition","operator":"equal","value":"Utilities and Municipalities"},"fieldId":"100045"},{"type":"ContactFieldCriterion","id":"373478","condition":{"type":"TextValueCondition","operator":"equal","value":"Retail"},"fieldId":"100045"},{"type":"ContactFieldCriterion","id":"373479","condition":{"type":"TextValueCondition","operator":"equal","value":"Pulp, Paper and Textile"},"fieldId":"100045"}],"scope":"global","statement":"373476 OR 373477 OR 373478 OR 373479"}},{"type":"ContactFilterSegmentElement","id":"21527","depth":"complete","count":"0","isIncluded":"false","lastCalculatedAt":"1517311011","filter":{"type":"ContactFilter","currentStatus":"Draft","id":"125499","createdAt":"1490960826","createdBy":"55","depth":"complete","folderId":"400","name":"Workplace Exclusion","permissions":["Retrieve","SetSecurity","Delete","Update"],"updatedAt":"1530623378","updatedBy":"58","criteria":[{"type":"ContactFieldCriterion","id":"373480","condition":{"type":"TextValueCondition","operator":"equal","value":"Sales, Marketing and Merchandising"},"fieldId":"100084"},{"type":"ContactFieldCriterion","id":"373481","condition":{"type":"TextValueCondition","operator":"equal","value":"Others"},"fieldId":"100084"},{"type":"ContactFieldCriterion","id":"373482","condition":{"type":"TextValueCondition","operator":"equal","value":"Maintenance and Service"},"fieldId":"100084"},{"type":"ContactFieldCriterion","id":"373483","condition":{"type":"TextValueCondition","operator":"equal","value":"IT / Information Technology"},"fieldId":"100084"}],"scope":"global","statement":"373480 OR 373481 OR 373482 OR 373483"}},{"type":"ContactFilterSegmentElement","id":"21536","depth":"complete","count":"0","isIncluded":"false","lastCalculatedAt":"1517311136","filter":{"type":"ContactFilter","currentStatus":"Draft","id":"128045","createdAt":"1517310200","createdBy":"58","depth":"complete","folderId":"400","name":"TM_Status exclude","permissions":["Retrieve","SetSecurity","Delete","Update"],"updatedAt":"1530623378","updatedBy":"58","criteria":[{"type":"ContactFieldCriterion","id":"390755","condition":{"type":"TextValueCondition","operator":"equal","value":"Contact does not exist"},"fieldId":"100106"},{"type":"ContactFieldCriterion","id":"390756","condition":{"type":"TextValueCondition","operator":"equal","value":"Irrelevant Industry"},"fieldId":"100106"},{"type":"ContactFieldCriterion","id":"390757","condition":{"type":"TextValueCondition","operator":"equal","value":"Irrelevant Workplace"},"fieldId":"100106"},{"type":"ContactFieldCriterion","id":"390758","condition":{"type":"TextValueCondition","operator":"equal","value":"Wrong Number"},"fieldId":"100106"},{"type":"ContactFieldCriterion","id":"390759","condition":{"type":"TextValueCondition","operator":"equal","value":"Unsubscribe"},"fieldId":"100106"}],"scope":"global","statement":"390755 OR 390756 OR 390757 OR 390758 OR 390759"}}],"isStale":"True"}