{"type":"ContactSegment","currentStatus":"Draft","depth":"complete","folderId":"1463","name":"FSX_CQX_PQX_Unsubscribe","permissions":["Retrieve","SetSecurity","Delete","Update"],"updatedAt":"1529302196","updatedBy":"56","elements":[{"type":"ContactFilterSegmentElement","id":"11922","depth":"complete","count":"110","isIncluded":"true","lastCalculatedAt":"1467715552","filter":{"type":"ContactFilter","currentStatus":"Draft","id":"122581","createdAt":"1467715552","createdBy":"55","depth":"complete","folderId":"51","name":"Filter Criteria 1","permissions":["Retrieve","SetSecurity","Delete","Update"],"updatedAt":"1529302196","updatedBy":"56","criteria":[{"type":"UnsubscriptionCriterion","id":"358670","emailGroupIds":["18"],"timeRestriction":{"type":"DateValueCondition","operator":"withinLast","value":{"type":"RelativeDate","offset":"360","timePeriod":"day"}}},{"type":"EmailSentCriterion","id":"375681","activityRestriction":{"type":"NumericValueCondition","operator":"notLess","value":"1"},"timeRestriction":{"type":"DateRangeCondition","end":{"type":"AbsoluteDate","seconds":"1529186340"},"operator":"between","start":{"type":"AbsoluteDate","seconds":"1522533600"}},"emailIds":["34544"]}],"scope":"local","statement":"358670 AND 375681"}}],"isStale":"True"}