{"type":"ContactSegment","currentStatus":"Draft","depth":"complete","folderId":"1463","name":"TeleQueue - Remove from CDO","permissions":["Retrieve","SetSecurity","Delete","Update"],"updatedAt":"1501861877","updatedBy":"58","elements":[{"type":"ContactListSegmentElement","id":"19563","depth":"complete","count":"0","isIncluded":"true","lastCalculatedAt":"1501859768","list":{"type":"ContactList","currentStatus":"active","id":"17091","createdAt":"1501859062","createdBy":"58","depth":"complete","folderId":"17484","name":"TeleQueue Remove from CDO","permissions":["Retrieve","SetSecurity","Delete","Update"],"updatedAt":"1528101262","updatedBy":"58","count":"1","dataLookupId":"9024c961-1085-4ee9-b429-27e3ee6f0f91","scope":"global"}}],"isStale":"True"}