{"type":"ContactSegment","currentStatus":"Draft","depth":"complete","folderId":"1463","name":"App1_Corrected","permissions":["Retrieve","SetSecurity","Delete","Update"],"updatedAt":"1491821469","updatedBy":"18","elements":[{"type":"ContactFilterSegmentElement","id":"2690","depth":"complete","count":"63766","isIncluded":"true","lastCalculatedAt":"1393313886","filter":{"type":"ContactFilter","currentStatus":"Draft","id":"116019","createdAt":"1393313886","createdBy":"18","depth":"complete","folderId":"51","name":"App1 Not Corrected","permissions":["Retrieve","SetSecurity","Delete","Update"],"updatedAt":"1491821469","updatedBy":"18","criteria":[{"type":"ContactFieldCriterion","id":"312258","condition":{"type":"TextValueCondition","operator":"equal","value":"Active"},"fieldId":"100089"},{"type":"ContactFieldCriterion","id":"312259","condition":{"type":"TextValueCondition","operator":"equal","value":"Chemical"},"fieldId":"100045"},{"type":"ContactFieldCriterion","id":"312260","condition":{"type":"TextValueCondition","operator":"notBlank"},"fieldId":"100464"},{"type":"ContactFieldCriterion","id":"312261","condition":{"type":"TextValueCondition","operator":"notBlank"},"fieldId":"100465"},{"type":"ContactFieldCriterion","id":"312262","condition":{"type":"TextValueCondition","operator":"notBlank"},"fieldId":"100467"},{"type":"ContactFieldCriterion","id":"312263","condition":{"type":"TextValueCondition","operator":"notBlank"},"fieldId":"100469"},{"type":"ContactFieldCriterion","id":"312264","condition":{"type":"TextValueCondition","operator":"notBlank"},"fieldId":"100466"},{"type":"ContactFieldCriterion","id":"312265","condition":{"type":"TextValueCondition","operator":"notBlank"},"fieldId":"100631"},{"type":"ContactFieldCriterion","id":"312266","condition":{"type":"TextValueCondition","operator":"notBlank"},"fieldId":"100470"},{"type":"ContactFieldCriterion","id":"312267","condition":{"type":"TextValueCondition","operator":"notBlank"},"fieldId":"100468"},{"type":"ContactFieldCriterion","id":"312268","condition":{"type":"DateValueCondition","operator":"less","value":{"type":"AbsoluteDate","seconds":"1483225200"}},"fieldId":"100092"},{"type":"ContactFieldCriterion","id":"312269","condition":{"type":"TextSetCondition","operator":"notIn","optionListId":"8992","quickListString":"Dealers and Distributors,Retail,IT / Information Technology,Others"},"fieldId":"100084"},{"type":"ContactFieldCriterion","id":"312270","condition":{"type":"TextValueCondition","operator":"notEqual","value":"Sales, Marketing and Merchandising"},"fieldId":"100084"},{"type":"ContactFieldCriterion","id":"312271","condition":{"type":"TextValueCondition","operator":"notEqual","value":"Procurement, Finance and Admin"},"fieldId":"100084"},{"type":"ContactFieldCriterion","id":"312272","condition":{"type":"DateRangeCondition","end":{"type":"AbsoluteDate","seconds":"1490997540"},"operator":"between","start":{"type":"AbsoluteDate","seconds":"1459461600"}},"fieldId":"100634"}],"scope":"local","statement":"(312258 OR 312272) AND 312268 AND 312269 AND 312271 AND 312270 AND 312259 AND (312260 OR 312261 OR 312262 OR 312263 OR 312264 OR 312267 OR 312266 OR 312265)"}},{"type":"ContactFilterSegmentElement","id":"2691","depth":"complete","count":"15395","isIncluded":"false","lastCalculatedAt":"1393313886","filter":{"type":"ContactFilter","currentStatus":"Draft","id":"116020","createdAt":"1393313886","createdBy":"18","depth":"complete","folderId":"51","name":"Filter Criteria 1","permissions":["Retrieve","SetSecurity","Delete","Update"],"updatedAt":"1491821469","updatedBy":"18","criteria":[{"type":"ContactFieldCriterion","id":"312273","condition":{"type":"TextValueCondition","operator":"equal","value":"glf.elq"},"fieldId":"100461"}],"scope":"local","statement":"312273"}}],"isStale":"True"}