{"type":"ContactSegment","currentStatus":"Draft","depth":"complete","folderId":"1463","name":"Append_Function_MissingValues_Monthly","permissions":["Retrieve","SetSecurity","Delete","Update"],"updatedAt":"1528891214","updatedBy":"20","elements":[{"type":"ContactFilterSegmentElement","id":"11235","depth":"complete","count":"95411","isIncluded":"true","lastCalculatedAt":"1463039883","filter":{"type":"ContactFilter","currentStatus":"Draft","id":"122169","createdAt":"1463039883","createdBy":"20","depth":"complete","folderId":"51","name":"Filter Criteria 1","permissions":["Retrieve","SetSecurity","Delete","Update"],"updatedAt":"1528891214","updatedBy":"20","criteria":[{"type":"ContactFieldCriterion","id":"352150","condition":{"type":"TextValueCondition","operator":"equal","value":"Active"},"fieldId":"100089"},{"type":"ContactFieldCriterion","id":"365833","condition":{"type":"TextValueCondition","operator":"blank"},"fieldId":"100048"},{"type":"ContactFieldCriterion","id":"377272","condition":{"type":"TextValueCondition","operator":"blank"},"fieldId":"100084"}],"scope":"local","statement":"352150 AND (365833 OR 377272)"}},{"type":"ContactListSegmentElement","id":"21450","depth":"complete","count":"0","isIncluded":"false","lastCalculatedAt":"1517296978","list":{"type":"ContactList","currentStatus":"active","id":"17663","createdAt":"1511767590","createdBy":"18","depth":"complete","folderId":"18149","name":"SYSTEM - GNF Cold Leads Send for Append","permissions":["Retrieve","SetSecurity","Delete","Update"],"updatedAt":"1530694713","updatedBy":"18","count":"18083","dataLookupId":"719182b6-0c0e-4eb6-ac06-099ea1127c7c","scope":"global"}},{"type":"ContactFilterSegmentElement","id":"22115","depth":"complete","count":"0","isIncluded":"false","lastCalculatedAt":"1522052796","filter":{"type":"ContactFilter","currentStatus":"Draft","id":"128428","createdAt":"1522052796","createdBy":"20","depth":"complete","folderId":"51","name":"Filter Criteria 11","permissions":["Retrieve","SetSecurity","Delete","Update"],"updatedAt":"1528891214","updatedBy":"20","criteria":[{"type":"LinkedCustomObjectCriterion","id":"393234","customObjectId":"320","fieldConditions":[{"type":"FieldCondition","id":"397215","condition":{"type":"DateRangeCondition","end":{"type":"AbsoluteDate","seconds":"1529013540"},"operator":"between","start":{"type":"AbsoluteDate","seconds":"1528754400"}},"fieldId":"1047"}]}],"scope":"local","statement":"393234"}},{"type":"ContactFilterSegmentElement","id":"22116","depth":"complete","count":"0","isIncluded":"false","lastCalculatedAt":"1522053837","filter":{"type":"ContactFilter","currentStatus":"Draft","id":"128429","createdAt":"1522053837","createdBy":"20","depth":"complete","folderId":"51","name":"Master_ID is blank","permissions":["Retrieve","SetSecurity","Delete","Update"],"updatedAt":"1528891214","updatedBy":"20","criteria":[{"type":"ContactFieldCriterion","id":"393235","condition":{"type":"NumericValueCondition","operator":"less","value":"1"},"fieldId":"100087"}],"scope":"local","statement":"393235"}},{"type":"ContactFilterSegmentElement","id":"23140","depth":"complete","count":"0","isIncluded":"false","lastCalculatedAt":"1528882041","filter":{"type":"ContactFilter","currentStatus":"Draft","id":"129029","createdAt":"1528882041","createdBy":"20","depth":"complete","folderId":"51","name":"Filter Criteria 12","permissions":["Retrieve","SetSecurity","Delete","Update"],"updatedAt":"1528891214","updatedBy":"20","criteria":[{"type":"ContactFieldCriterion","id":"397216","condition":{"type":"TextSetCondition","operator":"in","optionListId":"24970","quickListString":"UK,Southern Europe,Western Europe,DACH,Nordic,Central Europe,Eastern Europe,Northern Europe"},"fieldId":"100068"},{"type":"ContactFieldCriterion","id":"397217","condition":{"type":"TextValueCondition","operator":"blank"},"fieldId":"100068"}],"scope":"local","statement":"397216 OR 397217"}},{"type":"ContactFilterSegmentElement","id":"23141","depth":"complete","count":"0","isIncluded":"false","lastCalculatedAt":"1528882939","filter":{"type":"ContactFilter","currentStatus":"Draft","id":"129031","createdAt":"1528882939","createdBy":"20","depth":"complete","folderId":"51","name":"Filter Criteria 13","permissions":["Retrieve","SetSecurity","Delete","Update"],"updatedAt":"1528891214","updatedBy":"20","criteria":[{"type":"LinkedCustomObjectCriterion","id":"397219","customObjectId":"320","fieldConditions":[{"type":"FieldCondition","id":"397220","condition":{"type":"DateValueCondition","operator":"withinLast","value":{"type":"RelativeDate","offset":"12","timePeriod":"month"}},"fieldId":"1466"}]}],"scope":"local","statement":"397219"}}],"isStale":"True"}