{"type":"ContactSegment","currentStatus":"Draft","depth":"complete","folderId":"1463","name":"Scheduled callback not blank","permissions":["Retrieve","SetSecurity","Delete","Update"],"updatedAt":"1501854103","updatedBy":"58","elements":[{"type":"ContactFilterSegmentElement","id":"19561","depth":"complete","count":"0","isIncluded":"true","lastCalculatedAt":"1501853935","filter":{"type":"ContactFilter","currentStatus":"Draft","id":"126588","createdAt":"1501853935","createdBy":"58","depth":"complete","folderId":"51","name":"Filter Criteria 1","permissions":["Retrieve","SetSecurity","Delete","Update"],"updatedAt":"1501854103","updatedBy":"58","criteria":[{"type":"LinkedCustomObjectCriterion","id":"380555","customObjectId":"322","fieldConditions":[{"type":"FieldCondition","id":"380554","condition":{"type":"DateValueCondition","operator":"less","value":{"type":"AbsoluteDate","seconds":"1501797600"}},"fieldId":"1123"},{"type":"FieldCondition","id":"380556","condition":{"type":"TextValueCondition","operator":"equal","value":"NurturingEnglish"},"fieldId":"1119"}]}],"scope":"local","statement":"380555"}}],"isStale":"True"}