{"type":"ContactSegment","currentStatus":"Draft","depth":"complete","folderId":"1463","name":"Estimation Flatworld Industry Level 1 Research","permissions":["Retrieve","SetSecurity","Delete","Update"],"updatedAt":"1511433001","updatedBy":"18","elements":[{"type":"ContactFilterSegmentElement","id":"20776","depth":"complete","count":"0","isIncluded":"true","lastCalculatedAt":"1511432974","filter":{"type":"ContactFilter","currentStatus":"Draft","id":"127487","createdAt":"1511432974","createdBy":"18","depth":"complete","folderId":"51","name":"Filter Criteria 1","permissions":["Retrieve","SetSecurity","Delete","Update"],"updatedAt":"1511433001","updatedBy":"18","criteria":[{"type":"ContactFieldCriterion","id":"387394","condition":{"type":"TextValueCondition","operator":"equal","value":"Active"},"fieldId":"100089"},{"type":"LinkedCustomObjectCriterion","id":"387395","customObjectId":"320","fieldConditions":[{"type":"FieldCondition","id":"387391","condition":{"type":"DateValueCondition","operator":"notBlank"},"fieldId":"1042"}]},{"type":"LinkedCustomObjectCriterion","id":"387396","customObjectId":"320","fieldConditions":[{"type":"FieldCondition","id":"387392","condition":{"type":"DateValueCondition","operator":"notBlank"},"fieldId":"1043"}]},{"type":"LinkedCustomObjectCriterion","id":"387397","customObjectId":"320","fieldConditions":[{"type":"FieldCondition","id":"387393","condition":{"type":"DateValueCondition","operator":"notBlank"},"fieldId":"1044"}]},{"type":"ContactFieldCriterion","id":"387398","condition":{"type":"TextValueCondition","operator":"blank"},"fieldId":"100045"}],"scope":"local","statement":"387394 AND 387395 AND 387396 AND 387397 AND 387398"}}],"isStale":"True"}