{"type":"ContactSegment","currentStatus":"Draft","depth":"complete","folderId":"1463","name":"DATA - App1 Overview","permissions":["Retrieve","SetSecurity","Delete","Update"],"updatedAt":"1483448871","updatedBy":"18","elements":[{"type":"ContactFilterSegmentElement","id":"9158","depth":"complete","count":"179118","isIncluded":"true","lastCalculatedAt":"1451985673","filter":{"type":"ContactFilter","currentStatus":"Draft","id":"120781","createdAt":"1451985668","createdBy":"18","depth":"complete","folderId":"51","name":"App1_ACH","permissions":["Retrieve","SetSecurity","Delete","Update"],"updatedAt":"1483448871","updatedBy":"18","criteria":[{"type":"ContactFieldCriterion","id":"342829","condition":{"type":"TextValueCondition","operator":"equal","value":"Active"},"fieldId":"100089"},{"type":"ContactFieldCriterion","id":"342830","condition":{"type":"TextValueCondition","operator":"notEqual","value":"glf.elq"},"fieldId":"100461"},{"type":"ContactFieldCriterion","id":"342831","condition":{"type":"TextValueCondition","operator":"equal","value":"1"},"fieldId":"100464"}],"scope":"local","statement":"342829 AND 342830 AND 342831"}},{"type":"ContactFilterSegmentElement","id":"9159","depth":"complete","count":"43062","isIncluded":"true","lastCalculatedAt":"1451985676","filter":{"type":"ContactFilter","currentStatus":"Draft","id":"120782","createdAt":"1451985673","createdBy":"18","depth":"complete","folderId":"51","name":"App1_ANA","permissions":["Retrieve","SetSecurity","Delete","Update"],"updatedAt":"1483448871","updatedBy":"18","criteria":[{"type":"ContactFieldCriterion","id":"342832","condition":{"type":"TextValueCondition","operator":"equal","value":"Active"},"fieldId":"100089"},{"type":"ContactFieldCriterion","id":"342833","condition":{"type":"TextValueCondition","operator":"notEqual","value":"glf.elq"},"fieldId":"100461"},{"type":"ContactFieldCriterion","id":"342834","condition":{"type":"TextValueCondition","operator":"equal","value":"1"},"fieldId":"100465"}],"scope":"local","statement":"342832 AND 342833 AND 342834"}},{"type":"ContactFilterSegmentElement","id":"9160","depth":"complete","count":"65915","isIncluded":"true","lastCalculatedAt":"1451985679","filter":{"type":"ContactFilter","currentStatus":"Draft","id":"120783","createdAt":"1451985676","createdBy":"18","depth":"complete","folderId":"51","name":"App1_LWE","permissions":["Retrieve","SetSecurity","Delete","Update"],"updatedAt":"1483448871","updatedBy":"18","criteria":[{"type":"ContactFieldCriterion","id":"342835","condition":{"type":"TextValueCondition","operator":"equal","value":"Active"},"fieldId":"100089"},{"type":"ContactFieldCriterion","id":"342836","condition":{"type":"TextValueCondition","operator":"notEqual","value":"glf.elq"},"fieldId":"100461"},{"type":"ContactFieldCriterion","id":"342837","condition":{"type":"TextValueCondition","operator":"equal","value":"1"},"fieldId":"100467"}],"scope":"local","statement":"342835 AND 342836 AND 342837"}},{"type":"ContactFilterSegmentElement","id":"9161","depth":"complete","count":"113341","isIncluded":"true","lastCalculatedAt":"1451985682","filter":{"type":"ContactFilter","currentStatus":"Draft","id":"120784","createdAt":"1451985679","createdBy":"18","depth":"complete","folderId":"51","name":"App1_PIP","permissions":["Retrieve","SetSecurity","Delete","Update"],"updatedAt":"1483448871","updatedBy":"18","criteria":[{"type":"ContactFieldCriterion","id":"342838","condition":{"type":"TextValueCondition","operator":"equal","value":"Active"},"fieldId":"100089"},{"type":"ContactFieldCriterion","id":"342839","condition":{"type":"TextValueCondition","operator":"notEqual","value":"glf.elq"},"fieldId":"100461"},{"type":"ContactFieldCriterion","id":"342840","condition":{"type":"TextValueCondition","operator":"equal","value":"1"},"fieldId":"100469"}],"scope":"local","statement":"342838 AND 342839 AND 342840"}},{"type":"ContactFilterSegmentElement","id":"9162","depth":"complete","count":"87639","isIncluded":"true","lastCalculatedAt":"1451985685","filter":{"type":"ContactFilter","currentStatus":"Draft","id":"120785","createdAt":"1451985682","createdBy":"18","depth":"complete","folderId":"51","name":"App1_IND","permissions":["Retrieve","SetSecurity","Delete","Update"],"updatedAt":"1483448871","updatedBy":"18","criteria":[{"type":"ContactFieldCriterion","id":"342841","condition":{"type":"TextValueCondition","operator":"equal","value":"active"},"fieldId":"100089"},{"type":"ContactFieldCriterion","id":"342842","condition":{"type":"TextValueCondition","operator":"notEqual","value":"glf.elq"},"fieldId":"100461"},{"type":"ContactFieldCriterion","id":"342843","condition":{"type":"TextValueCondition","operator":"equal","value":"1"},"fieldId":"100466"}],"scope":"local","statement":"342841 AND 342842 AND 342843"}},{"type":"ContactFilterSegmentElement","id":"9163","depth":"complete","count":"1543","isIncluded":"true","lastCalculatedAt":"1451985687","filter":{"type":"ContactFilter","currentStatus":"Draft","id":"120786","createdAt":"1451985685","createdBy":"18","depth":"complete","folderId":"51","name":"App1_TLA","permissions":["Retrieve","SetSecurity","Delete","Update"],"updatedAt":"1483448871","updatedBy":"18","criteria":[{"type":"ContactFieldCriterion","id":"342844","condition":{"type":"TextValueCondition","operator":"equal","value":"active"},"fieldId":"100089"},{"type":"ContactFieldCriterion","id":"342845","condition":{"type":"TextValueCondition","operator":"notEqual","value":"glf.elq"},"fieldId":"100461"},{"type":"ContactFieldCriterion","id":"342846","condition":{"type":"TextValueCondition","operator":"equal","value":"1"},"fieldId":"100631"}],"scope":"local","statement":"342844 AND 342845 AND 342846"}},{"type":"ContactFilterSegmentElement","id":"9164","depth":"complete","count":"3579","isIncluded":"true","lastCalculatedAt":"1451985691","filter":{"type":"ContactFilter","currentStatus":"Draft","id":"120787","createdAt":"1451985687","createdBy":"18","depth":"complete","folderId":"51","name":"App1_PI","permissions":["Retrieve","SetSecurity","Delete","Update"],"updatedAt":"1483448871","updatedBy":"18","criteria":[{"type":"ContactFieldCriterion","id":"342847","condition":{"type":"TextValueCondition","operator":"equal","value":"Active"},"fieldId":"100089"},{"type":"ContactFieldCriterion","id":"342848","condition":{"type":"TextValueCondition","operator":"notEqual","value":"glf.elq"},"fieldId":"100461"},{"type":"ContactFieldCriterion","id":"342849","condition":{"type":"TextValueCondition","operator":"equal","value":"1"},"fieldId":"100468"}],"scope":"local","statement":"342847 AND 342848 AND 342849"}},{"type":"ContactFilterSegmentElement","id":"9165","depth":"complete","count":"20661","isIncluded":"true","lastCalculatedAt":"1451985695","filter":{"type":"ContactFilter","currentStatus":"Draft","id":"120788","createdAt":"1451985691","createdBy":"18","depth":"complete","folderId":"51","name":"App1_PRO","permissions":["Retrieve","SetSecurity","Delete","Update"],"updatedAt":"1483448871","updatedBy":"18","criteria":[{"type":"ContactFieldCriterion","id":"342850","condition":{"type":"TextValueCondition","operator":"equal","value":"Active"},"fieldId":"100089"},{"type":"ContactFieldCriterion","id":"342851","condition":{"type":"TextValueCondition","operator":"notEqual","value":"glf.elq"},"fieldId":"100461"},{"type":"ContactFieldCriterion","id":"342852","condition":{"type":"TextValueCondition","operator":"equal","value":"1"},"fieldId":"100470"}],"scope":"local","statement":"342850 AND 342851 AND 342852"}},{"type":"ContactFilterSegmentElement","id":"9166","depth":"complete","count":"0","isIncluded":"true","lastCalculatedAt":"1451985699","filter":{"type":"ContactFilter","currentStatus":"Draft","id":"120789","createdAt":"1451985695","createdBy":"18","depth":"complete","folderId":"51","name":"Active Contacts with App1","permissions":["Retrieve","SetSecurity","Delete","Update"],"updatedAt":"1483448871","updatedBy":"18","criteria":[{"type":"ContactFieldCriterion","id":"342853","condition":{"type":"TextValueCondition","operator":"equal","value":"Active"},"fieldId":"100089"},{"type":"ContactFieldCriterion","id":"342854","condition":{"type":"TextValueCondition","operator":"notEqual","value":"glf.elq"},"fieldId":"100461"},{"type":"ContactFieldCriterion","id":"342855","condition":{"type":"TextValueCondition","operator":"equal","value":"1"},"fieldId":"100464"},{"type":"ContactFieldCriterion","id":"342856","condition":{"type":"TextValueCondition","operator":"equal","value":"1"},"fieldId":"100465"},{"type":"ContactFieldCriterion","id":"342857","condition":{"type":"TextValueCondition","operator":"equal","value":"1"},"fieldId":"100466"},{"type":"ContactFieldCriterion","id":"342858","condition":{"type":"TextValueCondition","operator":"equal","value":"1"},"fieldId":"100467"},{"type":"ContactFieldCriterion","id":"342859","condition":{"type":"TextValueCondition","operator":"equal","value":"1"},"fieldId":"100468"},{"type":"ContactFieldCriterion","id":"342860","condition":{"type":"TextValueCondition","operator":"equal","value":"1"},"fieldId":"100469"},{"type":"ContactFieldCriterion","id":"342861","condition":{"type":"TextValueCondition","operator":"equal","value":"1"},"fieldId":"100470"},{"type":"ContactFieldCriterion","id":"342862","condition":{"type":"TextValueCondition","operator":"equal","value":"1"},"fieldId":"100631"}],"scope":"local","statement":"342853 AND 342854 AND (342855 OR 342856 OR 342857 OR 342858 OR 342859 OR 342860 OR 342862 OR 342861)"}},{"type":"ContactFilterSegmentElement","id":"9172","depth":"complete","count":"0","isIncluded":"true","lastCalculatedAt":"1451985718","filter":{"type":"ContactFilter","currentStatus":"Draft","id":"120795","createdAt":"1451985714","createdBy":"18","depth":"complete","folderId":"51","name":"Score 1-3 + App (Nurturing)","permissions":["Retrieve","SetSecurity","Delete","Update"],"updatedAt":"1483448871","updatedBy":"18","criteria":[{"type":"ContactFieldCriterion","id":"342877","condition":{"type":"TextValueCondition","operator":"equal","value":"Active"},"fieldId":"100089"},{"type":"ContactFieldCriterion","id":"342878","condition":{"type":"TextValueCondition","operator":"notEqual","value":"glf.elq"},"fieldId":"100461"},{"type":"LeadScoreCriterion","id":"342879","condition":{"type":"LeadScoreModelCondition","contactModelDefinitionId":"1","leadScoreEngagementValue":["1","2","3"],"leadScoreProfileValue":["A","B","C","D"],"operator":"equal"}},{"type":"ContactFieldCriterion","id":"342880","condition":{"type":"TextValueCondition","operator":"equal","value":"1"},"fieldId":"100464"},{"type":"ContactFieldCriterion","id":"342881","condition":{"type":"TextValueCondition","operator":"equal","value":"1"},"fieldId":"100465"},{"type":"ContactFieldCriterion","id":"342882","condition":{"type":"TextValueCondition","operator":"equal","value":"1"},"fieldId":"100467"},{"type":"ContactFieldCriterion","id":"342883","condition":{"type":"TextValueCondition","operator":"equal","value":"1"},"fieldId":"100469"},{"type":"ContactFieldCriterion","id":"342884","condition":{"type":"TextValueCondition","operator":"equal","value":"1"},"fieldId":"100470"},{"type":"ContactFieldCriterion","id":"342885","condition":{"type":"TextValueCondition","operator":"equal","value":"1"},"fieldId":"100468"},{"type":"ContactFieldCriterion","id":"342886","condition":{"type":"TextValueCondition","operator":"equal","value":"1"},"fieldId":"100466"},{"type":"ContactFieldCriterion","id":"342887","condition":{"type":"TextValueCondition","operator":"equal","value":"1"},"fieldId":"100631"}],"scope":"local","statement":"342877 AND 342878 AND 342879 AND (342880 OR 342881 OR 342882 OR 342883 OR 342884 OR 342885 OR 342887 OR 342886)"}}],"isStale":"True"}