{"type":"ContactSegment","currentStatus":"Draft","depth":"complete","folderId":"1463","name":"Contacts RAW Welcome","permissions":["Retrieve","SetSecurity","Delete","Update"],"updatedAt":"1491985337","updatedBy":"18","elements":[{"type":"ContactFilterSegmentElement","id":"8185","depth":"complete","count":"369","isIncluded":"true","lastCalculatedAt":"1439557027","filter":{"type":"ContactFilter","currentStatus":"Draft","id":"120060","createdAt":"1439557027","createdBy":"18","depth":"complete","folderId":"51","name":"Leads RAW","permissions":["Retrieve","SetSecurity","Delete","Update"],"updatedAt":"1491985337","updatedBy":"18","criteria":[{"type":"ContactFieldCriterion","id":"337458","condition":{"type":"TextValueCondition","operator":"equal","value":"Raw and Precious Materials"},"fieldId":"100045"},{"type":"ContactFieldCriterion","id":"337459","condition":{"type":"DateRangeCondition","end":{"type":"AbsoluteDate","seconds":"1467323940"},"operator":"between","start":{"type":"AbsoluteDate","seconds":"1435701600"}},"fieldId":"100092"},{"type":"ContactFieldCriterion","id":"337460","condition":{"type":"TextValueCondition","operator":"equal","value":"Lead"},"fieldId":"100090"},{"type":"ContactFieldCriterion","id":"337461","condition":{"type":"DateRangeCondition","end":{"type":"AbsoluteDate","seconds":"1490997540"},"operator":"between","start":{"type":"AbsoluteDate","seconds":"1475272800"}},"fieldId":"100634"},{"type":"ContactFieldCriterion","id":"337462","condition":{"type":"TextSetCondition","operator":"in","optionListId":"20740","quickListString":"eCDB_duplicate_1611,eCDB_duplicate_1703"},"fieldId":"100090"},{"type":"ContactFieldCriterion","id":"337464","condition":{"type":"TextValueCondition","operator":"notEqual","value":"glf.elq"},"fieldId":"100461"}],"scope":"local","statement":"337458 AND 337459 AND 337464 AND ((337460 AND 337461) OR 337462)"}},{"type":"ContactFilterSegmentElement","id":"8186","depth":"complete","count":"73436","isIncluded":"true","lastCalculatedAt":"1439557028","filter":{"type":"ContactFilter","currentStatus":"Draft","id":"120061","createdAt":"1439557027","createdBy":"18","depth":"complete","folderId":"51","name":"# Contacts RAW","permissions":["Retrieve","SetSecurity","Delete","Update"],"updatedAt":"1491985337","updatedBy":"18","criteria":[{"type":"ContactFieldCriterion","id":"337465","condition":{"type":"TextValueCondition","operator":"equal","value":"Raw and Precious Materials"},"fieldId":"100045"},{"type":"ContactFieldCriterion","id":"337466","condition":{"type":"DateRangeCondition","end":{"type":"AbsoluteDate","seconds":"1467323940"},"operator":"between","start":{"type":"AbsoluteDate","seconds":"1435701600"}},"fieldId":"100092"},{"type":"ContactFieldCriterion","id":"337467","condition":{"type":"TextValueCondition","operator":"notEqual","value":"glf.elq"},"fieldId":"100461"}],"scope":"local","statement":"337465 AND 337466 AND 337467"}},{"type":"ContactFilterSegmentElement","id":"8187","depth":"complete","count":"3527","isIncluded":"true","lastCalculatedAt":"1439557028","filter":{"type":"ContactFilter","currentStatus":"Draft","id":"120062","createdAt":"1439557028","createdBy":"18","depth":"complete","folderId":"51","name":"Contacts Received Welcome","permissions":["Retrieve","SetSecurity","Delete","Update"],"updatedAt":"1491985337","updatedBy":"18","criteria":[{"type":"LinkedCustomObjectCriterion","id":"337468","customObjectId":"295","fieldConditions":[{"type":"FieldCondition","id":"367076","condition":{"type":"DateRangeCondition","end":{"type":"AbsoluteDate","seconds":"1483225140"},"operator":"between","start":{"type":"AbsoluteDate","seconds":"1475272800"}},"fieldId":"890"}]},{"type":"ContactFieldCriterion","id":"351184","condition":{"type":"TextValueCondition","operator":"equal","value":"Raw and Precious Materials"},"fieldId":"100045"}],"scope":"local","statement":"337468 AND 351184"}},{"type":"ContactListSegmentElement","id":"14936","depth":"complete","count":"0","isIncluded":"true","lastCalculatedAt":"1484141592","list":{"type":"ContactList","currentStatus":"active","id":"12352","createdAt":"1484141562","createdBy":"20","depth":"complete","description":"Result from trimming filter # Contacts RAW with 1 element","folderId":"48","name":"Contacts not through welc","permissions":["Retrieve","SetSecurity","Delete","Update"],"updatedAt":"1491985337","updatedBy":"18","count":"40703","dataLookupId":"a9235706-da4b-4706-8cdb-29db2554942c","scope":"local"}},{"type":"ContactListSegmentElement","id":"14937","depth":"complete","count":"0","isIncluded":"true","lastCalculatedAt":"1484141592","list":{"type":"ContactList","currentStatus":"active","id":"12353","createdAt":"1484141571","createdBy":"20","depth":"complete","description":"Result from trimming filter Leads RAW with 1 element","folderId":"48","name":"Leads not through welc","permissions":["Retrieve","SetSecurity","Delete","Update"],"updatedAt":"1491985337","updatedBy":"18","count":"260","dataLookupId":"2ab5fda2-c2d1-4e11-84eb-78f0384d883c","scope":"local"}}],"isStale":"True"}