{"type":"ContactSegment","currentStatus":"Draft","depth":"complete","folderId":"1463","name":"Append_Address_MailingBounces_Quarterly_AcquireList","permissions":["Retrieve","SetSecurity","Delete","Update"],"updatedAt":"1512561750","updatedBy":"20","elements":[{"type":"ContactFilterSegmentElement","id":"13676","depth":"complete","count":"5649","isIncluded":"true","lastCalculatedAt":"1476436599","filter":{"type":"ContactFilter","currentStatus":"Draft","id":"123570","createdAt":"1476436599","createdBy":"20","depth":"complete","folderId":"51","name":"Without email address","permissions":["Retrieve","SetSecurity","Delete","Update"],"updatedAt":"1512561750","updatedBy":"20","criteria":[{"type":"ContactFieldCriterion","id":"361700","condition":{"type":"TextValueCondition","operator":"equal","value":"Inactive"},"fieldId":"100089"},{"type":"ContactFieldCriterion","id":"361701","condition":{"type":"TextSetCondition","operator":"in","optionListId":"18699","quickListString":"Australia,China,India,Indonesia,Japan,Malaysia,Philippines,Singapore,South Korea,Taiwan,Thailand,Vietnam,Canada,USA,Austria,Belgium,Czech Republic,Croatia,Denmark,Finland,France,Germany,Greece,Hungary,Ireland,Italy,Norway,Poland,Portugal,Russia,Slovenia,Slovakia,Spain,Sweden,Switzerland,The Netherlands,Turkey,United Kingdom,Brazil,Chile,Mexico"},"fieldId":"100012"},{"type":"ContactFieldCriterion","id":"361771","condition":{"type":"TextValueCondition","operator":"equal","value":"Mailing_bounce"},"fieldId":"100090"}],"scope":"local","statement":"361700 AND 361701 AND 361771"}},{"type":"ContactFilterSegmentElement","id":"20875","depth":"complete","count":"0","isIncluded":"false","lastCalculatedAt":"1512490289","filter":{"type":"ContactFilter","currentStatus":"Draft","id":"127592","createdAt":"1512490288","createdBy":"20","depth":"complete","folderId":"51","name":"Filter Criteria 1","permissions":["Retrieve","SetSecurity","Delete","Update"],"updatedAt":"1512561750","updatedBy":"20","criteria":[{"type":"LinkedCustomObjectCriterion","id":"388170","customObjectId":"320","fieldConditions":[{"type":"FieldCondition","id":"388193","condition":{"type":"DateRangeCondition","end":{"type":"AbsoluteDate","seconds":"1512687540"},"operator":"between","start":{"type":"AbsoluteDate","seconds":"1512428400"}},"fieldId":"1055"}]}],"scope":"local","statement":"388170"}},{"type":"ContactFilterSegmentElement","id":"20883","depth":"complete","count":"0","isIncluded":"false","lastCalculatedAt":"1512561751","filter":{"type":"ContactFilter","currentStatus":"Draft","id":"127607","createdAt":"1512561750","createdBy":"20","depth":"complete","folderId":"51","name":"Filter Criteria 2","permissions":["Retrieve","SetSecurity","Delete","Update"],"updatedAt":"1512561750","updatedBy":"20","criteria":[{"type":"LinkedCustomObjectCriterion","id":"388195","customObjectId":"320","fieldConditions":[{"type":"FieldCondition","id":"388194","condition":{"type":"DateValueCondition","operator":"withinLast","value":{"type":"RelativeDate","offset":"6","timePeriod":"month"}},"fieldId":"1056"}]}],"scope":"local","statement":"388195"}}],"isStale":"True"}