{"type":"ContactSegment","currentStatus":"Active","depth":"complete","folderId":"1463","name":"Lead Scoring - All active contacts","permissions":["Retrieve","SetSecurity","Delete","Update"],"updatedAt":"1477954859","updatedBy":"44","elements":[{"type":"ContactFilterSegmentElement","id":"6454","depth":"complete","count":"2517350","isIncluded":"true","lastCalculatedAt":"1427716997","filter":{"type":"ContactFilter","currentStatus":"Draft","id":"118977","createdAt":"1427716995","createdBy":"20","depth":"complete","folderId":"51","name":"Filter Criteria 1","permissions":["Retrieve","SetSecurity","Delete","Update"],"updatedAt":"1477954859","updatedBy":"44","criteria":[{"type":"ContactFieldCriterion","id":"330398","condition":{"type":"TextValueCondition","operator":"equal","value":"Active"},"fieldId":"100089"}],"scope":"local","statement":"330398"}}],"isStale":"True"}