{"type":"ContactSegment","currentStatus":"Draft","depth":"complete","folderId":"1463","name":"Contacts Generic Welcome","permissions":["Retrieve","SetSecurity","Delete","Update"],"updatedAt":"1491986793","updatedBy":"18","elements":[{"type":"ContactFilterSegmentElement","id":"8155","depth":"complete","count":"451","isIncluded":"true","lastCalculatedAt":"1439553640","filter":{"type":"ContactFilter","currentStatus":"Draft","id":"120042","createdAt":"1439553639","createdBy":"18","depth":"complete","folderId":"51","name":"Leads Generic","permissions":["Retrieve","SetSecurity","Delete","Update"],"updatedAt":"1491986793","updatedBy":"18","criteria":[{"type":"ContactFieldCriterion","id":"337358","condition":{"type":"TextSetCondition","operator":"notIn","optionListId":"13217","quickListString":"Chemical,Testing Labs and Health Institutes,Pharma and Biotechnology,Food and Beverage,Raw and Precious Materials,Transport and Logistics"},"fieldId":"100045"},{"type":"ContactFieldCriterion","id":"337359","condition":{"type":"DateRangeCondition","end":{"type":"AbsoluteDate","seconds":"1467323940"},"operator":"between","start":{"type":"AbsoluteDate","seconds":"1435701600"}},"fieldId":"100092"},{"type":"ContactFieldCriterion","id":"337360","condition":{"type":"TextValueCondition","operator":"equal","value":"Lead"},"fieldId":"100090"},{"type":"ContactFieldCriterion","id":"337361","condition":{"type":"DateRangeCondition","end":{"type":"AbsoluteDate","seconds":"1490997540"},"operator":"between","start":{"type":"AbsoluteDate","seconds":"1475272800"}},"fieldId":"100634"},{"type":"ContactFieldCriterion","id":"337364","condition":{"type":"TextValueCondition","operator":"notEqual","value":"glf.elq"},"fieldId":"100461"},{"type":"ContactFieldCriterion","id":"337365","condition":{"type":"TextValueCondition","operator":"notEqual","value":"Academia, Sciences & Education"},"fieldId":"100045"},{"type":"ContactFieldCriterion","id":"337366","condition":{"type":"TextValueCondition","operator":"notEqual","value":"Metal, Plastic and Electronics Components"},"fieldId":"100045"},{"type":"ContactFieldCriterion","id":"337384","condition":{"type":"TextValueCondition","operator":"notEqual","value":"Engineering, Machinery & Equipment Manufacturing"},"fieldId":"100045"},{"type":"ContactFieldCriterion","id":"337385","condition":{"type":"TextValueCondition","operator":"notEqual","value":"Pulp, Paper and Textile"},"fieldId":"100045"},{"type":"ContactFieldCriterion","id":"351235","condition":{"type":"TextSetCondition","operator":"in","optionListId":"20741","quickListString":"eCDB_duplicate_1611,eCDB_duplicate_1703"},"fieldId":"100090"}],"scope":"local","statement":"337358 AND 337366 AND 337384 AND 337385 AND 337365 AND 337359 AND 337364 AND ((337360 AND 337361) OR 351235)"}},{"type":"ContactFilterSegmentElement","id":"8156","depth":"complete","count":"116007","isIncluded":"true","lastCalculatedAt":"1439553643","filter":{"type":"ContactFilter","currentStatus":"Draft","id":"120043","createdAt":"1439553642","createdBy":"18","depth":"complete","folderId":"51","name":"# Contacts Generic","permissions":["Retrieve","SetSecurity","Delete","Update"],"updatedAt":"1491986793","updatedBy":"18","criteria":[{"type":"ContactFieldCriterion","id":"337367","condition":{"type":"TextSetCondition","operator":"notIn","optionListId":"13218","quickListString":"Chemical,Testing Labs and Health Institutes,Pharma and Biotechnology,Food and Beverage,Raw and Precious Materials,Transport and Logistics"},"fieldId":"100045"},{"type":"ContactFieldCriterion","id":"337368","condition":{"type":"DateRangeCondition","end":{"type":"AbsoluteDate","seconds":"1467323940"},"operator":"between","start":{"type":"AbsoluteDate","seconds":"1435701600"}},"fieldId":"100092"},{"type":"ContactFieldCriterion","id":"337369","condition":{"type":"TextValueCondition","operator":"notEqual","value":"glf.elq"},"fieldId":"100461"},{"type":"ContactFieldCriterion","id":"337370","condition":{"type":"TextValueCondition","operator":"notEqual","value":"Academia, Sciences & Education"},"fieldId":"100045"},{"type":"ContactFieldCriterion","id":"337371","condition":{"type":"TextValueCondition","operator":"notEqual","value":"Metal, Plastic and Electronics Components"},"fieldId":"100045"},{"type":"ContactFieldCriterion","id":"337386","condition":{"type":"TextValueCondition","operator":"notEqual","value":"Pulp, Paper and Textile"},"fieldId":"100045"},{"type":"ContactFieldCriterion","id":"337387","condition":{"type":"TextValueCondition","operator":"notEqual","value":"Engineering, Machinery & Equipment Manufacturing"},"fieldId":"100045"}],"scope":"local","statement":"337367 AND 337368 AND 337369 AND 337370 AND 337371 AND 337386 AND 337387"}},{"type":"ContactFilterSegmentElement","id":"8157","depth":"complete","count":"13803","isIncluded":"true","lastCalculatedAt":"1439553644","filter":{"type":"ContactFilter","currentStatus":"Draft","id":"120044","createdAt":"1439553643","createdBy":"18","depth":"complete","folderId":"51","name":"Contacts received welcome","permissions":["Retrieve","SetSecurity","Delete","Update"],"updatedAt":"1491986793","updatedBy":"18","criteria":[{"type":"LinkedCustomObjectCriterion","id":"337372","customObjectId":"295","fieldConditions":[{"type":"FieldCondition","id":"367095","condition":{"type":"DateRangeCondition","end":{"type":"AbsoluteDate","seconds":"1483225140"},"operator":"between","start":{"type":"AbsoluteDate","seconds":"1475272800"}},"fieldId":"896"}]},{"type":"LinkedCustomObjectCriterion","id":"337373","customObjectId":"295","fieldConditions":[{"type":"FieldCondition","id":"367096","condition":{"type":"DateRangeCondition","end":{"type":"AbsoluteDate","seconds":"1483225140"},"operator":"between","start":{"type":"AbsoluteDate","seconds":"1475272800"}},"fieldId":"895"}]},{"type":"LinkedCustomObjectCriterion","id":"337374","customObjectId":"295","fieldConditions":[{"type":"FieldCondition","id":"367097","condition":{"type":"DateRangeCondition","end":{"type":"AbsoluteDate","seconds":"1483225140"},"operator":"between","start":{"type":"AbsoluteDate","seconds":"1475272800"}},"fieldId":"894"}]},{"type":"EmailSentCriterion","id":"344869","activityRestriction":{"type":"NumericValueCondition","operator":"notLess","value":"1"},"timeRestriction":{"type":"DateRangeCondition","end":{"type":"AbsoluteDate","seconds":"1483225140"},"operator":"between","start":{"type":"AbsoluteDate","seconds":"1475272800"}},"campaignIds":["837","836","835","3434"]}],"scope":"local","statement":"(337372 OR 337373 OR 337374) AND 344869"}},{"type":"ContactListSegmentElement","id":"14952","depth":"complete","count":"0","isIncluded":"true","lastCalculatedAt":"1484145644","list":{"type":"ContactList","currentStatus":"active","id":"12370","createdAt":"1484145537","createdBy":"20","depth":"complete","description":"Result from trimming filter # Contacts Generic with 1 element","folderId":"48","name":"Contacts not through welc","permissions":["Retrieve","SetSecurity","Delete","Update"],"updatedAt":"1491986794","updatedBy":"18","count":"30023","dataLookupId":"8c51e6e0-f026-4d2e-a88d-de87d0c2d5bf","scope":"local"}},{"type":"ContactListSegmentElement","id":"14953","depth":"complete","count":"0","isIncluded":"true","lastCalculatedAt":"1484145644","list":{"type":"ContactList","currentStatus":"active","id":"12371","createdAt":"1484145628","createdBy":"20","depth":"complete","description":"Result from trimming filter Leads Generic with 1 element","folderId":"48","name":"Leads not through welc","permissions":["Retrieve","SetSecurity","Delete","Update"],"updatedAt":"1491986794","updatedBy":"18","count":"380","dataLookupId":"d07d9155-f476-4dc0-820b-9ec94998eeb1","scope":"local"}}],"isStale":"True"}