{"type":"ContactSegment","currentStatus":"Active","depth":"complete","folderId":"1463","name":"GLF-PGM-InactivateDACH-ReactivateIfNewIndustry","permissions":["Retrieve","SetSecurity","Delete","Update"],"updatedAt":"1526546817","updatedBy":"18","elements":[{"type":"ContactFilterSegmentElement","id":"22786","depth":"complete","count":"0","isIncluded":"true","lastCalculatedAt":"1526541925","filter":{"type":"ContactFilter","currentStatus":"Draft","id":"128879","createdAt":"1526541925","createdBy":"18","depth":"complete","folderId":"51","name":"Filter Criteria 1","permissions":["Retrieve","SetSecurity","Delete","Update"],"updatedAt":"1526546817","updatedBy":"18","criteria":[{"type":"ContactFieldCriterion","id":"396163","condition":{"type":"TextValueCondition","operator":"equal","value":"Blocked DACH Email"},"fieldId":"100090"},{"type":"ContactFieldCriterion","id":"396164","condition":{"type":"TextValueCondition","operator":"notEqual","value":"Academia, Science and Education"},"fieldId":"100045"},{"type":"ContactFieldCriterion","id":"396165","condition":{"type":"TextValueCondition","operator":"notBlank"},"fieldId":"100045"},{"type":"ContactFieldCriterion","id":"396169","condition":{"type":"TextSetCondition","operator":"in","optionListId":"24768","quickListString":"consent contact direct,contractual relationship"},"fieldId":"100818"}],"scope":"local","statement":"396163 AND ((396164 AND 396165) OR 396169)"}}],"isStale":"True"}