{"type":"ContactSegment","currentStatus":"Draft","depth":"complete","folderId":"1463","name":"topKA_monthly Dashboard_contacts added by addition date","permissions":["Retrieve","SetSecurity","Delete","Update"],"updatedAt":"1498549724","updatedBy":"18","elements":[{"type":"ContactFilterSegmentElement","id":"18211","depth":"complete","count":"0","isIncluded":"true","lastCalculatedAt":"1491811274","filter":{"type":"ContactFilter","currentStatus":"Draft","id":"125628","createdAt":"1491811274","createdBy":"18","depth":"complete","folderId":"51","name":"Added Jan16 - Jun 16","permissions":["Retrieve","SetSecurity","Delete","Update"],"updatedAt":"1498549724","updatedBy":"18","criteria":[{"type":"ContactFieldCriterion","id":"374254","condition":{"type":"TextValueCondition","operator":"notBlank"},"fieldId":"100770"},{"type":"ContactFieldCriterion","id":"374255","condition":{"type":"TextSetCondition","operator":"notIn","optionListId":"20687","quickListString":"IFS,Bioportfolio,SQFI"},"fieldId":"100044"},{"type":"ContactFieldCriterion","id":"374256","condition":{"type":"DateRangeCondition","end":{"type":"AbsoluteDate","seconds":"1467323940"},"operator":"between","start":{"type":"AbsoluteDate","seconds":"1451602800"}},"fieldId":"100092"},{"type":"ContactFieldCriterion","id":"374257","condition":{"type":"TextValueCondition","operator":"equal","value":"active"},"fieldId":"100089"}],"scope":"local","statement":"374254 AND 374255 AND 374256 AND 374257"}},{"type":"ContactFilterSegmentElement","id":"18212","depth":"complete","count":"0","isIncluded":"true","lastCalculatedAt":"1491811274","filter":{"type":"ContactFilter","currentStatus":"Draft","id":"125629","createdAt":"1491811274","createdBy":"18","depth":"complete","folderId":"51","name":"Added Jul16","permissions":["Retrieve","SetSecurity","Delete","Update"],"updatedAt":"1498549724","updatedBy":"18","criteria":[{"type":"ContactFieldCriterion","id":"374258","condition":{"type":"TextValueCondition","operator":"notBlank"},"fieldId":"100770"},{"type":"ContactFieldCriterion","id":"374259","condition":{"type":"DateRangeCondition","end":{"type":"AbsoluteDate","seconds":"1470002340"},"operator":"between","start":{"type":"AbsoluteDate","seconds":"1467324000"}},"fieldId":"100092"},{"type":"ContactFieldCriterion","id":"374260","condition":{"type":"TextSetCondition","operator":"notIn","optionListId":"20688","quickListString":"IFS,Bioportfolio,SQFI"},"fieldId":"100044"},{"type":"ContactFieldCriterion","id":"374832","condition":{"type":"TextValueCondition","operator":"equal","value":"Active"},"fieldId":"100089"}],"scope":"local","statement":"374258 AND 374259 AND 374260 AND 374832"}},{"type":"ContactFilterSegmentElement","id":"18213","depth":"complete","count":"0","isIncluded":"true","lastCalculatedAt":"1491811274","filter":{"type":"ContactFilter","currentStatus":"Draft","id":"125630","createdAt":"1491811274","createdBy":"18","depth":"complete","folderId":"51","name":"Added Aug16","permissions":["Retrieve","SetSecurity","Delete","Update"],"updatedAt":"1498549724","updatedBy":"18","criteria":[{"type":"ContactFieldCriterion","id":"374262","condition":{"type":"TextValueCondition","operator":"notBlank"},"fieldId":"100770"},{"type":"ContactFieldCriterion","id":"374263","condition":{"type":"DateRangeCondition","end":{"type":"AbsoluteDate","seconds":"1472680740"},"operator":"between","start":{"type":"AbsoluteDate","seconds":"1470002400"}},"fieldId":"100092"},{"type":"ContactFieldCriterion","id":"374264","condition":{"type":"TextSetCondition","operator":"notIn","optionListId":"20689","quickListString":"IFS,Bioportfolio,SQFI"},"fieldId":"100044"},{"type":"ContactFieldCriterion","id":"374265","condition":{"type":"TextValueCondition","operator":"equal","value":"active"},"fieldId":"100089"}],"scope":"local","statement":"374262 AND 374263 AND 374264 AND 374265"}},{"type":"ContactFilterSegmentElement","id":"18214","depth":"complete","count":"0","isIncluded":"true","lastCalculatedAt":"1491811274","filter":{"type":"ContactFilter","currentStatus":"Draft","id":"125631","createdAt":"1491811274","createdBy":"18","depth":"complete","folderId":"51","name":"Added Sep16","permissions":["Retrieve","SetSecurity","Delete","Update"],"updatedAt":"1498549724","updatedBy":"18","criteria":[{"type":"ContactFieldCriterion","id":"374266","condition":{"type":"TextValueCondition","operator":"notBlank"},"fieldId":"100770"},{"type":"ContactFieldCriterion","id":"374267","condition":{"type":"TextSetCondition","operator":"notIn","optionListId":"20690","quickListString":"IFS,SQFI,Bioportfolio"},"fieldId":"100044"},{"type":"ContactFieldCriterion","id":"374268","condition":{"type":"DateRangeCondition","end":{"type":"AbsoluteDate","seconds":"1475272740"},"operator":"between","start":{"type":"AbsoluteDate","seconds":"1472680800"}},"fieldId":"100092"},{"type":"ContactFieldCriterion","id":"374269","condition":{"type":"TextValueCondition","operator":"equal","value":"active"},"fieldId":"100089"}],"scope":"local","statement":"374266 AND 374267 AND 374268 AND 374269"}},{"type":"ContactFilterSegmentElement","id":"18215","depth":"complete","count":"0","isIncluded":"true","lastCalculatedAt":"1491811275","filter":{"type":"ContactFilter","currentStatus":"Draft","id":"125632","createdAt":"1491811274","createdBy":"18","depth":"complete","folderId":"51","name":"Added Oct16","permissions":["Retrieve","SetSecurity","Delete","Update"],"updatedAt":"1498549724","updatedBy":"18","criteria":[{"type":"ContactFieldCriterion","id":"374270","condition":{"type":"TextValueCondition","operator":"notBlank"},"fieldId":"100770"},{"type":"ContactFieldCriterion","id":"374271","condition":{"type":"TextSetCondition","operator":"notIn","optionListId":"20691","quickListString":"IFS,Bioportfolio,SQFI"},"fieldId":"100044"},{"type":"ContactFieldCriterion","id":"374272","condition":{"type":"DateRangeCondition","end":{"type":"AbsoluteDate","seconds":"1477954740"},"operator":"between","start":{"type":"AbsoluteDate","seconds":"1475272800"}},"fieldId":"100092"},{"type":"ContactFieldCriterion","id":"374273","condition":{"type":"TextValueCondition","operator":"equal","value":"active"},"fieldId":"100089"}],"scope":"local","statement":"374270 AND 374271 AND 374272 AND 374273"}},{"type":"ContactFilterSegmentElement","id":"18216","depth":"complete","count":"0","isIncluded":"true","lastCalculatedAt":"1491811275","filter":{"type":"ContactFilter","currentStatus":"Draft","id":"125633","createdAt":"1491811275","createdBy":"18","depth":"complete","folderId":"51","name":"Added Nov16","permissions":["Retrieve","SetSecurity","Delete","Update"],"updatedAt":"1498549724","updatedBy":"18","criteria":[{"type":"ContactFieldCriterion","id":"374274","condition":{"type":"TextValueCondition","operator":"notBlank"},"fieldId":"100770"},{"type":"ContactFieldCriterion","id":"374275","condition":{"type":"TextSetCondition","operator":"notIn","optionListId":"20692","quickListString":"IFS;SQFI,Bioportfolio"},"fieldId":"100044"},{"type":"ContactFieldCriterion","id":"374276","condition":{"type":"DateRangeCondition","end":{"type":"AbsoluteDate","seconds":"1480546740"},"operator":"between","start":{"type":"AbsoluteDate","seconds":"1477954800"}},"fieldId":"100092"},{"type":"ContactFieldCriterion","id":"374277","condition":{"type":"TextValueCondition","operator":"equal","value":"active"},"fieldId":"100089"}],"scope":"local","statement":"374274 AND 374275 AND 374276 AND 374277"}},{"type":"ContactFilterSegmentElement","id":"18217","depth":"complete","count":"0","isIncluded":"true","lastCalculatedAt":"1491811275","filter":{"type":"ContactFilter","currentStatus":"Draft","id":"125634","createdAt":"1491811275","createdBy":"18","depth":"complete","folderId":"51","name":"Added Dec16","permissions":["Retrieve","SetSecurity","Delete","Update"],"updatedAt":"1498549724","updatedBy":"18","criteria":[{"type":"ContactFieldCriterion","id":"374278","condition":{"type":"TextValueCondition","operator":"notBlank"},"fieldId":"100770"},{"type":"ContactFieldCriterion","id":"374279","condition":{"type":"TextSetCondition","operator":"notIn","optionListId":"20693","quickListString":"IFS,Bioportfolio,SQFI"},"fieldId":"100044"},{"type":"ContactFieldCriterion","id":"374280","condition":{"type":"DateRangeCondition","end":{"type":"AbsoluteDate","seconds":"1483225140"},"operator":"between","start":{"type":"AbsoluteDate","seconds":"1480546800"}},"fieldId":"100092"},{"type":"ContactFieldCriterion","id":"374281","condition":{"type":"TextValueCondition","operator":"equal","value":"active"},"fieldId":"100089"}],"scope":"local","statement":"374278 AND 374279 AND 374280 AND 374281"}},{"type":"ContactFilterSegmentElement","id":"18218","depth":"complete","count":"0","isIncluded":"true","lastCalculatedAt":"1491811275","filter":{"type":"ContactFilter","currentStatus":"Draft","id":"125635","createdAt":"1491811275","createdBy":"18","depth":"complete","folderId":"51","name":"Added Jan17","permissions":["Retrieve","SetSecurity","Delete","Update"],"updatedAt":"1498549724","updatedBy":"18","criteria":[{"type":"ContactFieldCriterion","id":"374282","condition":{"type":"TextValueCondition","operator":"notBlank"},"fieldId":"100770"},{"type":"ContactFieldCriterion","id":"374283","condition":{"type":"TextSetCondition","operator":"notIn","optionListId":"20694","quickListString":"IFS,SQFI,Bioportfolio"},"fieldId":"100044"},{"type":"ContactFieldCriterion","id":"374284","condition":{"type":"DateRangeCondition","end":{"type":"AbsoluteDate","seconds":"1485903540"},"operator":"between","start":{"type":"AbsoluteDate","seconds":"1483225200"}},"fieldId":"100092"},{"type":"ContactFieldCriterion","id":"374285","condition":{"type":"TextValueCondition","operator":"equal","value":"active"},"fieldId":"100089"}],"scope":"local","statement":"374282 AND 374283 AND 374284 AND 374285"}},{"type":"ContactFilterSegmentElement","id":"18219","depth":"complete","count":"0","isIncluded":"true","lastCalculatedAt":"1491811275","filter":{"type":"ContactFilter","currentStatus":"Draft","id":"125636","createdAt":"1491811275","createdBy":"18","depth":"complete","folderId":"51","name":"Added Feb17","permissions":["Retrieve","SetSecurity","Delete","Update"],"updatedAt":"1498549724","updatedBy":"18","criteria":[{"type":"ContactFieldCriterion","id":"374286","condition":{"type":"TextValueCondition","operator":"notBlank"},"fieldId":"100770"},{"type":"ContactFieldCriterion","id":"374287","condition":{"type":"TextSetCondition","operator":"notIn","optionListId":"20695","quickListString":"IFS,Bioportfolio,SQFI"},"fieldId":"100044"},{"type":"ContactFieldCriterion","id":"374288","condition":{"type":"DateRangeCondition","end":{"type":"AbsoluteDate","seconds":"1488322740"},"operator":"between","start":{"type":"AbsoluteDate","seconds":"1485903600"}},"fieldId":"100092"},{"type":"ContactFieldCriterion","id":"374289","condition":{"type":"TextValueCondition","operator":"equal","value":"active"},"fieldId":"100089"}],"scope":"local","statement":"374286 AND 374287 AND 374288 AND 374289"}},{"type":"ContactFilterSegmentElement","id":"18220","depth":"complete","count":"0","isIncluded":"true","lastCalculatedAt":"1491811275","filter":{"type":"ContactFilter","currentStatus":"Draft","id":"125637","createdAt":"1491811275","createdBy":"18","depth":"complete","folderId":"51","name":"Added Mar17","permissions":["Retrieve","SetSecurity","Delete","Update"],"updatedAt":"1498549724","updatedBy":"18","criteria":[{"type":"ContactFieldCriterion","id":"374290","condition":{"type":"TextValueCondition","operator":"notBlank"},"fieldId":"100770"},{"type":"ContactFieldCriterion","id":"374291","condition":{"type":"TextSetCondition","operator":"notIn","optionListId":"20696","quickListString":"IFS,SQFI,Bioportfolio"},"fieldId":"100044"},{"type":"ContactFieldCriterion","id":"374292","condition":{"type":"DateRangeCondition","end":{"type":"AbsoluteDate","seconds":"1490997540"},"operator":"between","start":{"type":"AbsoluteDate","seconds":"1488322800"}},"fieldId":"100092"},{"type":"ContactFieldCriterion","id":"374293","condition":{"type":"TextValueCondition","operator":"equal","value":"active"},"fieldId":"100089"}],"scope":"local","statement":"374290 AND 374291 AND 374292 AND 374293"}},{"type":"ContactFilterSegmentElement","id":"18221","depth":"complete","count":"0","isIncluded":"true","lastCalculatedAt":"1491811496","filter":{"type":"ContactFilter","currentStatus":"Draft","id":"125638","createdAt":"1491811495","createdBy":"18","depth":"complete","folderId":"51","name":"Added before 2016","permissions":["Retrieve","SetSecurity","Delete","Update"],"updatedAt":"1498549724","updatedBy":"18","criteria":[{"type":"ContactFieldCriterion","id":"374294","condition":{"type":"TextValueCondition","operator":"notBlank"},"fieldId":"100770"},{"type":"ContactFieldCriterion","id":"374295","condition":{"type":"TextSetCondition","operator":"notIn","optionListId":"20697","quickListString":"IFS;Bioportfolio,SQFI"},"fieldId":"100044"},{"type":"ContactFieldCriterion","id":"374296","condition":{"type":"DateValueCondition","operator":"less","value":{"type":"AbsoluteDate","seconds":"1451602800"}},"fieldId":"100092"},{"type":"ContactFieldCriterion","id":"374355","condition":{"type":"TextValueCondition","operator":"equal","value":"active"},"fieldId":"100089"}],"scope":"local","statement":"374294 AND 374295 AND 374296 AND 374355"}},{"type":"ContactFilterSegmentElement","id":"18359","depth":"complete","count":"0","isIncluded":"true","lastCalculatedAt":"1493706400","filter":{"type":"ContactFilter","currentStatus":"Draft","id":"125741","createdAt":"1493706400","createdBy":"18","depth":"complete","folderId":"51","name":"Added Apr17","permissions":["Retrieve","SetSecurity","Delete","Update"],"updatedAt":"1498549724","updatedBy":"18","criteria":[{"type":"ContactFieldCriterion","id":"374834","condition":{"type":"DateRangeCondition","end":{"type":"AbsoluteDate","seconds":"1493589540"},"operator":"between","start":{"type":"AbsoluteDate","seconds":"1490997600"}},"fieldId":"100092"},{"type":"ContactFieldCriterion","id":"374835","condition":{"type":"TextValueCondition","operator":"notBlank"},"fieldId":"100770"},{"type":"ContactFieldCriterion","id":"374836","condition":{"type":"TextSetCondition","operator":"notIn","optionListId":"20784","quickListString":"IFS,Bioportfolio,SQFI"},"fieldId":"100044"},{"type":"ContactFieldCriterion","id":"374837","condition":{"type":"TextValueCondition","operator":"equal","value":"Active"},"fieldId":"100089"}],"scope":"local","statement":"374834 AND 374835 AND 374836 AND 374837"}},{"type":"ContactFilterSegmentElement","id":"19146","depth":"complete","count":"0","isIncluded":"true","lastCalculatedAt":"1498549542","filter":{"type":"ContactFilter","currentStatus":"Draft","id":"126316","createdAt":"1498549542","createdBy":"18","depth":"complete","folderId":"51","name":"Added May17","permissions":["Retrieve","SetSecurity","Delete","Update"],"updatedAt":"1498549724","updatedBy":"18","criteria":[{"type":"ContactFieldCriterion","id":"378655","condition":{"type":"DateRangeCondition","end":{"type":"AbsoluteDate","seconds":"1496267940"},"operator":"between","start":{"type":"AbsoluteDate","seconds":"1493589600"}},"fieldId":"100092"},{"type":"ContactFieldCriterion","id":"378656","condition":{"type":"TextValueCondition","operator":"notBlank"},"fieldId":"100770"},{"type":"ContactFieldCriterion","id":"378657","condition":{"type":"TextSetCondition","operator":"notIn","optionListId":"21256","quickListString":"Bioportfolio,IFS,SQFI"},"fieldId":"100044"},{"type":"ContactFieldCriterion","id":"378659","condition":{"type":"TextValueCondition","operator":"equal","value":"Active"},"fieldId":"100089"}],"scope":"local","statement":"378655 AND 378656 AND 378657 AND 378659"}}],"isStale":"True"}