{"type":"ContactSegment","currentStatus":"Draft","depth":"complete","folderId":"1463","name":"Soft and Hard Bounces Append Check_Magdalena","permissions":["Retrieve","SetSecurity","Delete","Update"],"updatedAt":"1530520815","updatedBy":"66","elements":[{"type":"ContactFilterSegmentElement","id":"19949","depth":"complete","count":"0","isIncluded":"true","lastCalculatedAt":"1504689517","filter":{"type":"ContactFilter","currentStatus":"Draft","id":"126836","createdAt":"1504689517","createdBy":"66","depth":"complete","folderId":"51","name":"Filter Criteria 1","permissions":["Retrieve","SetSecurity","Delete","Update"],"updatedAt":"1530520815","updatedBy":"66","criteria":[{"type":"LinkedCustomObjectCriterion","id":"382493","customObjectId":"320","fieldConditions":[{"type":"FieldCondition","id":"382492","condition":{"type":"DateValueCondition","operator":"less","value":{"type":"AbsoluteDate","seconds":"1530482400"}},"fieldId":"1062"}]}],"scope":"local","statement":"382493"}}],"isStale":"True"}