{"type":"ContactSegment","currentStatus":"Draft","depth":"complete","folderId":"1463","name":"Contacts PAB Welcome","permissions":["Retrieve","SetSecurity","Delete","Update"],"updatedAt":"1491986031","updatedBy":"18","elements":[{"type":"ContactFilterSegmentElement","id":"8686","depth":"complete","count":"16310","isIncluded":"true","lastCalculatedAt":"1445851165","filter":{"type":"ContactFilter","currentStatus":"Draft","id":"120465","createdAt":"1445851163","createdBy":"18","depth":"complete","folderId":"51","name":"Contacts Received Welcome Emails","permissions":["Retrieve","SetSecurity","Delete","Update"],"updatedAt":"1491986031","updatedBy":"18","criteria":[{"type":"LinkedCustomObjectCriterion","id":"340432","customObjectId":"295","fieldConditions":[{"type":"FieldCondition","id":"367074","condition":{"type":"DateRangeCondition","end":{"type":"AbsoluteDate","seconds":"1483225140"},"operator":"between","start":{"type":"AbsoluteDate","seconds":"1475272800"}},"fieldId":"886"}]},{"type":"ContactFieldCriterion","id":"356397","condition":{"type":"TextValueCondition","operator":"equal","value":"Pharma and Biotechnology"},"fieldId":"100045"}],"scope":"local","statement":"340432 AND 356397"}},{"type":"ContactFilterSegmentElement","id":"8687","depth":"complete","count":"956","isIncluded":"true","lastCalculatedAt":"1445851166","filter":{"type":"ContactFilter","currentStatus":"Draft","id":"120466","createdAt":"1445851165","createdBy":"18","depth":"complete","folderId":"51","name":"Leads PAB","permissions":["Retrieve","SetSecurity","Delete","Update"],"updatedAt":"1491986031","updatedBy":"18","criteria":[{"type":"ContactFieldCriterion","id":"340433","condition":{"type":"TextValueCondition","operator":"equal","value":"Pharma and Biotechnology"},"fieldId":"100045"},{"type":"ContactFieldCriterion","id":"340434","condition":{"type":"DateRangeCondition","end":{"type":"AbsoluteDate","seconds":"1467323940"},"operator":"between","start":{"type":"AbsoluteDate","seconds":"1435701600"}},"fieldId":"100092"},{"type":"ContactFieldCriterion","id":"340435","condition":{"type":"TextValueCondition","operator":"equal","value":"Lead"},"fieldId":"100090"},{"type":"ContactFieldCriterion","id":"340436","condition":{"type":"DateRangeCondition","end":{"type":"AbsoluteDate","seconds":"1490997540"},"operator":"between","start":{"type":"AbsoluteDate","seconds":"1475272800"}},"fieldId":"100634"},{"type":"ContactFieldCriterion","id":"340440","condition":{"type":"TextValueCondition","operator":"notEqual","value":"glf.elq"},"fieldId":"100461"},{"type":"ContactFieldCriterion","id":"351174","condition":{"type":"TextValueCondition","operator":"equal","value":"eCDB_duplicate_1611"},"fieldId":"100090"},{"type":"ContactFieldCriterion","id":"374474","condition":{"type":"TextValueCondition","operator":"equal","value":"eCDB_duplicate_1703"},"fieldId":"100090"}],"scope":"local","statement":"340433 AND 340434 AND 340440 AND ((340435 AND 340436) OR 374474 OR 351174)"}},{"type":"ContactFilterSegmentElement","id":"8688","depth":"complete","count":"85703","isIncluded":"true","lastCalculatedAt":"1445851167","filter":{"type":"ContactFilter","currentStatus":"Draft","id":"120467","createdAt":"1445851166","createdBy":"18","depth":"complete","folderId":"51","name":"# contacts PAB","permissions":["Retrieve","SetSecurity","Delete","Update"],"updatedAt":"1491986031","updatedBy":"18","criteria":[{"type":"ContactFieldCriterion","id":"340441","condition":{"type":"TextValueCondition","operator":"equal","value":"Pharma and Biotechnology"},"fieldId":"100045"},{"type":"ContactFieldCriterion","id":"340442","condition":{"type":"DateRangeCondition","end":{"type":"AbsoluteDate","seconds":"1467323940"},"operator":"between","start":{"type":"AbsoluteDate","seconds":"1435701600"}},"fieldId":"100092"},{"type":"ContactFieldCriterion","id":"340444","condition":{"type":"TextValueCondition","operator":"notEqual","value":"glf.elq"},"fieldId":"100461"}],"scope":"local","statement":"340441 AND 340442 AND 340444"}},{"type":"ContactListSegmentElement","id":"14934","depth":"complete","count":"0","isIncluded":"true","lastCalculatedAt":"1484141245","list":{"type":"ContactList","currentStatus":"active","id":"12350","createdAt":"1484141217","createdBy":"20","depth":"complete","description":"Result from trimming filter # contacts PAB with 1 element","folderId":"48","name":"Contacts not through welc","permissions":["Retrieve","SetSecurity","Delete","Update"],"updatedAt":"1491986031","updatedBy":"18","count":"58993","dataLookupId":"676fdda1-a117-4f6e-9a11-46a10fb0bf7b","scope":"local"}},{"type":"ContactListSegmentElement","id":"14935","depth":"complete","count":"0","isIncluded":"true","lastCalculatedAt":"1484141245","list":{"type":"ContactList","currentStatus":"active","id":"12351","createdAt":"1484141228","createdBy":"20","depth":"complete","description":"Result from trimming filter Leads PAB with 1 element","folderId":"48","name":"Leads not through welc","permissions":["Retrieve","SetSecurity","Delete","Update"],"updatedAt":"1491986031","updatedBy":"18","count":"714","dataLookupId":"1f095b62-7c96-42a8-bbd3-45e2f26a875d","scope":"local"}}],"isStale":"True"}