{"type":"ContactSegment","currentStatus":"Active","depth":"complete","folderId":"1463","name":"SYSTEM - Click Tracking","permissions":["Retrieve","SetSecurity","Delete","Update"],"updatedAt":"1484649522","updatedBy":"20","elements":[{"type":"ContactFilterSegmentElement","id":"14784","depth":"complete","count":"2051052","isIncluded":"true","lastCalculatedAt":"1483379882","filter":{"type":"ContactFilter","currentStatus":"Draft","id":"124252","createdAt":"1483379882","createdBy":"20","depth":"complete","folderId":"51","name":"Filter Criteria 1","permissions":["Retrieve","SetSecurity","Delete","Update"],"updatedAt":"1484649522","updatedBy":"20","criteria":[{"type":"ContactFieldCriterion","id":"366283","condition":{"type":"TextValueCondition","operator":"equal","value":"Active"},"fieldId":"100089"},{"type":"ContactFieldCriterion","id":"366284","condition":{"type":"TextValueCondition","operator":"notEqual","value":"glf.elq"},"fieldId":"100461"}],"scope":"local","statement":"366283 AND 366284"}},{"type":"ContactFilterSegmentElement","id":"14785","depth":"complete","count":"2051043","isIncluded":"false","lastCalculatedAt":"1483379882","filter":{"type":"ContactFilter","currentStatus":"Draft","id":"124253","createdAt":"1483379882","createdBy":"20","depth":"complete","folderId":"51","name":"Filter Criteria 2","permissions":["Retrieve","SetSecurity","Delete","Update"],"updatedAt":"1484649522","updatedBy":"20","criteria":[{"type":"LinkedCustomObjectCriterion","id":"366285","customObjectId":"321"}],"scope":"local","statement":"366285"}}],"isStale":"True"}