{"type":"ContactSegment","currentStatus":"Active","depth":"complete","folderId":"1463","name":"SYSTEM – GNF TM TeleQueue Contacts","permissions":["Retrieve","SetSecurity","Delete","Update"],"updatedAt":"1519301462","updatedBy":"58","elements":[{"type":"ContactFilterSegmentElement","id":"21772","depth":"complete","count":"0","isIncluded":"true","lastCalculatedAt":"1518605536","filter":{"type":"ContactFilter","currentStatus":"Draft","id":"128212","createdAt":"1518605536","createdBy":"58","depth":"complete","folderId":"51","name":"Filter Criteria 1","permissions":["Retrieve","SetSecurity","Delete","Update"],"updatedAt":"1519301462","updatedBy":"58","criteria":[{"type":"LinkedCustomObjectCriterion","id":"391991","customObjectId":"322","fieldConditions":[{"type":"FieldCondition","id":"392267","condition":{"type":"DateValueCondition","operator":"greater","value":{"type":"AbsoluteDate","seconds":"1514761140"}},"fieldId":"1122"}]},{"type":"ContactFieldCriterion","id":"391992","condition":{"type":"TextValueCondition","operator":"contains","value":"7"},"fieldId":"100122"},{"type":"ContactFieldCriterion","id":"391993","condition":{"type":"TextValueCondition","operator":"contains","value":"13"},"fieldId":"100122"},{"type":"ContactFieldCriterion","id":"391994","condition":{"type":"TextValueCondition","operator":"contains","value":"documentation"},"fieldId":"100201"},{"type":"ContactFieldCriterion","id":"392046","condition":{"type":"TextValueCondition","operator":"equal","value":"Active"},"fieldId":"100089"}],"scope":"local","statement":"392046 AND 391991 AND (391992 OR 391993 OR 391994)"}}],"isStale":"True"}