{"type":"ContactSegment","currentStatus":"Active","depth":"complete","folderId":"1463","name":"GLF-SYS-LegalBasisAssignment-BlankLegitimateInterest","permissions":["Retrieve","SetSecurity","Delete","Update"],"updatedAt":"1526534273","updatedBy":"18","elements":[{"type":"ContactFilterSegmentElement","id":"22781","depth":"complete","count":"0","isIncluded":"true","lastCalculatedAt":"1526534273","filter":{"type":"ContactFilter","currentStatus":"Draft","id":"128874","createdAt":"1526534273","createdBy":"18","depth":"complete","folderId":"51","name":"Filter Criteria 1","permissions":["Retrieve","SetSecurity","Delete","Update"],"updatedAt":"1526534273","updatedBy":"18","criteria":[{"type":"ContactFieldCriterion","id":"396130","condition":{"type":"TextValueCondition","operator":"contains","value":"legitimate"},"fieldId":"100818"},{"type":"ContactFieldCriterion","id":"396131","condition":{"type":"TextValueCondition","operator":"blank"},"fieldId":"100045"},{"type":"ContactFieldCriterion","id":"396132","condition":{"type":"TextValueCondition","operator":"blank"},"fieldId":"100084"},{"type":"ContactFieldCriterion","id":"396133","condition":{"type":"TextValueCondition","operator":"equal","value":"Others"},"fieldId":"100084"}],"scope":"local","statement":"396130 AND (396131 OR 396132 OR 396133)"}}],"isStale":"True"}