{"type":"ContactSegment","currentStatus":"Draft","depth":"complete","folderId":"1463","name":"ENQ_XXXX_All_All_All_All_All_All_DormantSelection","permissions":["Retrieve","SetSecurity","Delete","Update"],"updatedAt":"1518515373","updatedBy":"53","elements":[{"type":"ContactFilterSegmentElement","id":"18692","depth":"complete","count":"0","isIncluded":"true","lastCalculatedAt":"1494943176","filter":{"type":"ContactFilter","currentStatus":"Draft","id":"125949","createdAt":"1494943175","createdBy":"53","depth":"complete","folderId":"51","name":"Dormant Selection","permissions":["Retrieve","SetSecurity","Delete","Update"],"updatedAt":"1518515373","updatedBy":"53","criteria":[{"type":"ContactFieldCriterion","id":"376139","condition":{"type":"TextValueCondition","operator":"equal","value":"Active"},"fieldId":"100089"},{"type":"ContactFieldCriterion","id":"376140","condition":{"type":"TextSetCondition","operator":"notIn","optionListId":"20933","quickListString":"Bioportfolio,IFS,TA Literature Research,SQFI"},"fieldId":"100044"},{"type":"ContactFieldCriterion","id":"376141","condition":{"type":"TextValueCondition","operator":"notEqual","value":"glf.elq"},"fieldId":"100461"},{"type":"ContactFieldCriterion","id":"376142","condition":{"type":"DateValueCondition","operator":"notWithinLast","value":{"type":"RelativeDate","offset":"24","timePeriod":"month"}},"fieldId":"100092"},{"type":"ContactFieldCriterion","id":"376150","condition":{"type":"TextValueCondition","operator":"blank"},"fieldId":"100493"},{"type":"LeadScoreCriterion","id":"376164","condition":{"type":"LeadScoreModelCondition","contactModelDefinitionId":"7","leadScoreEngagementValue":["4"],"leadScoreProfileValue":["A","B","C","D"],"operator":"equal"}},{"type":"EmailSentCriterion","id":"376165","activityRestriction":{"type":"NumericValueCondition","operator":"notLess","value":"8"},"timeRestriction":{"type":"DateValueCondition","operator":"withinLast","value":{"type":"RelativeDate","offset":"12","timePeriod":"month"}}},{"type":"EmailOpenCriterion","id":"376166","activityRestriction":{"type":"ZeroCondition"},"timeRestriction":{"type":"DateValueCondition","operator":"withinLast","value":{"type":"RelativeDate","offset":"12","timePeriod":"month"}}},{"type":"EmailClickThroughCriterion","id":"376167","activityRestriction":{"type":"ZeroCondition"},"timeRestriction":{"type":"DateValueCondition","operator":"withinLast","value":{"type":"RelativeDate","offset":"12","timePeriod":"month"}}},{"type":"SoftBouncebackCriterion","id":"376168","hasStatus":"False","timeRestriction":{"type":"DateValueCondition","operator":"withinLast","value":{"type":"RelativeDate","offset":"12","timePeriod":"month"}}}],"scope":"local","statement":"376139 AND 376140 AND 376141 AND 376142 AND 376150 AND 376164 AND 376165 AND 376166 AND 376167 AND 376168"}},{"type":"ContactFilterSegmentElement","id":"18693","depth":"complete","count":"0","isIncluded":"false","lastCalculatedAt":"1494943305","filter":{"type":"ContactFilter","currentStatus":"Draft","id":"125950","createdAt":"1494943305","createdBy":"53","depth":"complete","folderId":"51","name":"Exclude TopKA Contacts","permissions":["Retrieve","SetSecurity","Delete","Update"],"updatedAt":"1518515373","updatedBy":"53","criteria":[{"type":"ContactFieldCriterion","id":"376148","condition":{"type":"TextValueCondition","operator":"notBlank"},"fieldId":"100770"}],"scope":"local","statement":"376148"}}],"isStale":"True"}