{"type":"ContactSegment","currentStatus":"Draft","depth":"complete","folderId":"1463","name":"TeleQueue - New Contacts","permissions":["Retrieve","SetSecurity","Delete","Update"],"updatedAt":"1519297425","updatedBy":"58","elements":[{"type":"ContactFilterSegmentElement","id":"17709","depth":"complete","count":"0","isIncluded":"true","lastCalculatedAt":"1490259653","filter":{"type":"ContactFilter","currentStatus":"Draft","id":"125268","createdAt":"1490096053","createdBy":"55","depth":"complete","folderId":"17105","name":"TeleQueue - New Contacts","permissions":["Retrieve","SetSecurity","Delete","Update"],"updatedAt":"1519297425","updatedBy":"58","criteria":[{"type":"ContactFieldCriterion","id":"371661","condition":{"type":"NumericValueCondition","operator":"equal","value":"0"},"fieldId":"100087"},{"type":"LinkedCustomObjectCriterion","id":"371848","customObjectId":"322","fieldConditions":[{"type":"FieldCondition","id":"374743","condition":{"type":"TextValueCondition","operator":"equal","value":"TQ_Completed"},"fieldId":"1118"}]},{"type":"ContactFieldCriterion","id":"371851","condition":{"type":"TextValueCondition","operator":"notEqual","value":"Lead"},"fieldId":"100090"},{"type":"ContactFieldCriterion","id":"374742","condition":{"type":"NumericValueCondition","operator":"blank","value":""},"fieldId":"100087"}],"scope":"global","statement":"(371661 OR 374742) AND 371848 AND 371851"}}],"isStale":"True"}