{"type":"ContactSegment","currentStatus":"Draft","depth":"complete","folderId":"1463","name":"Contacts PPT Welcome","permissions":["Retrieve","SetSecurity","Delete","Update"],"updatedAt":"1491984743","updatedBy":"18","elements":[{"type":"ContactFilterSegmentElement","id":"8146","depth":"complete","count":"117","isIncluded":"true","lastCalculatedAt":"1439552890","filter":{"type":"ContactFilter","currentStatus":"Draft","id":"120030","createdAt":"1439552889","createdBy":"18","depth":"complete","folderId":"51","name":"Leads PPT","permissions":["Retrieve","SetSecurity","Delete","Update"],"updatedAt":"1491984743","updatedBy":"18","criteria":[{"type":"ContactFieldCriterion","id":"337325","condition":{"type":"TextValueCondition","operator":"equal","value":"Pulp, Paper and Textile"},"fieldId":"100045"},{"type":"ContactFieldCriterion","id":"337326","condition":{"type":"DateRangeCondition","end":{"type":"AbsoluteDate","seconds":"1467323940"},"operator":"between","start":{"type":"AbsoluteDate","seconds":"1438293600"}},"fieldId":"100092"},{"type":"ContactFieldCriterion","id":"337327","condition":{"type":"TextValueCondition","operator":"equal","value":"Lead"},"fieldId":"100090"},{"type":"ContactFieldCriterion","id":"337328","condition":{"type":"DateRangeCondition","end":{"type":"AbsoluteDate","seconds":"1490997540"},"operator":"between","start":{"type":"AbsoluteDate","seconds":"1475272800"}},"fieldId":"100634"},{"type":"ContactFieldCriterion","id":"337329","condition":{"type":"TextSetCondition","operator":"in","optionListId":"20739","quickListString":"eCDB_duplicate_1611,eCDB_duplicate_1703"},"fieldId":"100090"},{"type":"ContactFieldCriterion","id":"337331","condition":{"type":"TextValueCondition","operator":"notEqual","value":"glf.elq"},"fieldId":"100461"}],"scope":"local","statement":"337325 AND 337326 AND 337331 AND ((337327 AND 337328) OR 337329)"}},{"type":"ContactFilterSegmentElement","id":"8147","depth":"complete","count":"18700","isIncluded":"true","lastCalculatedAt":"1439552890","filter":{"type":"ContactFilter","currentStatus":"Draft","id":"120031","createdAt":"1439552890","createdBy":"18","depth":"complete","folderId":"51","name":"# Contacts PPT","permissions":["Retrieve","SetSecurity","Delete","Update"],"updatedAt":"1491984743","updatedBy":"18","criteria":[{"type":"ContactFieldCriterion","id":"337332","condition":{"type":"TextValueCondition","operator":"equal","value":"Pulp, Paper and Textile"},"fieldId":"100045"},{"type":"ContactFieldCriterion","id":"337333","condition":{"type":"DateRangeCondition","end":{"type":"AbsoluteDate","seconds":"1467323940"},"operator":"between","start":{"type":"AbsoluteDate","seconds":"1435701600"}},"fieldId":"100092"},{"type":"ContactFieldCriterion","id":"337334","condition":{"type":"TextValueCondition","operator":"notEqual","value":"glf.elq"},"fieldId":"100461"}],"scope":"local","statement":"337332 AND 337333 AND 337334"}},{"type":"ContactFilterSegmentElement","id":"8148","depth":"complete","count":"1136","isIncluded":"true","lastCalculatedAt":"1439552891","filter":{"type":"ContactFilter","currentStatus":"Draft","id":"120032","createdAt":"1439552890","createdBy":"18","depth":"complete","folderId":"51","name":"Contacts Received Welcome","permissions":["Retrieve","SetSecurity","Delete","Update"],"updatedAt":"1491984743","updatedBy":"18","criteria":[{"type":"LinkedCustomObjectCriterion","id":"337335","customObjectId":"295","fieldConditions":[{"type":"FieldCondition","id":"367091","condition":{"type":"DateRangeCondition","end":{"type":"AbsoluteDate","seconds":"1483225140"},"operator":"between","start":{"type":"AbsoluteDate","seconds":"1475272800"}},"fieldId":"891"}]},{"type":"ContactFieldCriterion","id":"337337","condition":{"type":"TextValueCondition","operator":"equal","value":"Pulp, Paper and Textile"},"fieldId":"100045"}],"scope":"local","statement":"337335 AND 337337"}},{"type":"ContactListSegmentElement","id":"14950","depth":"complete","count":"0","isIncluded":"true","lastCalculatedAt":"1484144753","list":{"type":"ContactList","currentStatus":"active","id":"12368","createdAt":"1484144729","createdBy":"20","depth":"complete","description":"Result from trimming filter # Contacts PPT with 1 element","folderId":"48","name":"Contacts not through welc","permissions":["Retrieve","SetSecurity","Delete","Update"],"updatedAt":"1491984743","updatedBy":"18","count":"10140","dataLookupId":"8d4872b5-eab1-4607-b976-d0c79654253d","scope":"local"}},{"type":"ContactListSegmentElement","id":"14951","depth":"complete","count":"0","isIncluded":"true","lastCalculatedAt":"1484144753","list":{"type":"ContactList","currentStatus":"active","id":"12369","createdAt":"1484144737","createdBy":"20","depth":"complete","description":"Result from trimming filter Leads PPT with 1 element","folderId":"48","name":"Leads not through welc","permissions":["Retrieve","SetSecurity","Delete","Update"],"updatedAt":"1491984743","updatedBy":"18","count":"68","dataLookupId":"b1a37469-8d9f-45f3-b9b2-5ac69d5afb74","scope":"local"}}],"isStale":"True"}