{"type":"ContactSegment","currentStatus":"Draft","depth":"complete","folderId":"1463","name":"TMK_TM_XXXX_ROW_All_All_All_All_All_CCPNurturing","permissions":["Retrieve","SetSecurity","Delete","Update"],"updatedAt":"1464984140","updatedBy":"20","elements":[{"type":"ContactFilterSegmentElement","id":"10747","depth":"complete","count":"769662","isIncluded":"true","lastCalculatedAt":"1460211291","filter":{"type":"ContactFilter","currentStatus":"Draft","id":"121848","createdAt":"1460211291","createdBy":"20","depth":"complete","folderId":"51","name":"Filter Criteria 1","permissions":["Retrieve","SetSecurity","Delete","Update"],"updatedAt":"1464984140","updatedBy":"20","criteria":[{"type":"ContactFieldCriterion","id":"350071","condition":{"type":"TextValueCondition","operator":"notBlank"},"fieldId":"100013"},{"type":"EmailOpenCriterion","id":"350072","activityRestriction":{"type":"NumericValueCondition","operator":"notLess","value":"1"},"timeRestriction":{"type":"DateValueCondition","operator":"withinLast","value":{"type":"RelativeDate","offset":"12","timePeriod":"week"}}},{"type":"ContactFieldCriterion","id":"350073","condition":{"type":"TextSetCondition","operator":"in","optionListId":"15267","quickListString":"201603,201604,201605,201606"},"fieldId":"100580"},{"type":"ContactFieldCriterion","id":"350074","condition":{"type":"TextValueCondition","operator":"notBlank"},"fieldId":"100174"},{"type":"LeadScoreCriterion","id":"350077","condition":{"type":"LeadScoreModelCondition","contactModelDefinitionId":"1","leadScoreEngagementValue":["1","2","3"],"leadScoreProfileValue":["A","B","C","D"],"operator":"equal"}}],"scope":"local","statement":"(350071 OR 350074) AND (350072 OR 350077 OR 350073)"}},{"type":"ContactListSegmentElement","id":"10748","depth":"complete","count":"1315","isIncluded":"true","lastCalculatedAt":"1460211291","list":{"type":"ContactList","currentStatus":"active","id":"7151","createdAt":"1406556074","createdBy":"27","depth":"complete","folderId":"880","name":"TM_XXXX_CCP_Nurturing","permissions":["Retrieve","SetSecurity","Delete","Update"],"updatedAt":"1478778258","updatedBy":"55","count":"35465","dataLookupId":"9341180c-fb4b-4b28-807e-1b5f70d189fa","scope":"global"}},{"type":"ContactFilterSegmentElement","id":"10749","depth":"complete","count":"650855","isIncluded":"false","lastCalculatedAt":"1460211291","filter":{"type":"ContactFilter","currentStatus":"Draft","id":"121849","createdAt":"1460211291","createdBy":"20","depth":"complete","folderId":"51","name":"Filter Criteria 2","permissions":["Retrieve","SetSecurity","Delete","Update"],"updatedAt":"1464984140","updatedBy":"20","criteria":[{"type":"ContactFieldCriterion","id":"350080","condition":{"type":"TextValueCondition","operator":"notEqual","value":"Active"},"fieldId":"100089"},{"type":"ContactFieldCriterion","id":"350081","condition":{"type":"TextSetCondition","operator":"in","optionListId":"15268","quickListString":"Bioportfolio,IFS,TA Literature Research"},"fieldId":"100044"},{"type":"ContactFieldCriterion","id":"350082","condition":{"type":"TextSetCondition","operator":"notIn","optionListId":"15269","quickListString":"English,French,German,Italian,Portuguese,Spanish"},"fieldId":"100431"},{"type":"ContactFieldCriterion","id":"350083","condition":{"type":"TextSetCondition","operator":"notIn","optionListId":"15270","quickListString":"Argentina,Australia,Austria,Belgium,Brazil,Chile,Denmark,France,Germany,Italy,Mexico,Norway,Portugal,Scotland,Spain,Sweden,Switzerland,The Netherlands,United Kingdom"},"fieldId":"100012"},{"type":"ContactFieldCriterion","id":"350084","condition":{"type":"TextValueCondition","operator":"notBlank"},"fieldId":"100493"},{"type":"ContactFieldCriterion","id":"350085","condition":{"type":"TextValueCondition","operator":"notBlank"},"fieldId":"100404"}],"scope":"local","statement":"350080 OR 350081 OR 350082 OR 350083 OR 350084 OR 350085"}},{"type":"ContactListSegmentElement","id":"10750","depth":"complete","count":"156","isIncluded":"false","lastCalculatedAt":"1460211291","list":{"type":"ContactList","currentStatus":"active","id":"8277","createdAt":"1427884066","createdBy":"20","depth":"complete","folderId":"9130","name":"SYSTEM - Phone Number Generic Cleaning Exceptions Phone1","permissions":["Retrieve","SetSecurity","Delete","Update"],"updatedAt":"1530623378","updatedBy":"58","count":"1119","dataLookupId":"1accd755-7bd7-466a-985f-a45ebc79656f","scope":"global"}},{"type":"ContactListSegmentElement","id":"10751","depth":"complete","count":"112","isIncluded":"false","lastCalculatedAt":"1460211291","list":{"type":"ContactList","currentStatus":"active","id":"8715","createdAt":"1434953093","createdBy":"20","depth":"complete","folderId":"9130","name":"SYSTEM - Phone Number Generic Cleaning Exceptions Phone2","permissions":["Retrieve","SetSecurity","Delete","Update"],"updatedAt":"1530623378","updatedBy":"58","count":"6184","dataLookupId":"6498e8d7-baae-4d4f-b58a-11f167a7c7c0","scope":"global"}},{"type":"ContactListSegmentElement","id":"10752","depth":"complete","count":"6197","isIncluded":"false","lastCalculatedAt":"1460211291","list":{"type":"ContactList","currentStatus":"active","id":"7862","createdAt":"1422885634","createdBy":"20","depth":"complete","folderId":"9130","name":"SYSTEM - Phone Number Country Cleaning Wrong Numbers Phone1","permissions":["Retrieve","SetSecurity","Delete","Update"],"updatedAt":"1530623378","updatedBy":"58","count":"51184","dataLookupId":"9dcc4e3b-c712-4ab1-a38d-02e2a1312430","scope":"global"}},{"type":"ContactListSegmentElement","id":"10753","depth":"complete","count":"1909","isIncluded":"false","lastCalculatedAt":"1460211291","list":{"type":"ContactList","currentStatus":"active","id":"7865","createdAt":"1422889542","createdBy":"20","depth":"complete","folderId":"9130","name":"SYSTEM - Phone Number Country Cleaning Wrong Numbers Phone2","permissions":["Retrieve","SetSecurity","Delete","Update"],"updatedAt":"1530623378","updatedBy":"58","count":"41869","dataLookupId":"2082fb5b-1b36-497e-b0e2-3f35ce74d052","scope":"global"}},{"type":"ContactFilterSegmentElement","id":"10755","depth":"complete","count":"58803","isIncluded":"false","lastCalculatedAt":"1460214101","filter":{"type":"ContactFilter","currentStatus":"Draft","id":"121851","createdAt":"1460214101","createdBy":"20","depth":"complete","folderId":"51","name":"Filter Criteria 3","permissions":["Retrieve","SetSecurity","Delete","Update"],"updatedAt":"1464984140","updatedBy":"20","criteria":[{"type":"ContactFieldCriterion","id":"350091","condition":{"type":"TextValueCondition","operator":"notBlank"},"fieldId":"100718"},{"type":"ContactFieldCriterion","id":"350092","condition":{"type":"TextValueCondition","operator":"notBlank"},"fieldId":"100717"},{"type":"ContactFieldCriterion","id":"350093","condition":{"type":"TextValueCondition","operator":"notBlank"},"fieldId":"100716"}],"scope":"local","statement":"350091 OR 350092 OR 350093"}},{"type":"ContactFilterSegmentElement","id":"11365","depth":"complete","count":"4648","isIncluded":"false","lastCalculatedAt":"1463490112","filter":{"type":"ContactFilter","currentStatus":"Draft","id":"122270","createdAt":"1463490112","createdBy":"20","depth":"complete","folderId":"51","name":"Filter Criteria 4","permissions":["Retrieve","SetSecurity","Delete","Update"],"updatedAt":"1464984140","updatedBy":"20","criteria":[{"type":"ContactFieldCriterion","id":"352736","condition":{"type":"TextValueCondition","operator":"notBlank"},"fieldId":"100770"}],"scope":"local","statement":"352736"}}],"isStale":"True"}