{"type":"ContactSegment","currentStatus":"Active","depth":"complete","folderId":"1463","name":"OTH_1709_All_All_All_All_All_All_topKAtmFollow-up","permissions":["Retrieve","SetSecurity","Delete","Update"],"updatedAt":"1505907601","updatedBy":"18","elements":[{"type":"ContactFilterSegmentElement","id":"20077","depth":"complete","count":"0","isIncluded":"true","lastCalculatedAt":"1505907601","filter":{"type":"ContactFilter","currentStatus":"Draft","id":"126936","createdAt":"1505907601","createdBy":"18","depth":"complete","folderId":"51","name":"Filter Criteria 1","permissions":["Retrieve","SetSecurity","Delete","Update"],"updatedAt":"1505907601","updatedBy":"18","criteria":[{"type":"ContactFieldCriterion","id":"383349","condition":{"type":"TextValueCondition","operator":"equal","value":"TM topKA Follow-up"},"fieldId":"100493"}],"scope":"local","statement":"383349"}}],"isStale":"True"}