{"type":"ContactSegment","currentStatus":"Draft","depth":"complete","folderId":"1463","name":"Leads Printed Mailers","permissions":["Retrieve","SetSecurity","Delete","Update"],"updatedAt":"1490344845","updatedBy":"18","elements":[{"type":"ContactFilterSegmentElement","id":"5830","depth":"complete","count":"628","isIncluded":"true","lastCalculatedAt":"1421064364","filter":{"type":"ContactFilter","currentStatus":"Draft","id":"118452","createdAt":"1421064363","createdBy":"18","depth":"complete","folderId":"51","name":"Leads Mailer 1501","permissions":["Retrieve","SetSecurity","Delete","Update"],"updatedAt":"1490344845","updatedBy":"18","criteria":[{"type":"ContactFieldCriterion","id":"327049","condition":{"type":"TextValueCondition","operator":"notBlank"},"fieldId":"100701"},{"type":"ContactFieldCriterion","id":"327050","condition":{"type":"DateRangeCondition","end":{"type":"AbsoluteDate","seconds":"1427839140"},"operator":"between","start":{"type":"AbsoluteDate","seconds":"1417388400"}},"fieldId":"100634"}],"scope":"local","statement":"327049 AND 327050"}},{"type":"ContactFilterSegmentElement","id":"6496","depth":"complete","count":"717","isIncluded":"true","lastCalculatedAt":"1428496539","filter":{"type":"ContactFilter","currentStatus":"Draft","id":"119021","createdAt":"1428496534","createdBy":"18","depth":"complete","folderId":"51","name":"Leads Mailer 1504","permissions":["Retrieve","SetSecurity","Delete","Update"],"updatedAt":"1490344845","updatedBy":"18","criteria":[{"type":"ContactFieldCriterion","id":"330713","condition":{"type":"TextValueCondition","operator":"notBlank"},"fieldId":"100702"},{"type":"ContactFieldCriterion","id":"330714","condition":{"type":"TextValueCondition","operator":"equal","value":"Lead"},"fieldId":"100090"},{"type":"ContactFieldCriterion","id":"330715","condition":{"type":"DateRangeCondition","end":{"type":"AbsoluteDate","seconds":"1435701540"},"operator":"between","start":{"type":"AbsoluteDate","seconds":"1425164400"}},"fieldId":"100634"},{"type":"ContactFieldCriterion","id":"330716","condition":{"type":"TextSetCondition","operator":"in","optionListId":"12325","quickListString":"Testing LAB Booklet,PRO ISM Brochure,PRO Sensor Brochure,News IND Discrete,News IND OEM"},"fieldId":"100702"},{"type":"ContactFieldCriterion","id":"330717","condition":{"type":"DateRangeCondition","end":{"type":"AbsoluteDate","seconds":"1435701540"},"operator":"between","start":{"type":"AbsoluteDate","seconds":"1427839200"}},"fieldId":"100634"}],"scope":"local","statement":"330714 AND ((330713 AND 330717) OR (330715 AND 330716))"}},{"type":"ContactFilterSegmentElement","id":"7535","depth":"complete","count":"624","isIncluded":"true","lastCalculatedAt":"1435913720","filter":{"type":"ContactFilter","currentStatus":"Draft","id":"119621","createdAt":"1435913714","createdBy":"18","depth":"complete","folderId":"51","name":"Leads Mailer 1507","permissions":["Retrieve","SetSecurity","Delete","Update"],"updatedAt":"1490344845","updatedBy":"18","criteria":[{"type":"ContactFieldCriterion","id":"334611","condition":{"type":"TextValueCondition","operator":"equal","value":"Lead"},"fieldId":"100090"},{"type":"ContactFieldCriterion","id":"334612","condition":{"type":"DateRangeCondition","end":{"type":"AbsoluteDate","seconds":"1443650340"},"operator":"between","start":{"type":"AbsoluteDate","seconds":"1433109600"}},"fieldId":"100634"},{"type":"ContactFieldCriterion","id":"334613","condition":{"type":"DateValueCondition","operator":"greater","value":{"type":"AbsoluteDate","seconds":"1433973540"}},"fieldId":"100750"},{"type":"ContactFieldCriterion","id":"334614","condition":{"type":"DateValueCondition","operator":"blank"},"fieldId":"100750"},{"type":"ContactFieldCriterion","id":"334615","condition":{"type":"TextValueCondition","operator":"notBlank"},"fieldId":"100703"}],"scope":"local","statement":"334611 AND 334612 AND (334613 OR 334614) AND 334615"}},{"type":"ContactFilterSegmentElement","id":"8791","depth":"complete","count":"526","isIncluded":"true","lastCalculatedAt":"1446815886","filter":{"type":"ContactFilter","currentStatus":"Draft","id":"120513","createdAt":"1446815880","createdBy":"18","depth":"complete","folderId":"51","name":"Leads Mailer 1510","permissions":["Retrieve","SetSecurity","Delete","Update"],"updatedAt":"1490344845","updatedBy":"18","criteria":[{"type":"ContactFieldCriterion","id":"340897","condition":{"type":"TextValueCondition","operator":"equal","value":"Inactive"},"fieldId":"100089"},{"type":"ContactFieldCriterion","id":"340898","condition":{"type":"TextValueCondition","operator":"equal","value":"Lead"},"fieldId":"100090"},{"type":"ContactFieldCriterion","id":"340899","condition":{"type":"TextValueCondition","operator":"notBlank"},"fieldId":"100704"},{"type":"ContactFieldCriterion","id":"340900","condition":{"type":"DateRangeCondition","end":{"type":"AbsoluteDate","seconds":"1451602740"},"operator":"between","start":{"type":"AbsoluteDate","seconds":"1443650400"}},"fieldId":"100634"},{"type":"ContactFieldCriterion","id":"340901","condition":{"type":"TextSetCondition","operator":"in","optionListId":"13644","quickListString":"TA Flash DSC Brochure,PRO Corrosion Guide"},"fieldId":"100704"},{"type":"ContactFieldCriterion","id":"340902","condition":{"type":"DateValueCondition","operator":"greater","value":{"type":"AbsoluteDate","seconds":"1442872740"}},"fieldId":"100750"}],"scope":"local","statement":"340897 AND 340898 AND 340899 AND (340900 OR (340901 AND 340902))"}},{"type":"ContactFilterSegmentElement","id":"9092","depth":"complete","count":"914","isIncluded":"true","lastCalculatedAt":"1449668388","filter":{"type":"ContactFilter","currentStatus":"Draft","id":"120714","createdAt":"1449668381","createdBy":"18","depth":"complete","folderId":"51","name":"Leads Mailer 1601","permissions":["Retrieve","SetSecurity","Delete","Update"],"updatedAt":"1490344845","updatedBy":"18","criteria":[{"type":"ContactFieldCriterion","id":"342468","condition":{"type":"TextValueCondition","operator":"equal","value":"Lead"},"fieldId":"100090"},{"type":"ContactFieldCriterion","id":"342469","condition":{"type":"DateRangeCondition","end":{"type":"AbsoluteDate","seconds":"1459461540"},"operator":"between","start":{"type":"AbsoluteDate","seconds":"1448924400"}},"fieldId":"100634"},{"type":"ContactFieldCriterion","id":"342470","condition":{"type":"TextValueCondition","operator":"notBlank"},"fieldId":"100705"}],"scope":"local","statement":"342468 AND 342469 AND 342470"}},{"type":"ContactFilterSegmentElement","id":"10303","depth":"complete","count":"352","isIncluded":"true","lastCalculatedAt":"1458563943","filter":{"type":"ContactFilter","currentStatus":"Draft","id":"121472","createdAt":"1458563943","createdBy":"18","depth":"complete","folderId":"51","name":"Leads Mailer 1604","permissions":["Retrieve","SetSecurity","Delete","Update"],"updatedAt":"1490344846","updatedBy":"18","criteria":[{"type":"ContactFieldCriterion","id":"347062","condition":{"type":"TextValueCondition","operator":"equal","value":"Lead"},"fieldId":"100090"},{"type":"ContactFieldCriterion","id":"347063","condition":{"type":"TextValueCondition","operator":"notBlank"},"fieldId":"100706"},{"type":"ContactFieldCriterion","id":"347064","condition":{"type":"DateRangeCondition","end":{"type":"AbsoluteDate","seconds":"1467323940"},"operator":"between","start":{"type":"AbsoluteDate","seconds":"1456786800"}},"fieldId":"100634"},{"type":"ContactFieldCriterion","id":"347065","condition":{"type":"TextValueCondition","operator":"equal","value":"Global Certification WP"},"fieldId":"100706"},{"type":"ContactFieldCriterion","id":"347066","condition":{"type":"DateRangeCondition","end":{"type":"AbsoluteDate","seconds":"1456786740"},"operator":"between","start":{"type":"AbsoluteDate","seconds":"1454281200"}},"fieldId":"100634"}],"scope":"local","statement":"347062 AND ((347063 AND 347064) OR (347065 AND 347066))"}},{"type":"ContactFilterSegmentElement","id":"11768","depth":"complete","count":"273","isIncluded":"true","lastCalculatedAt":"1465989088","filter":{"type":"ContactFilter","currentStatus":"Draft","id":"122483","createdAt":"1465989088","createdBy":"48","depth":"complete","folderId":"51","name":"Leads Mailer 1607","permissions":["Retrieve","SetSecurity","Delete","Update"],"updatedAt":"1490344846","updatedBy":"18","criteria":[{"type":"ContactFieldCriterion","id":"353947","condition":{"type":"TextValueCondition","operator":"notBlank"},"fieldId":"100776"},{"type":"ContactFieldCriterion","id":"353949","condition":{"type":"DateRangeCondition","end":{"type":"AbsoluteDate","seconds":"1475272740"},"operator":"between","start":{"type":"AbsoluteDate","seconds":"1464732000"}},"fieldId":"100634"},{"type":"ContactFieldCriterion","id":"353950","condition":{"type":"TextValueCondition","operator":"equal","value":"Lead"},"fieldId":"100090"}],"scope":"local","statement":"353947 AND 353949 AND 353950"}},{"type":"ContactFilterSegmentElement","id":"15012","depth":"complete","count":"187","isIncluded":"true","lastCalculatedAt":"1484735697","filter":{"type":"ContactFilter","currentStatus":"Draft","id":"124399","createdAt":"1484735696","createdBy":"27","depth":"complete","folderId":"51","name":"Leads Mailer 1701","permissions":["Retrieve","SetSecurity","Delete","Update"],"updatedAt":"1490344846","updatedBy":"18","criteria":[{"type":"ContactFieldCriterion","id":"367412","condition":{"type":"TextValueCondition","operator":"notBlank"},"fieldId":"100779"},{"type":"ContactFieldCriterion","id":"367413","condition":{"type":"DateRangeCondition","end":{"type":"AbsoluteDate","seconds":"1498859940"},"operator":"between","start":{"type":"AbsoluteDate","seconds":"1483225200"}},"fieldId":"100634"},{"type":"ContactFieldCriterion","id":"367414","condition":{"type":"TextValueCondition","operator":"equal","value":"lead"},"fieldId":"100090"}],"scope":"local","statement":"367412 AND 367413 AND 367414"}},{"type":"ContactFilterSegmentElement","id":"17639","depth":"complete","count":"0","isIncluded":"true","lastCalculatedAt":"1489675508","filter":{"type":"ContactFilter","currentStatus":"Draft","id":"125224","createdAt":"1489675507","createdBy":"27","depth":"complete","folderId":"51","name":"Leads Mailer 1704","permissions":["Retrieve","SetSecurity","Delete","Update"],"updatedAt":"1490344846","updatedBy":"18","criteria":[{"type":"ContactFieldCriterion","id":"371493","condition":{"type":"TextValueCondition","operator":"notBlank"},"fieldId":"100780"},{"type":"ContactFieldCriterion","id":"371494","condition":{"type":"TextValueCondition","operator":"equal","value":"lead"},"fieldId":"100090"},{"type":"ContactFieldCriterion","id":"371495","condition":{"type":"DateRangeCondition","end":{"type":"AbsoluteDate","seconds":"1509490740"},"operator":"between","start":{"type":"AbsoluteDate","seconds":"1490997600"}},"fieldId":"100634"}],"scope":"local","statement":"371493 AND 371494 AND 371495"}},{"type":"ContactFilterSegmentElement","id":"17728","depth":"complete","count":"0","isIncluded":"true","lastCalculatedAt":"1490344157","filter":{"type":"ContactFilter","currentStatus":"Draft","id":"125312","createdAt":"1490344157","createdBy":"18","depth":"complete","folderId":"51","name":"Leads Mailer 1610","permissions":["Retrieve","SetSecurity","Delete","Update"],"updatedAt":"1490344846","updatedBy":"18","criteria":[{"type":"ContactFieldCriterion","id":"371925","condition":{"type":"TextValueCondition","operator":"notBlank"},"fieldId":"100777"},{"type":"ContactFieldCriterion","id":"371926","condition":{"type":"TextValueCondition","operator":"equal","value":"Lead"},"fieldId":"100090"},{"type":"ContactFieldCriterion","id":"371927","condition":{"type":"DateRangeCondition","end":{"type":"AbsoluteDate","seconds":"1488322740"},"operator":"between","start":{"type":"AbsoluteDate","seconds":"1472680800"}},"fieldId":"100634"}],"scope":"local","statement":"371925 AND 371926 AND 371927"}}],"isStale":"True"}