{"type":"ContactSegment","currentStatus":"Draft","depth":"complete","folderId":"1463","name":"Contacts Generic Nurturing","permissions":["Retrieve","SetSecurity","Delete","Update"],"updatedAt":"1491989575","updatedBy":"18","elements":[{"type":"ContactFilterSegmentElement","id":"8102","depth":"complete","count":"1294","isIncluded":"true","lastCalculatedAt":"1439542617","filter":{"type":"ContactFilter","currentStatus":"Draft","id":"119998","createdAt":"1439542617","createdBy":"18","depth":"complete","folderId":"51","name":"Leads Generic","permissions":["Retrieve","SetSecurity","Delete","Update"],"updatedAt":"1491989575","updatedBy":"18","criteria":[{"type":"ContactFieldCriterion","id":"337187","condition":{"type":"TextSetCondition","operator":"notIn","optionListId":"13211","quickListString":"Chemical,Testing Labs and Health Institutes,Pharma and Biotechnology,Food and Beverage"},"fieldId":"100045"},{"type":"ContactFieldCriterion","id":"337188","condition":{"type":"DateRangeCondition","end":{"type":"AbsoluteDate","seconds":"1467323940"},"operator":"between","start":{"type":"AbsoluteDate","seconds":"1435701600"}},"fieldId":"100092"},{"type":"ContactFieldCriterion","id":"337189","condition":{"type":"TextValueCondition","operator":"equal","value":"Lead"},"fieldId":"100090"},{"type":"ContactFieldCriterion","id":"337190","condition":{"type":"DateRangeCondition","end":{"type":"AbsoluteDate","seconds":"1490997540"},"operator":"between","start":{"type":"AbsoluteDate","seconds":"1475272800"}},"fieldId":"100634"},{"type":"ContactFieldCriterion","id":"337191","condition":{"type":"TextValueCondition","operator":"equal","value":"eCDB_duplicate_1611"},"fieldId":"100090"},{"type":"ContactFieldCriterion","id":"337193","condition":{"type":"TextValueCondition","operator":"notEqual","value":"glf.elq"},"fieldId":"100461"},{"type":"ContactFieldCriterion","id":"337237","condition":{"type":"TextValueCondition","operator":"notEqual","value":"Academia, Sciences & Education"},"fieldId":"100045"},{"type":"ContactFieldCriterion","id":"337238","condition":{"type":"TextValueCondition","operator":"notEqual","value":"Metal, Plastic and Electronics Components"},"fieldId":"100045"}],"scope":"local","statement":"337187 AND 337238 AND 337237 AND 337188 AND 337193 AND ((337189 AND 337190) OR 337191)"}},{"type":"ContactFilterSegmentElement","id":"8103","depth":"complete","count":"279802","isIncluded":"true","lastCalculatedAt":"1439542618","filter":{"type":"ContactFilter","currentStatus":"Draft","id":"119999","createdAt":"1439542617","createdBy":"18","depth":"complete","folderId":"51","name":"# Contacts Generic","permissions":["Retrieve","SetSecurity","Delete","Update"],"updatedAt":"1491989575","updatedBy":"18","criteria":[{"type":"ContactFieldCriterion","id":"337194","condition":{"type":"TextSetCondition","operator":"notIn","optionListId":"13212","quickListString":"Chemical,Testing Labs and Health Institutes,Pharma and Biotechnology,Food and Beverage"},"fieldId":"100045"},{"type":"ContactFieldCriterion","id":"337195","condition":{"type":"DateRangeCondition","end":{"type":"AbsoluteDate","seconds":"1467323940"},"operator":"between","start":{"type":"AbsoluteDate","seconds":"1435701600"}},"fieldId":"100092"},{"type":"ContactFieldCriterion","id":"337196","condition":{"type":"TextValueCondition","operator":"notEqual","value":"glf.elq"},"fieldId":"100461"},{"type":"ContactFieldCriterion","id":"337239","condition":{"type":"TextValueCondition","operator":"notEqual","value":"Academia, Sciences & Education"},"fieldId":"100045"},{"type":"ContactFieldCriterion","id":"337240","condition":{"type":"TextValueCondition","operator":"notEqual","value":"Metal, Plastic and Electronics Components"},"fieldId":"100045"}],"scope":"local","statement":"337194 AND 337195 AND 337196 AND 337239 AND 337240"}},{"type":"ContactFilterSegmentElement","id":"8104","depth":"complete","count":"3969","isIncluded":"true","lastCalculatedAt":"1439542619","filter":{"type":"ContactFilter","currentStatus":"Draft","id":"120000","createdAt":"1439542618","createdBy":"18","depth":"complete","folderId":"51","name":"Contacts through Nrt","permissions":["Retrieve","SetSecurity","Delete","Update"],"updatedAt":"1491989575","updatedBy":"18","criteria":[{"type":"LinkedCustomObjectCriterion","id":"337197","customObjectId":"302","fieldConditions":[{"type":"FieldCondition","id":"367038","condition":{"type":"DateRangeCondition","end":{"type":"AbsoluteDate","seconds":"1483225140"},"operator":"between","start":{"type":"AbsoluteDate","seconds":"1475272800"}},"fieldId":"905"}]},{"type":"LinkedCustomObjectCriterion","id":"337241","customObjectId":"302","fieldConditions":[{"type":"FieldCondition","id":"367039","condition":{"type":"DateRangeCondition","end":{"type":"AbsoluteDate","seconds":"1483225140"},"operator":"between","start":{"type":"AbsoluteDate","seconds":"1475272800"}},"fieldId":"910"}]},{"type":"LinkedCustomObjectCriterion","id":"337242","customObjectId":"302","fieldConditions":[{"type":"FieldCondition","id":"367040","condition":{"type":"DateRangeCondition","end":{"type":"AbsoluteDate","seconds":"1483225140"},"operator":"between","start":{"type":"AbsoluteDate","seconds":"1475272800"}},"fieldId":"904"}]},{"type":"LinkedCustomObjectCriterion","id":"337243","customObjectId":"302","fieldConditions":[{"type":"FieldCondition","id":"367041","condition":{"type":"DateRangeCondition","end":{"type":"AbsoluteDate","seconds":"1483225140"},"operator":"between","start":{"type":"AbsoluteDate","seconds":"1475272800"}},"fieldId":"909"}]},{"type":"LinkedCustomObjectCriterion","id":"337244","customObjectId":"302","fieldConditions":[{"type":"FieldCondition","id":"367042","condition":{"type":"DateRangeCondition","end":{"type":"AbsoluteDate","seconds":"1483225140"},"operator":"between","start":{"type":"AbsoluteDate","seconds":"1475272800"}},"fieldId":"907"}]},{"type":"LinkedCustomObjectCriterion","id":"337245","customObjectId":"302","fieldConditions":[{"type":"FieldCondition","id":"367043","condition":{"type":"DateRangeCondition","end":{"type":"AbsoluteDate","seconds":"1483225140"},"operator":"between","start":{"type":"AbsoluteDate","seconds":"1475272800"}},"fieldId":"908"}]},{"type":"LinkedCustomObjectCriterion","id":"337270","customObjectId":"302","fieldConditions":[{"type":"FieldCondition","id":"367044","condition":{"type":"DateRangeCondition","end":{"type":"AbsoluteDate","seconds":"1483225140"},"operator":"between","start":{"type":"AbsoluteDate","seconds":"1475272800"}},"fieldId":"906"}]},{"type":"EmailSentCriterion","id":"344844","activityRestriction":{"type":"NumericValueCondition","operator":"notLess","value":"1"},"timeRestriction":{"type":"DateRangeCondition","end":{"type":"AbsoluteDate","seconds":"1483225140"},"operator":"between","start":{"type":"AbsoluteDate","seconds":"1475272800"}},"campaignIds":["1658","1663","1656","1655","1653","1654","1664","1659"]}],"scope":"local","statement":"337197 OR 337241 OR 337242 OR 337243 OR 337244 OR 337245 OR 337270 OR 344844"}},{"type":"ContactListSegmentElement","id":"14921","depth":"complete","count":"0","isIncluded":"true","lastCalculatedAt":"1484139283","list":{"type":"ContactList","currentStatus":"active","id":"12338","createdAt":"1484139241","createdBy":"20","depth":"complete","description":"Result from trimming filter # Contacts Generic with 1 element","folderId":"48","name":"# Contacts not through nurt","permissions":["Retrieve","SetSecurity","Delete","Update"],"updatedAt":"1491989575","updatedBy":"18","count":"119723","dataLookupId":"a9017807-30d3-4cad-81df-7d1570099dde","scope":"local"}},{"type":"ContactListSegmentElement","id":"14922","depth":"complete","count":"0","isIncluded":"true","lastCalculatedAt":"1484139283","list":{"type":"ContactList","currentStatus":"active","id":"12339","createdAt":"1484139258","createdBy":"20","depth":"complete","description":"Result from trimming filter Leads Generic with 1 element","folderId":"48","name":"# Leads not through nurt","permissions":["Retrieve","SetSecurity","Delete","Update"],"updatedAt":"1491989575","updatedBy":"18","count":"947","dataLookupId":"43349782-4922-453f-949e-75ad2b206020","scope":"local"}}],"isStale":"True"}