{"type":"ContactSegment","currentStatus":"Draft","depth":"complete","folderId":"1463","name":"SYSTEM -  Wrong Industry Sub","permissions":["Retrieve","SetSecurity","Delete","Update"],"updatedAt":"1519715331","updatedBy":"18","elements":[{"type":"ContactFilterSegmentElement","id":"13555","depth":"complete","count":"123751","isIncluded":"true","lastCalculatedAt":"1475834548","filter":{"type":"ContactFilter","currentStatus":"Draft","id":"123512","createdAt":"1475834548","createdBy":"55","depth":"complete","folderId":"51","name":"Chemical","permissions":["Retrieve","SetSecurity","Delete","Update"],"updatedAt":"1519715331","updatedBy":"18","criteria":[{"type":"ContactFieldCriterion","id":"361195","condition":{"type":"TextValueCondition","operator":"doesNotStartWith","value":"Fine"},"fieldId":"100096"},{"type":"ContactFieldCriterion","id":"361196","condition":{"type":"TextValueCondition","operator":"doesNotStartWith","value":"Bulk"},"fieldId":"100096"},{"type":"ContactFieldCriterion","id":"361197","condition":{"type":"TextValueCondition","operator":"doesNotStartWith","value":"Refining"},"fieldId":"100096"},{"type":"ContactFieldCriterion","id":"361198","condition":{"type":"TextValueCondition","operator":"doesNotStartWith","value":"Polymers"},"fieldId":"100096"},{"type":"ContactFieldCriterion","id":"361199","condition":{"type":"TextValueCondition","operator":"doesNotStartWith","value":"Dyes"},"fieldId":"100096"},{"type":"ContactFieldCriterion","id":"361200","condition":{"type":"TextValueCondition","operator":"equal","value":"Chemical"},"fieldId":"100045"}],"scope":"local","statement":"(361195 AND 361196 AND 361197 AND 361198 AND 361199) AND 361200"}},{"type":"ContactFilterSegmentElement","id":"13556","depth":"complete","count":"32386","isIncluded":"true","lastCalculatedAt":"1475836175","filter":{"type":"ContactFilter","currentStatus":"Draft","id":"123513","createdAt":"1475836175","createdBy":"55","depth":"complete","folderId":"51","name":"Pharma","permissions":["Retrieve","SetSecurity","Delete","Update"],"updatedAt":"1519715332","updatedBy":"18","criteria":[{"type":"ContactFieldCriterion","id":"361201","condition":{"type":"TextValueCondition","operator":"doesNotStartWith","value":"Pharma"},"fieldId":"100096"},{"type":"ContactFieldCriterion","id":"361202","condition":{"type":"TextValueCondition","operator":"doesNotStartWith","value":"Biotech"},"fieldId":"100096"},{"type":"ContactFieldCriterion","id":"361203","condition":{"type":"TextValueCondition","operator":"doesNotStartWith","value":"Cosmetics"},"fieldId":"100096"},{"type":"ContactFieldCriterion","id":"361204","condition":{"type":"TextValueCondition","operator":"doesNotStartWith","value":"Food"},"fieldId":"100096"},{"type":"ContactFieldCriterion","id":"361205","condition":{"type":"TextValueCondition","operator":"equal","value":"Pharma and Biotechnology"},"fieldId":"100045"}],"scope":"local","statement":"(361201 AND 361202 AND 361203 AND 361204) AND 361205"}},{"type":"ContactFilterSegmentElement","id":"13557","depth":"complete","count":"112293","isIncluded":"true","lastCalculatedAt":"1475836175","filter":{"type":"ContactFilter","currentStatus":"Draft","id":"123514","createdAt":"1475836175","createdBy":"55","depth":"complete","folderId":"51","name":"Food and Beverage","permissions":["Retrieve","SetSecurity","Delete","Update"],"updatedAt":"1519715332","updatedBy":"18","criteria":[{"type":"ContactFieldCriterion","id":"361206","condition":{"type":"TextValueCondition","operator":"doesNotStartWith","value":"Meat"},"fieldId":"100096"},{"type":"ContactFieldCriterion","id":"361207","condition":{"type":"TextValueCondition","operator":"doesNotStartWith","value":"Ready"},"fieldId":"100096"},{"type":"ContactFieldCriterion","id":"361208","condition":{"type":"TextValueCondition","operator":"doesNotStartWith","value":"Dairy"},"fieldId":"100096"},{"type":"ContactFieldCriterion","id":"361209","condition":{"type":"TextValueCondition","operator":"doesNotStartWith","value":"Bakery"},"fieldId":"100096"},{"type":"ContactFieldCriterion","id":"361210","condition":{"type":"TextValueCondition","operator":"doesNotStartWith","value":"Beer"},"fieldId":"100096"},{"type":"ContactFieldCriterion","id":"361211","condition":{"type":"TextValueCondition","operator":"doesNotStartWith","value":"Water"},"fieldId":"100096"},{"type":"ContactFieldCriterion","id":"361212","condition":{"type":"TextValueCondition","operator":"doesNotStartWith","value":"Oil"},"fieldId":"100096"},{"type":"ContactFieldCriterion","id":"361213","condition":{"type":"TextValueCondition","operator":"doesNotStartWith","value":"Sugar"},"fieldId":"100096"},{"type":"ContactFieldCriterion","id":"361214","condition":{"type":"TextValueCondition","operator":"doesNotStartWith","value":"Agriculture"},"fieldId":"100096"},{"type":"ContactFieldCriterion","id":"361215","condition":{"type":"TextValueCondition","operator":"doesNotStartWith","value":"Pet"},"fieldId":"100096"},{"type":"ContactFieldCriterion","id":"361216","condition":{"type":"TextValueCondition","operator":"equal","value":"Food and Beverage"},"fieldId":"100045"}],"scope":"local","statement":"(361206 AND 361207 AND 361208 AND 361209 AND 361210 AND 361211 AND 361212 AND 361213 AND 361214 AND 361215) AND 361216"}},{"type":"ContactFilterSegmentElement","id":"13558","depth":"complete","count":"158835","isIncluded":"true","lastCalculatedAt":"1475836175","filter":{"type":"ContactFilter","currentStatus":"Draft","id":"123515","createdAt":"1475836175","createdBy":"55","depth":"complete","folderId":"51","name":"Academia","permissions":["Retrieve","SetSecurity","Delete","Update"],"updatedAt":"1519715332","updatedBy":"18","criteria":[{"type":"ContactFieldCriterion","id":"361217","condition":{"type":"TextValueCondition","operator":"doesNotStartWith","value":"Academia"},"fieldId":"100096"},{"type":"ContactFieldCriterion","id":"361218","condition":{"type":"TextValueCondition","operator":"doesNotStartWith","value":"Education"},"fieldId":"100096"},{"type":"ContactFieldCriterion","id":"361219","condition":{"type":"TextValueCondition","operator":"equal","value":"Academia, Sciences & Education"},"fieldId":"100045"}],"scope":"local","statement":"(361217 AND 361218) AND 361219"}},{"type":"ContactFilterSegmentElement","id":"13559","depth":"complete","count":"22704","isIncluded":"true","lastCalculatedAt":"1475836175","filter":{"type":"ContactFilter","currentStatus":"Draft","id":"123516","createdAt":"1475836175","createdBy":"55","depth":"complete","folderId":"51","name":"Testing labs","permissions":["Retrieve","SetSecurity","Delete","Update"],"updatedAt":"1519715332","updatedBy":"18","criteria":[{"type":"ContactFieldCriterion","id":"361220","condition":{"type":"TextValueCondition","operator":"doesNotStartWith","value":"Testing"},"fieldId":"100096"},{"type":"ContactFieldCriterion","id":"361221","condition":{"type":"TextValueCondition","operator":"doesNotStartWith","value":"Contract"},"fieldId":"100096"},{"type":"ContactFieldCriterion","id":"361222","condition":{"type":"TextValueCondition","operator":"doesNotStartWith","value":"Legal"},"fieldId":"100096"},{"type":"ContactFieldCriterion","id":"361223","condition":{"type":"TextValueCondition","operator":"doesNotStartWith","value":"National"},"fieldId":"100096"},{"type":"ContactFieldCriterion","id":"361224","condition":{"type":"TextValueCondition","operator":"doesNotStartWith","value":"Forensic"},"fieldId":"100096"},{"type":"ContactFieldCriterion","id":"361225","condition":{"type":"TextValueCondition","operator":"doesNotStartWith","value":"Hospital"},"fieldId":"100096"},{"type":"ContactFieldCriterion","id":"361226","condition":{"type":"TextValueCondition","operator":"doesNotStartWith","value":"Environment"},"fieldId":"100096"},{"type":"ContactFieldCriterion","id":"361227","condition":{"type":"TextValueCondition","operator":"doesNotStartWith","value":"Standards"},"fieldId":"100096"},{"type":"ContactFieldCriterion","id":"361228","condition":{"type":"TextValueCondition","operator":"equal","value":"Testing Labs and Health Institutes"},"fieldId":"100045"}],"scope":"local","statement":"(361220 AND 361221 AND 361222 AND 361223 AND 361224 AND 361225 AND 361226 AND 361227) AND 361228"}},{"type":"ContactFilterSegmentElement","id":"13560","depth":"complete","count":"21008","isIncluded":"true","lastCalculatedAt":"1475836176","filter":{"type":"ContactFilter","currentStatus":"Draft","id":"123517","createdAt":"1475836175","createdBy":"55","depth":"complete","folderId":"51","name":"Metal, Plastics","permissions":["Retrieve","SetSecurity","Delete","Update"],"updatedAt":"1519715332","updatedBy":"18","criteria":[{"type":"ContactFieldCriterion","id":"361229","condition":{"type":"TextValueCondition","operator":"equal","value":"Metal, Plastic and Electronics Components"},"fieldId":"100045"},{"type":"ContactFieldCriterion","id":"361230","condition":{"type":"TextValueCondition","operator":"doesNotStartWith","value":"Automotive"},"fieldId":"100096"},{"type":"ContactFieldCriterion","id":"361231","condition":{"type":"TextValueCondition","operator":"doesNotStartWith","value":"Metal"},"fieldId":"100096"},{"type":"ContactFieldCriterion","id":"361232","condition":{"type":"TextValueCondition","operator":"doesNotStartWith","value":"Plastic"},"fieldId":"100096"},{"type":"ContactFieldCriterion","id":"361233","condition":{"type":"TextValueCondition","operator":"doesNotStartWith","value":"Electronic"},"fieldId":"100096"}],"scope":"local","statement":"361229 AND (361230 AND 361231 AND 361232 AND 361233)"}},{"type":"ContactFilterSegmentElement","id":"13561","depth":"complete","count":"22196","isIncluded":"true","lastCalculatedAt":"1475836176","filter":{"type":"ContactFilter","currentStatus":"Draft","id":"123518","createdAt":"1475836176","createdBy":"55","depth":"complete","folderId":"51","name":"Raw and Precious","permissions":["Retrieve","SetSecurity","Delete","Update"],"updatedAt":"1519715332","updatedBy":"18","criteria":[{"type":"ContactFieldCriterion","id":"361234","condition":{"type":"TextValueCondition","operator":"equal","value":"Raw and Precious Materials"},"fieldId":"100045"},{"type":"ContactFieldCriterion","id":"361235","condition":{"type":"TextValueCondition","operator":"doesNotStartWith","value":"Rubber"},"fieldId":"100096"},{"type":"ContactFieldCriterion","id":"361236","condition":{"type":"TextValueCondition","operator":"doesNotStartWith","value":"Glass"},"fieldId":"100096"},{"type":"ContactFieldCriterion","id":"361237","condition":{"type":"TextValueCondition","operator":"doesNotStartWith","value":"Metal"},"fieldId":"100096"},{"type":"ContactFieldCriterion","id":"361238","condition":{"type":"TextValueCondition","operator":"doesNotStartWith","value":"Aggregates"},"fieldId":"100096"}],"scope":"local","statement":"361234 AND (361235 AND 361236 AND 361237 AND 361238)"}},{"type":"ContactFilterSegmentElement","id":"13562","depth":"complete","count":"7354","isIncluded":"true","lastCalculatedAt":"1475836176","filter":{"type":"ContactFilter","currentStatus":"Draft","id":"123519","createdAt":"1475836176","createdBy":"55","depth":"complete","folderId":"51","name":"Pulp, paper","permissions":["Retrieve","SetSecurity","Delete","Update"],"updatedAt":"1519715332","updatedBy":"18","criteria":[{"type":"ContactFieldCriterion","id":"361239","condition":{"type":"TextValueCondition","operator":"equal","value":"Pulp, Paper and Textile"},"fieldId":"100045"},{"type":"ContactFieldCriterion","id":"361240","condition":{"type":"TextValueCondition","operator":"doesNotStartWith","value":"Pulp"},"fieldId":"100096"},{"type":"ContactFieldCriterion","id":"361241","condition":{"type":"TextValueCondition","operator":"doesNotStartWith","value":"Textile"},"fieldId":"100096"}],"scope":"local","statement":"361239 AND (361240 AND 361241)"}},{"type":"ContactFilterSegmentElement","id":"13563","depth":"complete","count":"59138","isIncluded":"true","lastCalculatedAt":"1475836176","filter":{"type":"ContactFilter","currentStatus":"Draft","id":"123520","createdAt":"1475836176","createdBy":"55","depth":"complete","folderId":"51","name":"Engineering","permissions":["Retrieve","SetSecurity","Delete","Update"],"updatedAt":"1519715332","updatedBy":"18","criteria":[{"type":"ContactFieldCriterion","id":"361242","condition":{"type":"TextValueCondition","operator":"equal","value":"Engineering, Machinery & Equipment Manufacturing"},"fieldId":"100045"},{"type":"ContactFieldCriterion","id":"361243","condition":{"type":"TextValueCondition","operator":"doesNotStartWith","value":"Systems"},"fieldId":"100096"},{"type":"ContactFieldCriterion","id":"361244","condition":{"type":"TextValueCondition","operator":"doesNotStartWith","value":"Equipment"},"fieldId":"100096"},{"type":"ContactFieldCriterion","id":"361245","condition":{"type":"TextValueCondition","operator":"doesNotStartWith","value":"Other"},"fieldId":"100096"},{"type":"ContactFieldCriterion","id":"361246","condition":{"type":"TextValueCondition","operator":"doesNotStartWith","value":"Machinery"},"fieldId":"100096"},{"type":"ContactFieldCriterion","id":"361247","condition":{"type":"TextValueCondition","operator":"doesNotStartWith","value":"Engineering"},"fieldId":"100096"}],"scope":"local","statement":"361242 AND (361243 AND 361244 AND 361245 AND 361246 AND 361247)"}},{"type":"ContactFilterSegmentElement","id":"13564","depth":"complete","count":"18815","isIncluded":"true","lastCalculatedAt":"1475836176","filter":{"type":"ContactFilter","currentStatus":"Draft","id":"123521","createdAt":"1475836176","createdBy":"55","depth":"complete","folderId":"51","name":"Transport","permissions":["Retrieve","SetSecurity","Delete","Update"],"updatedAt":"1519715332","updatedBy":"18","criteria":[{"type":"ContactFieldCriterion","id":"361248","condition":{"type":"TextValueCondition","operator":"equal","value":"Transport and Logistics"},"fieldId":"100045"},{"type":"ContactFieldCriterion","id":"361249","condition":{"type":"TextValueCondition","operator":"doesNotStartWith","value":"Parcel"},"fieldId":"100096"},{"type":"ContactFieldCriterion","id":"361250","condition":{"type":"TextValueCondition","operator":"doesNotStartWith","value":"Freight"},"fieldId":"100096"},{"type":"ContactFieldCriterion","id":"361251","condition":{"type":"TextValueCondition","operator":"doesNotStartWith","value":"Air"},"fieldId":"100096"},{"type":"ContactFieldCriterion","id":"361252","condition":{"type":"TextValueCondition","operator":"doesNotStartWith","value":"Shipping"},"fieldId":"100096"},{"type":"ContactFieldCriterion","id":"361253","condition":{"type":"TextValueCondition","operator":"doesNotStartWith","value":"Distribution"},"fieldId":"100096"},{"type":"ContactFieldCriterion","id":"361254","condition":{"type":"TextValueCondition","operator":"doesNotStartWith","value":"Road"},"fieldId":"100096"}],"scope":"local","statement":"361248 AND (361249 AND 361250 AND 361251 AND 361252 AND 361253 AND 361254)"}},{"type":"ContactFilterSegmentElement","id":"13565","depth":"complete","count":"6001","isIncluded":"true","lastCalculatedAt":"1475836176","filter":{"type":"ContactFilter","currentStatus":"Draft","id":"123522","createdAt":"1475836176","createdBy":"55","depth":"complete","folderId":"51","name":"Utilities","permissions":["Retrieve","SetSecurity","Delete","Update"],"updatedAt":"1519715332","updatedBy":"18","criteria":[{"type":"ContactFieldCriterion","id":"361255","condition":{"type":"TextValueCondition","operator":"equal","value":"Utilities and Municipalities"},"fieldId":"100045"},{"type":"ContactFieldCriterion","id":"361256","condition":{"type":"TextValueCondition","operator":"doesNotStartWith","value":"Water"},"fieldId":"100096"},{"type":"ContactFieldCriterion","id":"361257","condition":{"type":"TextValueCondition","operator":"doesNotStartWith","value":"Power"},"fieldId":"100096"},{"type":"ContactFieldCriterion","id":"361258","condition":{"type":"TextValueCondition","operator":"doesNotStartWith","value":"Waste"},"fieldId":"100096"}],"scope":"local","statement":"361255 AND (361256 AND 361257 AND 361258)"}},{"type":"ContactFilterSegmentElement","id":"13566","depth":"complete","count":"32575","isIncluded":"true","lastCalculatedAt":"1475836176","filter":{"type":"ContactFilter","currentStatus":"Draft","id":"123523","createdAt":"1475836176","createdBy":"55","depth":"complete","folderId":"51","name":"Retail","permissions":["Retrieve","SetSecurity","Delete","Update"],"updatedAt":"1519715332","updatedBy":"18","criteria":[{"type":"ContactFieldCriterion","id":"361259","condition":{"type":"TextValueCondition","operator":"equal","value":"Retail"},"fieldId":"100045"},{"type":"ContactFieldCriterion","id":"361260","condition":{"type":"TextValueCondition","operator":"doesNotStartWith","value":"Retail"},"fieldId":"100096"},{"type":"ContactFieldCriterion","id":"361261","condition":{"type":"TextValueCondition","operator":"doesNotStartWith","value":"Specialty"},"fieldId":"100096"},{"type":"ContactFieldCriterion","id":"361262","condition":{"type":"TextValueCondition","operator":"doesNotStartWith","value":"Small"},"fieldId":"100096"},{"type":"ContactFieldCriterion","id":"361263","condition":{"type":"TextValueCondition","operator":"doesNotStartWith","value":"Open"},"fieldId":"100096"},{"type":"ContactFieldCriterion","id":"361264","condition":{"type":"TextValueCondition","operator":"doesNotStartWith","value":"Pharmacy"},"fieldId":"100096"}],"scope":"local","statement":"361259 AND (361260 AND 361261 AND 361262 AND 361263 AND 361264)"}},{"type":"ContactFilterSegmentElement","id":"21840","depth":"complete","count":"0","isIncluded":"false","lastCalculatedAt":"1519715226","filter":{"type":"ContactFilter","currentStatus":"Draft","id":"128264","createdAt":"1519715226","createdBy":"18","depth":"complete","folderId":"51","name":"Filter Criteria 1","permissions":["Retrieve","SetSecurity","Delete","Update"],"updatedAt":"1519715332","updatedBy":"18","criteria":[{"type":"ContactFieldCriterion","id":"392322","condition":{"type":"TextValueCondition","operator":"blank"},"fieldId":"100096"}],"scope":"local","statement":"392322"}}],"isStale":"True"}