{"type":"ContactSegment","currentStatus":"Draft","depth":"complete","folderId":"1463","name":"Append_Phone_MissingValues_Monthly","permissions":["Retrieve","SetSecurity","Delete","Update"],"updatedAt":"1528893298","updatedBy":"20","elements":[{"type":"ContactFilterSegmentElement","id":"11975","depth":"complete","count":"99085","isIncluded":"true","lastCalculatedAt":"1468399765","filter":{"type":"ContactFilter","currentStatus":"Draft","id":"122676","createdAt":"1468399765","createdBy":"20","depth":"complete","folderId":"51","name":"Missing phone prioritization","permissions":["Retrieve","SetSecurity","Delete","Update"],"updatedAt":"1528893298","updatedBy":"20","criteria":[{"type":"ContactFieldCriterion","id":"355046","condition":{"type":"TextValueCondition","operator":"equal","value":"Active"},"fieldId":"100089"},{"type":"ContactFieldCriterion","id":"355048","condition":{"type":"TextSetCondition","operator":"in","optionListId":"15864","quickListString":"China,South Korea,Japan,Macau,Hong Kong,Portugal,Brazil,Spain,Mexico,Chile,Argentina,Australia,Austria,Belgium,Italy,Denmark,France,Germany,The Netherlands,USA,Canada,Norway,Ireland,Russia,Sweden,Switzerland,Turkey,Taiwan,United Kingdom"},"fieldId":"100012"},{"type":"ContactFieldCriterion","id":"355053","condition":{"type":"TextValueCondition","operator":"blank"},"fieldId":"100013"},{"type":"ContactFieldCriterion","id":"377869","condition":{"type":"TextValueCondition","operator":"equal","value":"Blocked DACH Email"},"fieldId":"100090"},{"type":"ContactFieldCriterion","id":"381094","condition":{"type":"TextValueCondition","operator":"blank"},"fieldId":"100174"},{"type":"ContactFieldCriterion","id":"381095","condition":{"type":"TextValueCondition","operator":"blank"},"fieldId":"100013"},{"type":"LeadScoreCriterion","id":"381097","condition":{"type":"LeadScoreModelCondition","contactModelDefinitionId":"7","leadScoreEngagementValue":["1","2"],"leadScoreProfileValue":["A","B","C","D"],"operator":"equal"}},{"type":"ContactFieldCriterion","id":"381863","condition":{"type":"DateValueCondition","operator":"withinLast","value":{"type":"RelativeDate","offset":"1","timePeriod":"month"}},"fieldId":"100092"},{"type":"ContactFieldCriterion","id":"381864","condition":{"type":"TextValueCondition","operator":"notBlank"},"fieldId":"100013"},{"type":"ContactFieldCriterion","id":"381865","condition":{"type":"TextValueCondition","operator":"notBlank"},"fieldId":"100174"},{"type":"ContactFieldCriterion","id":"388531","condition":{"type":"TextValueCondition","operator":"contains","value":"CASL"},"fieldId":"100090"}],"scope":"local","statement":"(355046 OR 388531 OR 377869) AND 355048 AND ((355053 AND 381094) OR (381095 AND 381097) OR ((381864 OR 381865) AND 381863))"}},{"type":"ContactFilterSegmentElement","id":"11977","depth":"complete","count":"1105","isIncluded":"false","lastCalculatedAt":"1468399765","filter":{"type":"ContactFilter","currentStatus":"Draft","id":"122677","createdAt":"1468399765","createdBy":"20","depth":"complete","folderId":"51","name":"Do not call","permissions":["Retrieve","SetSecurity","Delete","Update"],"updatedAt":"1528893298","updatedBy":"20","criteria":[{"type":"ContactFieldCriterion","id":"355055","condition":{"type":"TextValueCondition","operator":"notBlank"},"fieldId":"100404"}],"scope":"local","statement":"355055"}},{"type":"ContactFilterSegmentElement","id":"21440","depth":"complete","count":"0","isIncluded":"false","lastCalculatedAt":"1516784413","filter":{"type":"ContactFilter","currentStatus":"Draft","id":"127994","createdAt":"1516784413","createdBy":"20","depth":"complete","folderId":"51","name":"Filter Criteria 7","permissions":["Retrieve","SetSecurity","Delete","Update"],"updatedAt":"1528893298","updatedBy":"20","criteria":[{"type":"LinkedCustomObjectCriterion","id":"390631","customObjectId":"320","fieldConditions":[{"type":"FieldCondition","id":"397246","condition":{"type":"DateRangeCondition","end":{"type":"AbsoluteDate","seconds":"1524779940"},"operator":"between","start":{"type":"AbsoluteDate","seconds":"1524520800"}},"fieldId":"1051"}]}],"scope":"local","statement":"390631"}},{"type":"ContactListSegmentElement","id":"21452","depth":"complete","count":"0","isIncluded":"false","lastCalculatedAt":"1517297052","list":{"type":"ContactList","currentStatus":"active","id":"17663","createdAt":"1511767590","createdBy":"18","depth":"complete","folderId":"18149","name":"SYSTEM - GNF Cold Leads Send for Append","permissions":["Retrieve","SetSecurity","Delete","Update"],"updatedAt":"1530694713","updatedBy":"18","count":"18083","dataLookupId":"719182b6-0c0e-4eb6-ac06-099ea1127c7c","scope":"global"}},{"type":"ContactFilterSegmentElement","id":"22120","depth":"complete","count":"0","isIncluded":"false","lastCalculatedAt":"1522055785","filter":{"type":"ContactFilter","currentStatus":"Draft","id":"128434","createdAt":"1522055785","createdBy":"20","depth":"complete","folderId":"51","name":"Master_ID is blank","permissions":["Retrieve","SetSecurity","Delete","Update"],"updatedAt":"1528893298","updatedBy":"20","criteria":[{"type":"ContactFieldCriterion","id":"393243","condition":{"type":"NumericValueCondition","operator":"less","value":"1"},"fieldId":"100087"}],"scope":"local","statement":"393243"}},{"type":"ContactFilterSegmentElement","id":"22635","depth":"complete","count":"0","isIncluded":"false","lastCalculatedAt":"1524643014","filter":{"type":"ContactFilter","currentStatus":"Draft","id":"128760","createdAt":"1524643014","createdBy":"20","depth":"complete","folderId":"51","name":"Filter Criteria 9","permissions":["Retrieve","SetSecurity","Delete","Update"],"updatedAt":"1528893298","updatedBy":"20","criteria":[{"type":"LinkedCustomObjectCriterion","id":"395463","customObjectId":"320","fieldConditions":[{"type":"FieldCondition","id":"397247","condition":{"type":"DateRangeCondition","end":{"type":"AbsoluteDate","seconds":"1529013540"},"operator":"between","start":{"type":"AbsoluteDate","seconds":"1528754400"}},"fieldId":"1052"}]}],"scope":"local","statement":"395463"}},{"type":"ContactFilterSegmentElement","id":"23149","depth":"complete","count":"0","isIncluded":"false","lastCalculatedAt":"1528892410","filter":{"type":"ContactFilter","currentStatus":"Draft","id":"129039","createdAt":"1528892410","createdBy":"20","depth":"complete","folderId":"51","name":"Filter Criteria 10","permissions":["Retrieve","SetSecurity","Delete","Update"],"updatedAt":"1528893298","updatedBy":"20","criteria":[{"type":"ContactFieldCriterion","id":"397248","condition":{"type":"TextSetCondition","operator":"in","optionListId":"24974","quickListString":"UK,Southern Europe,Western Europe,DACH,Nordic,Central Europe,Eastern Europe,Northern Europe"},"fieldId":"100068"},{"type":"ContactFieldCriterion","id":"397249","condition":{"type":"TextValueCondition","operator":"blank"},"fieldId":"100012"}],"scope":"local","statement":"397248 OR 397249"}},{"type":"ContactFilterSegmentElement","id":"23153","depth":"complete","count":"0","isIncluded":"false","lastCalculatedAt":"1528893298","filter":{"type":"ContactFilter","currentStatus":"Draft","id":"129043","createdAt":"1528893298","createdBy":"20","depth":"complete","folderId":"51","name":"Filter Criteria 11","permissions":["Retrieve","SetSecurity","Delete","Update"],"updatedAt":"1528893298","updatedBy":"20","criteria":[{"type":"LinkedCustomObjectCriterion","id":"397254","customObjectId":"320","fieldConditions":[{"type":"FieldCondition","id":"397253","condition":{"type":"DateValueCondition","operator":"withinLast","value":{"type":"RelativeDate","offset":"12","timePeriod":"month"}},"fieldId":"1050"}]}],"scope":"local","statement":"397254"}}],"isStale":"True"}