{"type":"ContactSegment","currentStatus":"Draft","depth":"complete","folderId":"1463","name":"Contacts AAE Nurturing","permissions":["Retrieve","SetSecurity","Delete","Update"],"updatedAt":"1491988783","updatedBy":"18","elements":[{"type":"ContactFilterSegmentElement","id":"8083","depth":"complete","count":"1677","isIncluded":"true","lastCalculatedAt":"1439541180","filter":{"type":"ContactFilter","currentStatus":"Draft","id":"119988","createdAt":"1439541178","createdBy":"18","depth":"complete","folderId":"51","name":"Leads AAE","permissions":["Retrieve","SetSecurity","Delete","Update"],"updatedAt":"1491988783","updatedBy":"18","criteria":[{"type":"ContactFieldCriterion","id":"337133","condition":{"type":"TextValueCondition","operator":"equal","value":"Academia, Sciences & Education"},"fieldId":"100045"},{"type":"ContactFieldCriterion","id":"337134","condition":{"type":"DateRangeCondition","end":{"type":"AbsoluteDate","seconds":"1467323940"},"operator":"between","start":{"type":"AbsoluteDate","seconds":"1435701600"}},"fieldId":"100092"},{"type":"ContactFieldCriterion","id":"337135","condition":{"type":"TextValueCondition","operator":"equal","value":"Lead"},"fieldId":"100090"},{"type":"ContactFieldCriterion","id":"337136","condition":{"type":"DateRangeCondition","end":{"type":"AbsoluteDate","seconds":"1490997540"},"operator":"between","start":{"type":"AbsoluteDate","seconds":"1475272800"}},"fieldId":"100634"},{"type":"ContactFieldCriterion","id":"337137","condition":{"type":"TextValueCondition","operator":"equal","value":"eCDB_duplicate_1611"},"fieldId":"100090"},{"type":"ContactFieldCriterion","id":"337139","condition":{"type":"TextValueCondition","operator":"notEqual","value":"glf.elq"},"fieldId":"100461"},{"type":"ContactFieldCriterion","id":"374482","condition":{"type":"TextValueCondition","operator":"equal","value":"eCDB_duplicate_1703"},"fieldId":"100090"}],"scope":"local","statement":"337133 AND 337134 AND 337139 AND ((337135 AND 337136) OR 374482 OR 337137)"}},{"type":"ContactFilterSegmentElement","id":"8084","depth":"complete","count":"279331","isIncluded":"true","lastCalculatedAt":"1439541181","filter":{"type":"ContactFilter","currentStatus":"Draft","id":"119989","createdAt":"1439541180","createdBy":"18","depth":"complete","folderId":"51","name":"# Contacts AAE","permissions":["Retrieve","SetSecurity","Delete","Update"],"updatedAt":"1491988783","updatedBy":"18","criteria":[{"type":"ContactFieldCriterion","id":"337140","condition":{"type":"TextValueCondition","operator":"equal","value":"Academia, Sciences & Education"},"fieldId":"100045"},{"type":"ContactFieldCriterion","id":"337141","condition":{"type":"DateRangeCondition","end":{"type":"AbsoluteDate","seconds":"1467323940"},"operator":"between","start":{"type":"AbsoluteDate","seconds":"1435701600"}},"fieldId":"100092"},{"type":"ContactFieldCriterion","id":"337142","condition":{"type":"TextValueCondition","operator":"notEqual","value":"glf.elq"},"fieldId":"100461"},{"type":"ContactFieldCriterion","id":"344081","condition":{"type":"TextSetCondition","operator":"notIn","optionListId":"15350","quickListString":"bioportfolio,sqfi,ifs,ta literature research"},"fieldId":"100044"}],"scope":"local","statement":"337140 AND 337141 AND 337142 AND 344081"}},{"type":"ContactFilterSegmentElement","id":"8085","depth":"complete","count":"2354","isIncluded":"true","lastCalculatedAt":"1439541183","filter":{"type":"ContactFilter","currentStatus":"Draft","id":"119990","createdAt":"1439541181","createdBy":"18","depth":"complete","folderId":"51","name":"Contacts through Nrt","permissions":["Retrieve","SetSecurity","Delete","Update"],"updatedAt":"1491988783","updatedBy":"18","criteria":[{"type":"LinkedCustomObjectCriterion","id":"337143","customObjectId":"302","fieldConditions":[{"type":"FieldCondition","id":"367047","condition":{"type":"DateRangeCondition","end":{"type":"AbsoluteDate","seconds":"1483225140"},"operator":"between","start":{"type":"AbsoluteDate","seconds":"1475272800"}},"fieldId":"899"}]},{"type":"ContactFieldCriterion","id":"337145","condition":{"type":"TextValueCondition","operator":"equal","value":"Academia, Sciences & Education"},"fieldId":"100045"}],"scope":"local","statement":"337143 AND 337145"}},{"type":"ContactListSegmentElement","id":"14925","depth":"complete","count":"0","isIncluded":"true","lastCalculatedAt":"1484139808","list":{"type":"ContactList","currentStatus":"active","id":"12343","createdAt":"1484139743","createdBy":"20","depth":"complete","description":"Result from trimming filter # Contacts AAE with 1 element","folderId":"48","name":"# Contacts not through nurt","permissions":["Retrieve","SetSecurity","Delete","Update"],"updatedAt":"1491988783","updatedBy":"18","count":"157483","dataLookupId":"4b67fb41-5c19-468e-9833-bba0d0e8853a","scope":"local"}},{"type":"ContactListSegmentElement","id":"14926","depth":"complete","count":"0","isIncluded":"true","lastCalculatedAt":"1484139808","list":{"type":"ContactList","currentStatus":"active","id":"12344","createdAt":"1484139765","createdBy":"20","depth":"complete","description":"Result from trimming filter Leads AAE with 1 element","folderId":"48","name":"# Leads not through nurt","permissions":["Retrieve","SetSecurity","Delete","Update"],"updatedAt":"1491988783","updatedBy":"18","count":"1176","dataLookupId":"e8855343-fa6e-4b8f-af73-4d56e2a78144","scope":"local"}}],"isStale":"True"}