{"type":"ContactSegment","currentStatus":"Draft","depth":"complete","folderId":"1463","name":"Contacts FAB Welcome","permissions":["Retrieve","SetSecurity","Delete","Update"],"updatedAt":"1491983809","updatedBy":"18","elements":[{"type":"ContactFilterSegmentElement","id":"8117","depth":"complete","count":"389","isIncluded":"true","lastCalculatedAt":"1439544949","filter":{"type":"ContactFilter","currentStatus":"Draft","id":"120014","createdAt":"1439544948","createdBy":"18","depth":"complete","folderId":"51","name":"Leads FAB","permissions":["Retrieve","SetSecurity","Delete","Update"],"updatedAt":"1491983809","updatedBy":"18","criteria":[{"type":"ContactFieldCriterion","id":"337250","condition":{"type":"TextValueCondition","operator":"equal","value":"Food and Beverage"},"fieldId":"100045"},{"type":"ContactFieldCriterion","id":"337251","condition":{"type":"DateRangeCondition","end":{"type":"AbsoluteDate","seconds":"1467323940"},"operator":"between","start":{"type":"AbsoluteDate","seconds":"1435701600"}},"fieldId":"100092"},{"type":"ContactFieldCriterion","id":"337252","condition":{"type":"TextValueCondition","operator":"equal","value":"Lead"},"fieldId":"100090"},{"type":"ContactFieldCriterion","id":"337253","condition":{"type":"DateRangeCondition","end":{"type":"AbsoluteDate","seconds":"1490997540"},"operator":"between","start":{"type":"AbsoluteDate","seconds":"1475272800"}},"fieldId":"100634"},{"type":"ContactFieldCriterion","id":"337254","condition":{"type":"TextSetCondition","operator":"in","optionListId":"20736","quickListString":"eCDB_duplicate_1611,eCDB_duplicate_1703"},"fieldId":"100090"},{"type":"ContactFieldCriterion","id":"337256","condition":{"type":"TextValueCondition","operator":"notEqual","value":"glf.elq"},"fieldId":"100461"}],"scope":"local","statement":"337250 AND 337251 AND 337256 AND ((337252 AND 337253) OR 337254)"}},{"type":"ContactFilterSegmentElement","id":"8118","depth":"complete","count":"54656","isIncluded":"true","lastCalculatedAt":"1439544950","filter":{"type":"ContactFilter","currentStatus":"Draft","id":"120015","createdAt":"1439544949","createdBy":"18","depth":"complete","folderId":"51","name":"# Contacts FAB","permissions":["Retrieve","SetSecurity","Delete","Update"],"updatedAt":"1491983809","updatedBy":"18","criteria":[{"type":"ContactFieldCriterion","id":"337257","condition":{"type":"TextValueCondition","operator":"equal","value":"Food and Beverage"},"fieldId":"100045"},{"type":"ContactFieldCriterion","id":"337258","condition":{"type":"DateRangeCondition","end":{"type":"AbsoluteDate","seconds":"1467323940"},"operator":"between","start":{"type":"AbsoluteDate","seconds":"1435701600"}},"fieldId":"100092"},{"type":"ContactFieldCriterion","id":"337259","condition":{"type":"TextValueCondition","operator":"notEqual","value":"glf.elq"},"fieldId":"100461"}],"scope":"local","statement":"337257 AND 337258 AND 337259"}},{"type":"ContactFilterSegmentElement","id":"8119","depth":"complete","count":"17415","isIncluded":"true","lastCalculatedAt":"1439544952","filter":{"type":"ContactFilter","currentStatus":"Draft","id":"120016","createdAt":"1439544950","createdBy":"18","depth":"complete","folderId":"51","name":"Contacts Received Welcome","permissions":["Retrieve","SetSecurity","Delete","Update"],"updatedAt":"1491983809","updatedBy":"18","criteria":[{"type":"LinkedCustomObjectCriterion","id":"337260","customObjectId":"295","fieldConditions":[{"type":"FieldCondition","id":"367085","condition":{"type":"DateRangeCondition","end":{"type":"AbsoluteDate","seconds":"1483225140"},"operator":"between","start":{"type":"AbsoluteDate","seconds":"1475272800"}},"fieldId":"889"}]},{"type":"ContactFieldCriterion","id":"337262","condition":{"type":"TextValueCondition","operator":"equal","value":"Food and Beverage"},"fieldId":"100045"}],"scope":"local","statement":"337260 AND 337262"}},{"type":"ContactListSegmentElement","id":"14944","depth":"complete","count":"0","isIncluded":"true","lastCalculatedAt":"1484143050","list":{"type":"ContactList","currentStatus":"active","id":"12362","createdAt":"1484143027","createdBy":"20","depth":"complete","description":"Result from trimming filter # Contacts FAB with 1 element","folderId":"48","name":"Contacts not through welc","permissions":["Retrieve","SetSecurity","Delete","Update"],"updatedAt":"1491983809","updatedBy":"18","count":"30124","dataLookupId":"d0152e93-e22b-4996-9aaf-48252891a97f","scope":"local"}},{"type":"ContactListSegmentElement","id":"14945","depth":"complete","count":"0","isIncluded":"true","lastCalculatedAt":"1484143050","list":{"type":"ContactList","currentStatus":"active","id":"12363","createdAt":"1484143035","createdBy":"20","depth":"complete","description":"Result from trimming filter Leads FAB with 1 element","folderId":"48","name":"Leads not through welc","permissions":["Retrieve","SetSecurity","Delete","Update"],"updatedAt":"1491983809","updatedBy":"18","count":"289","dataLookupId":"8e4d91d3-f4f6-4db8-9e2b-4d5b30ccc0b8","scope":"local"}}],"isStale":"True"}