{"type":"ContactSegment","currentStatus":"Draft","depth":"complete","folderId":"1463","name":"Lead Dashboard - 2nd Brands","permissions":["Retrieve","SetSecurity","Delete","Update"],"updatedAt":"1528277899","updatedBy":"18","elements":[{"type":"ContactFilterSegmentElement","id":"19297","depth":"complete","count":"0","isIncluded":"true","lastCalculatedAt":"1499767810","filter":{"type":"ContactFilter","currentStatus":"Draft","id":"126419","createdAt":"1499767810","createdBy":"18","depth":"complete","folderId":"51","name":"fsx form submit","permissions":["Retrieve","SetSecurity","Delete","Update"],"updatedAt":"1528277899","updatedBy":"18","criteria":[{"type":"FormSubmitCriterion","id":"379302","activityRestriction":{"type":"NumericValueCondition","operator":"notLess","value":"1"},"timeRestriction":{"type":"DateRangeCondition","end":{"type":"AbsoluteDate","seconds":"1527803940"},"operator":"between","start":{"type":"AbsoluteDate","seconds":"1525125600"}},"formIds":["842"]},{"type":"ContactFieldCriterion","id":"393632","condition":{"type":"TextValueCondition","operator":"notEqual","value":"mt.com"},"fieldId":"100461"}],"scope":"local","statement":"379302 AND 393632"}},{"type":"ContactFilterSegmentElement","id":"19298","depth":"complete","count":"0","isIncluded":"true","lastCalculatedAt":"1499767891","filter":{"type":"ContactFilter","currentStatus":"Draft","id":"126420","createdAt":"1499767891","createdBy":"18","depth":"complete","folderId":"51","name":"PQE form submit","permissions":["Retrieve","SetSecurity","Delete","Update"],"updatedAt":"1528277899","updatedBy":"18","criteria":[{"type":"FormSubmitCriterion","id":"379303","activityRestriction":{"type":"NumericValueCondition","operator":"notLess","value":"1"},"timeRestriction":{"type":"DateRangeCondition","end":{"type":"AbsoluteDate","seconds":"1527803940"},"operator":"between","start":{"type":"AbsoluteDate","seconds":"1525125600"}},"formIds":["1169"]},{"type":"ContactFieldCriterion","id":"393633","condition":{"type":"TextValueCondition","operator":"notEqual","value":"mt.com"},"fieldId":"100461"}],"scope":"local","statement":"379303 AND 393633"}},{"type":"ContactFilterSegmentElement","id":"19299","depth":"complete","count":"0","isIncluded":"true","lastCalculatedAt":"1499767891","filter":{"type":"ContactFilter","currentStatus":"Draft","id":"126421","createdAt":"1499767891","createdBy":"18","depth":"complete","folderId":"51","name":"CQE form submit","permissions":["Retrieve","SetSecurity","Delete","Update"],"updatedAt":"1528277899","updatedBy":"18","criteria":[{"type":"FormSubmitCriterion","id":"379304","activityRestriction":{"type":"NumericValueCondition","operator":"notLess","value":"1"},"timeRestriction":{"type":"DateRangeCondition","end":{"type":"AbsoluteDate","seconds":"1527803940"},"operator":"between","start":{"type":"AbsoluteDate","seconds":"1525125600"}},"formIds":["1168"]},{"type":"ContactFieldCriterion","id":"393634","condition":{"type":"TextValueCondition","operator":"notEqual","value":"mt.com"},"fieldId":"100461"}],"scope":"local","statement":"379304 AND 393634"}}],"isStale":"True"}