{"type":"ContactSegment","currentStatus":"Draft","depth":"complete","folderId":"1463","name":"Contacts TLH Nurturing","permissions":["Retrieve","SetSecurity","Delete","Update"],"updatedAt":"1491988011","updatedBy":"18","elements":[{"type":"ContactFilterSegmentElement","id":"7853","depth":"complete","count":"349","isIncluded":"true","lastCalculatedAt":"1438761567","filter":{"type":"ContactFilter","currentStatus":"Draft","id":"119860","createdAt":"1438761564","createdBy":"18","depth":"complete","folderId":"51","name":"Leads TLH","permissions":["Retrieve","SetSecurity","Delete","Update"],"updatedAt":"1491988011","updatedBy":"18","criteria":[{"type":"ContactFieldCriterion","id":"336201","condition":{"type":"TextValueCondition","operator":"equal","value":"Testing Labs and Health Institutes"},"fieldId":"100045"},{"type":"ContactFieldCriterion","id":"336202","condition":{"type":"DateRangeCondition","end":{"type":"AbsoluteDate","seconds":"1467323940"},"operator":"between","start":{"type":"AbsoluteDate","seconds":"1435701600"}},"fieldId":"100092"},{"type":"ContactFieldCriterion","id":"336203","condition":{"type":"TextValueCondition","operator":"equal","value":"Lead"},"fieldId":"100090"},{"type":"ContactFieldCriterion","id":"336204","condition":{"type":"DateRangeCondition","end":{"type":"AbsoluteDate","seconds":"1490997540"},"operator":"between","start":{"type":"AbsoluteDate","seconds":"1475272800"}},"fieldId":"100634"},{"type":"ContactFieldCriterion","id":"336245","condition":{"type":"TextSetCondition","operator":"in","optionListId":"20743","quickListString":"eCDB_duplicate_1611,eCDB_duplicate_1703"},"fieldId":"100090"},{"type":"ContactFieldCriterion","id":"336410","condition":{"type":"TextValueCondition","operator":"notEqual","value":"glf.elq"},"fieldId":"100461"}],"scope":"local","statement":"336201 AND 336202 AND 336410 AND ((336203 AND 336204) OR 336245)"}},{"type":"ContactFilterSegmentElement","id":"7854","depth":"complete","count":"51317","isIncluded":"true","lastCalculatedAt":"1438761570","filter":{"type":"ContactFilter","currentStatus":"Draft","id":"119861","createdAt":"1438761567","createdBy":"18","depth":"complete","folderId":"51","name":"# Contacts TLH","permissions":["Retrieve","SetSecurity","Delete","Update"],"updatedAt":"1491988011","updatedBy":"18","criteria":[{"type":"ContactFieldCriterion","id":"336206","condition":{"type":"TextValueCondition","operator":"equal","value":"Testing Labs and Health Institutes"},"fieldId":"100045"},{"type":"ContactFieldCriterion","id":"336207","condition":{"type":"DateRangeCondition","end":{"type":"AbsoluteDate","seconds":"1467323940"},"operator":"between","start":{"type":"AbsoluteDate","seconds":"1435701600"}},"fieldId":"100092"},{"type":"ContactFieldCriterion","id":"336411","condition":{"type":"TextValueCondition","operator":"notEqual","value":"glf.elq"},"fieldId":"100461"},{"type":"ContactFieldCriterion","id":"350700","condition":{"type":"TextSetCondition","operator":"notIn","optionListId":"15351","quickListString":"bioportfolio,sqfi,ifs,ta literature research"},"fieldId":"100044"}],"scope":"local","statement":"336206 AND 336207 AND 336411 AND 350700"}},{"type":"ContactFilterSegmentElement","id":"7856","depth":"complete","count":"678","isIncluded":"true","lastCalculatedAt":"1438762664","filter":{"type":"ContactFilter","currentStatus":"Draft","id":"119863","createdAt":"1438762662","createdBy":"18","depth":"complete","folderId":"51","name":"Contacts through Nrt","permissions":["Retrieve","SetSecurity","Delete","Update"],"updatedAt":"1491988011","updatedBy":"18","criteria":[{"type":"LinkedCustomObjectCriterion","id":"336211","customObjectId":"302","fieldConditions":[{"type":"FieldCondition","id":"367025","condition":{"type":"DateRangeCondition","end":{"type":"AbsoluteDate","seconds":"1483225140"},"operator":"between","start":{"type":"AbsoluteDate","seconds":"1475272800"}},"fieldId":"897"}]},{"type":"ContactFieldCriterion","id":"350701","condition":{"type":"TextValueCondition","operator":"equal","value":"Testing Labs and Health Institutes"},"fieldId":"100045"}],"scope":"local","statement":"336211 AND 350701"}},{"type":"ContactListSegmentElement","id":"14915","depth":"complete","count":"0","isIncluded":"true","lastCalculatedAt":"1484137520","list":{"type":"ContactList","currentStatus":"active","id":"12332","createdAt":"1484137463","createdBy":"20","depth":"complete","description":"Result from trimming filter # Contacts TLH with 1 element","folderId":"48","name":"# Contacts not through nurt","permissions":["Retrieve","SetSecurity","Delete","Update"],"updatedAt":"1491988011","updatedBy":"18","count":"20949","dataLookupId":"985ce5a3-a0f6-4725-be36-dd000c8e9557","scope":"local"}},{"type":"ContactListSegmentElement","id":"14916","depth":"complete","count":"0","isIncluded":"true","lastCalculatedAt":"1484137520","list":{"type":"ContactList","currentStatus":"active","id":"12333","createdAt":"1484137491","createdBy":"20","depth":"complete","description":"Result from trimming filter Leads TLH with 1 element","folderId":"48","name":"# Leads not through nurt","permissions":["Retrieve","SetSecurity","Delete","Update"],"updatedAt":"1491988011","updatedBy":"18","count":"273","dataLookupId":"1367e2ee-31b8-4c67-834e-c134dbb3ec7a","scope":"local"}}],"isStale":"True"}