{"type":"ContactSegment","currentStatus":"Active","depth":"complete","folderId":"1463","name":"SYSTEM - Lead Scoring - Populating Custom Data Objects","permissions":["Retrieve","SetSecurity","Delete","Update"],"updatedAt":"1486650032","updatedBy":"20","elements":[{"type":"ContactFilterSegmentElement","id":"15276","depth":"complete","count":"0","isIncluded":"true","lastCalculatedAt":"1486050169","filter":{"type":"ContactFilter","currentStatus":"Draft","id":"118088","createdAt":"1415120206","createdBy":"20","depth":"complete","folderId":"9602","name":"Lead Scoring Model - Feeder 1","permissions":["Retrieve","SetSecurity","Delete","Update"],"updatedAt":"1486650032","updatedBy":"20","criteria":[{"type":"ContactFieldCriterion","id":"324774","condition":{"type":"TextValueCondition","operator":"equal","value":"1"},"fieldId":"100466"},{"type":"ContactFieldCriterion","id":"324775","condition":{"type":"TextValueCondition","operator":"equal","value":"1"},"fieldId":"100468"},{"type":"ContactFieldCriterion","id":"324776","condition":{"type":"TextValueCondition","operator":"equal","value":"1"},"fieldId":"100470"},{"type":"ContactFieldCriterion","id":"324777","condition":{"type":"TextValueCondition","operator":"equal","value":"1"},"fieldId":"100631"}],"scope":"global","statement":"324774 OR 324775 OR 324776 OR 324777"}},{"type":"ContactFilterSegmentElement","id":"15277","depth":"complete","count":"0","isIncluded":"true","lastCalculatedAt":"1486050169","filter":{"type":"ContactFilter","currentStatus":"Draft","id":"118089","createdAt":"1415120221","createdBy":"20","depth":"complete","folderId":"9602","name":"Lead Scoring Model - Feeder 2","permissions":["Retrieve","SetSecurity","Delete","Update"],"updatedAt":"1486650032","updatedBy":"20","criteria":[{"type":"ContactFieldCriterion","id":"324778","condition":{"type":"TextValueCondition","operator":"notBlank"},"fieldId":"100122"},{"type":"ContactFieldCriterion","id":"324779","condition":{"type":"TextValueCondition","operator":"notBlank"},"fieldId":"100201"},{"type":"ContactFieldCriterion","id":"324780","condition":{"type":"TextValueCondition","operator":"notBlank"},"fieldId":"100577"},{"type":"ContactFieldCriterion","id":"324781","condition":{"type":"TextValueCondition","operator":"notBlank"},"fieldId":"100578"},{"type":"ContactFieldCriterion","id":"324782","condition":{"type":"TextValueCondition","operator":"equal","value":"1"},"fieldId":"100467"},{"type":"ContactFieldCriterion","id":"324783","condition":{"type":"TextValueCondition","operator":"equal","value":"1"},"fieldId":"100465"}],"scope":"global","statement":"324778 OR 324779 OR 324780 OR 324781 OR 324782 OR 324783"}},{"type":"ContactFilterSegmentElement","id":"15278","depth":"complete","count":"0","isIncluded":"true","lastCalculatedAt":"1486050169","filter":{"type":"ContactFilter","currentStatus":"Draft","id":"118090","createdAt":"1415120233","createdBy":"20","depth":"complete","folderId":"9602","name":"Lead Scoring Model - Feeder 3","permissions":["Retrieve","SetSecurity","Delete","Update"],"updatedAt":"1486650032","updatedBy":"20","criteria":[{"type":"ContactFieldCriterion","id":"324784","condition":{"type":"TextValueCondition","operator":"notBlank"},"fieldId":"100659"},{"type":"ContactFieldCriterion","id":"324785","condition":{"type":"TextValueCondition","operator":"notBlank"},"fieldId":"100186"},{"type":"ContactFieldCriterion","id":"324786","condition":{"type":"TextValueCondition","operator":"notBlank"},"fieldId":"100191"},{"type":"ContactFieldCriterion","id":"324787","condition":{"type":"TextValueCondition","operator":"notBlank"},"fieldId":"100190"},{"type":"ContactFieldCriterion","id":"324788","condition":{"type":"TextValueCondition","operator":"notBlank"},"fieldId":"100192"}],"scope":"global","statement":"324784 OR 324785 OR 324786 OR 324787 OR 324788"}},{"type":"ContactFilterSegmentElement","id":"15279","depth":"complete","count":"0","isIncluded":"true","lastCalculatedAt":"1486050169","filter":{"type":"ContactFilter","currentStatus":"Draft","id":"118091","createdAt":"1415120246","createdBy":"20","depth":"complete","folderId":"9602","name":"Lead Scoring Model - Feeder 4","permissions":["Retrieve","SetSecurity","Delete","Update"],"updatedAt":"1486650032","updatedBy":"20","criteria":[{"type":"ContactFieldCriterion","id":"324789","condition":{"type":"TextValueCondition","operator":"notBlank"},"fieldId":"100189"},{"type":"ContactFieldCriterion","id":"324790","condition":{"type":"TextValueCondition","operator":"notBlank"},"fieldId":"100187"},{"type":"ContactFieldCriterion","id":"324791","condition":{"type":"TextValueCondition","operator":"notBlank"},"fieldId":"100183"},{"type":"ContactFieldCriterion","id":"324792","condition":{"type":"TextValueCondition","operator":"notBlank"},"fieldId":"100074"}],"scope":"global","statement":"324789 OR 324790 OR 324791 OR 324792"}},{"type":"ContactFilterSegmentElement","id":"15280","depth":"complete","count":"0","isIncluded":"true","lastCalculatedAt":"1486050169","filter":{"type":"ContactFilter","currentStatus":"Draft","id":"118092","createdAt":"1415120258","createdBy":"20","depth":"complete","folderId":"9602","name":"Lead Scoring Model - Feeder 5","permissions":["Retrieve","SetSecurity","Delete","Update"],"updatedAt":"1486650032","updatedBy":"20","criteria":[{"type":"ContactFieldCriterion","id":"324793","condition":{"type":"TextValueCondition","operator":"equal","value":"1"},"fieldId":"100464"}],"scope":"global","statement":"324793"}},{"type":"ContactFilterSegmentElement","id":"15281","depth":"complete","count":"0","isIncluded":"true","lastCalculatedAt":"1486050169","filter":{"type":"ContactFilter","currentStatus":"Draft","id":"118093","createdAt":"1415120271","createdBy":"20","depth":"complete","folderId":"9602","name":"Lead Scoring Model - Feeder 6","permissions":["Retrieve","SetSecurity","Delete","Update"],"updatedAt":"1486650032","updatedBy":"20","criteria":[{"type":"ContactFieldCriterion","id":"324794","condition":{"type":"TextValueCondition","operator":"equal","value":"1"},"fieldId":"100469"}],"scope":"global","statement":"324794"}},{"type":"ContactFilterSegmentElement","id":"15282","depth":"complete","count":"0","isIncluded":"false","lastCalculatedAt":"1486050169","filter":{"type":"ContactFilter","currentStatus":"Active","id":"118322","createdAt":"1417711135","createdBy":"20","depth":"complete","folderId":"8559","name":"Lead Scoring - Exclude Contacts Linked to CDO Sets New","permissions":["Retrieve","SetSecurity","Delete","Update"],"updatedAt":"1486650032","updatedBy":"20","criteria":[{"type":"LinkedCustomObjectCriterion","id":"326349","customObjectId":"291"},{"type":"LinkedCustomObjectCriterion","id":"326350","customObjectId":"293"},{"type":"LinkedCustomObjectCriterion","id":"326351","customObjectId":"292"},{"type":"LinkedCustomObjectCriterion","id":"326352","customObjectId":"294"}],"scope":"global","statement":"326349 AND 326350 AND 326351 AND 326352"}}],"isStale":"True"}