{"type":"ContactSegment","currentStatus":"Draft","depth":"complete","folderId":"1463","name":"TMK_TM_1703_Japan/Korea_TQ_test","permissions":["Retrieve","SetSecurity","Delete","Update"],"updatedAt":"1505982178","updatedBy":"58","elements":[{"type":"ContactFilterSegmentElement","id":"17713","depth":"complete","count":"0","isIncluded":"true","lastCalculatedAt":"1490277259","filter":{"type":"ContactFilter","currentStatus":"Draft","id":"125304","createdAt":"1490277259","createdBy":"18","depth":"complete","folderId":"51","name":"Filter Criteria 1","permissions":["Retrieve","SetSecurity","Delete","Update"],"updatedAt":"1505982178","updatedBy":"58","criteria":[{"type":"ContactFieldCriterion","id":"371889","condition":{"type":"TextValueCondition","operator":"notBlank"},"fieldId":"100013"},{"type":"ContactFieldCriterion","id":"371892","condition":{"type":"TextValueCondition","operator":"notBlank"},"fieldId":"100174"}],"scope":"local","statement":"(371889 OR 371892)"}},{"type":"ContactFilterSegmentElement","id":"17714","depth":"complete","count":"0","isIncluded":"false","lastCalculatedAt":"1490277259","filter":{"type":"ContactFilter","currentStatus":"Draft","id":"125305","createdAt":"1490277259","createdBy":"18","depth":"complete","folderId":"51","name":"Filter Criteria 2","permissions":["Retrieve","SetSecurity","Delete","Update"],"updatedAt":"1505982178","updatedBy":"58","criteria":[{"type":"ContactFieldCriterion","id":"371894","condition":{"type":"TextValueCondition","operator":"equal","value":"Active"},"fieldId":"100089"},{"type":"ContactFieldCriterion","id":"371895","condition":{"type":"TextSetCondition","operator":"in","optionListId":"20287","quickListString":"Bioportfolio,IFS,TA Literature Research"},"fieldId":"100044"},{"type":"ContactFieldCriterion","id":"371896","condition":{"type":"TextSetCondition","operator":"notIn","optionListId":"20288","quickListString":"Japan,Korea,South Korea"},"fieldId":"100012"},{"type":"ContactFieldCriterion","id":"371897","condition":{"type":"TextValueCondition","operator":"notBlank"},"fieldId":"100404"},{"type":"ContactFieldCriterion","id":"371898","condition":{"type":"TextValueCondition","operator":"blank"},"fieldId":"100003"},{"type":"ContactFieldCriterion","id":"371899","condition":{"type":"TextValueCondition","operator":"notBlank"},"fieldId":"100770"},{"type":"ContactFieldCriterion","id":"373186","condition":{"type":"TextValueCondition","operator":"blank"},"fieldId":"100431"},{"type":"ContactFieldCriterion","id":"373187","condition":{"type":"TextValueCondition","operator":"blank"},"fieldId":"100068"},{"type":"ContactFieldCriterion","id":"373189","condition":{"type":"TextValueCondition","operator":"notEqual","value":"hyundai-autron.com"},"fieldId":"100461"}],"scope":"local","statement":"371894 OR 371895 OR 371896 OR 371897 OR 371898 OR 371899 OR 373186 OR 373187 OR 373189"}},{"type":"ContactListSegmentElement","id":"17715","depth":"complete","count":"0","isIncluded":"false","lastCalculatedAt":"1490277259","list":{"type":"ContactList","currentStatus":"active","id":"8277","createdAt":"1427884066","createdBy":"20","depth":"complete","folderId":"9130","name":"SYSTEM - Phone Number Generic Cleaning Exceptions Phone1","permissions":["Retrieve","SetSecurity","Delete","Update"],"updatedAt":"1530623378","updatedBy":"58","count":"1119","dataLookupId":"1accd755-7bd7-466a-985f-a45ebc79656f","scope":"global"}},{"type":"ContactListSegmentElement","id":"17716","depth":"complete","count":"0","isIncluded":"false","lastCalculatedAt":"1490277259","list":{"type":"ContactList","currentStatus":"active","id":"8715","createdAt":"1434953093","createdBy":"20","depth":"complete","folderId":"9130","name":"SYSTEM - Phone Number Generic Cleaning Exceptions Phone2","permissions":["Retrieve","SetSecurity","Delete","Update"],"updatedAt":"1530623378","updatedBy":"58","count":"6184","dataLookupId":"6498e8d7-baae-4d4f-b58a-11f167a7c7c0","scope":"global"}},{"type":"ContactListSegmentElement","id":"17717","depth":"complete","count":"0","isIncluded":"false","lastCalculatedAt":"1490277259","list":{"type":"ContactList","currentStatus":"active","id":"7862","createdAt":"1422885634","createdBy":"20","depth":"complete","folderId":"9130","name":"SYSTEM - Phone Number Country Cleaning Wrong Numbers Phone1","permissions":["Retrieve","SetSecurity","Delete","Update"],"updatedAt":"1530623378","updatedBy":"58","count":"51184","dataLookupId":"9dcc4e3b-c712-4ab1-a38d-02e2a1312430","scope":"global"}},{"type":"ContactListSegmentElement","id":"17718","depth":"complete","count":"0","isIncluded":"false","lastCalculatedAt":"1490277259","list":{"type":"ContactList","currentStatus":"active","id":"7865","createdAt":"1422889542","createdBy":"20","depth":"complete","folderId":"9130","name":"SYSTEM - Phone Number Country Cleaning Wrong Numbers Phone2","permissions":["Retrieve","SetSecurity","Delete","Update"],"updatedAt":"1530623378","updatedBy":"58","count":"41869","dataLookupId":"2082fb5b-1b36-497e-b0e2-3f35ce74d052","scope":"global"}},{"type":"ContactFilterSegmentElement","id":"17719","depth":"complete","count":"0","isIncluded":"false","lastCalculatedAt":"1490277259","filter":{"type":"ContactFilter","currentStatus":"Draft","id":"125306","createdAt":"1490277259","createdBy":"18","depth":"complete","folderId":"51","name":"No App1 and Email","permissions":["Retrieve","SetSecurity","Delete","Update"],"updatedAt":"1505982178","updatedBy":"58","criteria":[{"type":"ContactFieldCriterion","id":"371900","condition":{"type":"TextValueCondition","operator":"notBlank"},"fieldId":"100464"},{"type":"ContactFieldCriterion","id":"371901","condition":{"type":"TextValueCondition","operator":"notBlank"},"fieldId":"100465"},{"type":"ContactFieldCriterion","id":"371902","condition":{"type":"TextValueCondition","operator":"notBlank"},"fieldId":"100466"},{"type":"ContactFieldCriterion","id":"371903","condition":{"type":"TextValueCondition","operator":"notBlank"},"fieldId":"100467"},{"type":"ContactFieldCriterion","id":"371904","condition":{"type":"TextValueCondition","operator":"notBlank"},"fieldId":"100468"},{"type":"ContactFieldCriterion","id":"371905","condition":{"type":"TextValueCondition","operator":"notBlank"},"fieldId":"100469"},{"type":"ContactFieldCriterion","id":"371906","condition":{"type":"TextValueCondition","operator":"notBlank"},"fieldId":"100470"},{"type":"ContactFieldCriterion","id":"371907","condition":{"type":"TextValueCondition","operator":"notBlank"},"fieldId":"100631"},{"type":"ContactFieldCriterion","id":"371908","condition":{"type":"TextValueCondition","operator":"equal","value":"glf.elq"},"fieldId":"100461"}],"scope":"local","statement":"371900 OR 371901 OR 371902 OR 371903 OR 371904 OR 371905 OR 371906 OR 371907 OR 371908"}},{"type":"ContactFilterSegmentElement","id":"17720","depth":"complete","count":"0","isIncluded":"false","lastCalculatedAt":"1490277259","filter":{"type":"ContactFilter","currentStatus":"Draft","id":"125307","createdAt":"1490277259","createdBy":"18","depth":"complete","folderId":"51","name":"Exclude Industry","permissions":["Retrieve","SetSecurity","Delete","Update"],"updatedAt":"1505982178","updatedBy":"58","criteria":[{"type":"ContactFieldCriterion","id":"371909","condition":{"type":"TextValueCondition","operator":"equal","value":"Retail"},"fieldId":"100045"},{"type":"ContactFieldCriterion","id":"371910","condition":{"type":"TextValueCondition","operator":"equal","value":"Transport and Logistics"},"fieldId":"100045"},{"type":"ContactFieldCriterion","id":"371911","condition":{"type":"TextValueCondition","operator":"equal","value":"Utilities and Municipalities"},"fieldId":"100045"},{"type":"ContactFieldCriterion","id":"371912","condition":{"type":"TextValueCondition","operator":"equal","value":"Pulp, Paper and Textile"},"fieldId":"100045"}],"scope":"local","statement":"371909 OR 371910 OR 371911 OR 371912"}},{"type":"ContactFilterSegmentElement","id":"17721","depth":"complete","count":"0","isIncluded":"false","lastCalculatedAt":"1490277259","filter":{"type":"ContactFilter","currentStatus":"Draft","id":"125308","createdAt":"1490277259","createdBy":"18","depth":"complete","folderId":"51","name":"Exclude Workplace","permissions":["Retrieve","SetSecurity","Delete","Update"],"updatedAt":"1505982178","updatedBy":"58","criteria":[{"type":"ContactFieldCriterion","id":"371913","condition":{"type":"TextValueCondition","operator":"equal","value":"Sales, Marketing and Merchandising"},"fieldId":"100084"},{"type":"ContactFieldCriterion","id":"371914","condition":{"type":"TextValueCondition","operator":"equal","value":"Others"},"fieldId":"100084"},{"type":"ContactFieldCriterion","id":"371915","condition":{"type":"TextValueCondition","operator":"equal","value":"IT / Information Technology"},"fieldId":"100084"},{"type":"ContactFieldCriterion","id":"371916","condition":{"type":"TextValueCondition","operator":"equal","value":"Procurement, Finance and Admin"},"fieldId":"100084"},{"type":"ContactFieldCriterion","id":"371917","condition":{"type":"TextValueCondition","operator":"doesNotContain","value":"procurement"},"fieldId":"100048"}],"scope":"local","statement":"371913 OR 371914 OR 371915 OR (371916 AND 371917)"}}],"isStale":"True"}