{"type":"ContactSegment","currentStatus":"Active","depth":"complete","folderId":"1463","name":"SYSTEM Inactivate - DACH contacts with email address","permissions":["Retrieve","SetSecurity","Delete","Update"],"updatedAt":"1526546762","updatedBy":"18","elements":[{"type":"ContactFilterSegmentElement","id":"18895","depth":"complete","count":"0","isIncluded":"true","lastCalculatedAt":"1496219603","filter":{"type":"ContactFilter","currentStatus":"Draft","id":"126109","createdAt":"1496219603","createdBy":"18","depth":"complete","folderId":"51","name":"Filter Criteria 1","permissions":["Retrieve","SetSecurity","Delete","Update"],"updatedAt":"1526546762","updatedBy":"18","criteria":[{"type":"ContactFieldCriterion","id":"377586","condition":{"type":"TextValueCondition","operator":"equal","value":"Active"},"fieldId":"100089"},{"type":"ContactFieldCriterion","id":"377588","condition":{"type":"TextSetCondition","operator":"in","optionListId":"21194","quickListString":"Germany,Austria,Switzerland"},"fieldId":"100012"},{"type":"ContactFieldCriterion","id":"390522","condition":{"type":"TextValueCondition","operator":"equal","value":"Academia, Science and Education"},"fieldId":"100045"},{"type":"ContactFieldCriterion","id":"396157","condition":{"type":"TextValueCondition","operator":"blank"},"fieldId":"100045"},{"type":"ContactFieldCriterion","id":"396158","condition":{"type":"TextValueCondition","operator":"contains","value":"Bioportfolio"},"fieldId":"100044"},{"type":"ContactFieldCriterion","id":"396159","condition":{"type":"TextValueCondition","operator":"contains","value":"pubmed"},"fieldId":"100044"},{"type":"ContactFieldCriterion","id":"396160","condition":{"type":"TextValueCondition","operator":"contains","value":"Monocl"},"fieldId":"100044"},{"type":"ContactFieldCriterion","id":"396161","condition":{"type":"TextValueCondition","operator":"notEqual","value":"glf.elq"},"fieldId":"100461"},{"type":"ContactFieldCriterion","id":"396168","condition":{"type":"TextSetCondition","operator":"notIn","optionListId":"24767","quickListString":"consent contact direct,contractual relationship"},"fieldId":"100818"}],"scope":"local","statement":"377586 AND 396161 AND 377588 AND 396168 AND (390522 OR (396157 AND (396158 OR 396159 OR 396160)))"}}],"isStale":"True"}