{"type":"ContactSegment","currentStatus":"Draft","depth":"complete","folderId":"1463","name":"Active App1 Corrected","permissions":["Retrieve","SetSecurity","Delete","Update"],"updatedAt":"1491820893","updatedBy":"18","elements":[{"type":"ContactFilterSegmentElement","id":"2267","depth":"complete","count":"183387","isIncluded":"true","lastCalculatedAt":"1386779915","filter":{"type":"ContactFilter","currentStatus":"Draft","id":"115643","createdAt":"1386779915","createdBy":"18","depth":"complete","folderId":"51","name":"App1 Corrected","permissions":["Retrieve","SetSecurity","Delete","Update"],"updatedAt":"1491820893","updatedBy":"18","criteria":[{"type":"ContactFieldCriterion","id":"309922","condition":{"type":"TextValueCondition","operator":"equal","value":"Active"},"fieldId":"100089"},{"type":"ContactFieldCriterion","id":"309932","condition":{"type":"DateValueCondition","operator":"less","value":{"type":"AbsoluteDate","seconds":"1483225200"}},"fieldId":"100092"},{"type":"ContactFieldCriterion","id":"309933","condition":{"type":"TextSetCondition","operator":"notIn","optionListId":"8538","quickListString":"Dealers and Distributors,Retail,IT / Information Technology,Others"},"fieldId":"100084"},{"type":"ContactFieldCriterion","id":"309934","condition":{"type":"TextValueCondition","operator":"notEqual","value":"Sales, Marketing and Merchandising"},"fieldId":"100084"},{"type":"ContactFieldCriterion","id":"309935","condition":{"type":"TextValueCondition","operator":"notEqual","value":"Procurement, Finance and Admin"},"fieldId":"100084"},{"type":"ContactFieldCriterion","id":"309936","condition":{"type":"DateRangeCondition","end":{"type":"AbsoluteDate","seconds":"1490997540"},"operator":"between","start":{"type":"AbsoluteDate","seconds":"1459461600"}},"fieldId":"100634"},{"type":"ContactFieldCriterion","id":"312256","condition":{"type":"TextValueCondition","operator":"notEqual","value":"glf.elq"},"fieldId":"100461"},{"type":"ContactFieldCriterion","id":"314629","condition":{"type":"TextValueCondition","operator":"equal","value":"Raw and Precious Materials"},"fieldId":"100045"}],"scope":"local","statement":"(309922 OR 309936) AND 309932 AND 309933 AND 309935 AND 309934 AND 312256 AND 314629"}}],"isStale":"True"}