{"type":"ContactSegment","currentStatus":"Draft","depth":"complete","folderId":"1463","name":"Append_EmailAddress_Monthly","permissions":["Retrieve","SetSecurity","Delete","Update"],"updatedAt":"1528890977","updatedBy":"20","elements":[{"type":"ContactFilterSegmentElement","id":"11389","depth":"complete","count":"552322","isIncluded":"true","lastCalculatedAt":"1463495837","filter":{"type":"ContactFilter","currentStatus":"Draft","id":"122281","createdAt":"1463495837","createdBy":"20","depth":"complete","folderId":"51","name":"Without email address","permissions":["Retrieve","SetSecurity","Delete","Update"],"updatedAt":"1528890977","updatedBy":"20","criteria":[{"type":"ContactFieldCriterion","id":"352804","condition":{"type":"TextValueCondition","operator":"equal","value":"Active"},"fieldId":"100089"},{"type":"ContactFieldCriterion","id":"352805","condition":{"type":"TextValueCondition","operator":"equal","value":"glf.elq"},"fieldId":"100461"},{"type":"ContactFieldCriterion","id":"359655","condition":{"type":"TextValueCondition","operator":"equal","value":"Country not covered"},"fieldId":"100090"},{"type":"ContactFieldCriterion","id":"388528","condition":{"type":"TextValueCondition","operator":"equal","value":"Pending"},"fieldId":"100089"}],"scope":"local","statement":"(359655 OR 388528 OR 352804) AND 352805"}},{"type":"ContactFilterSegmentElement","id":"19244","depth":"complete","count":"0","isIncluded":"false","lastCalculatedAt":"1499333357","filter":{"type":"ContactFilter","currentStatus":"Draft","id":"126388","createdAt":"1499333357","createdBy":"20","depth":"complete","folderId":"51","name":"Filter Criteria 5","permissions":["Retrieve","SetSecurity","Delete","Update"],"updatedAt":"1528890977","updatedBy":"20","criteria":[{"type":"LinkedCustomObjectCriterion","id":"379050","customObjectId":"320","fieldConditions":[{"type":"FieldCondition","id":"379048","condition":{"type":"DateValueCondition","operator":"withinLast","value":{"type":"RelativeDate","offset":"1","timePeriod":"month"}},"fieldId":"1040"}]}],"scope":"local","statement":"379050"}},{"type":"ContactListSegmentElement","id":"21451","depth":"complete","count":"0","isIncluded":"false","lastCalculatedAt":"1517297017","list":{"type":"ContactList","currentStatus":"active","id":"17663","createdAt":"1511767590","createdBy":"18","depth":"complete","folderId":"18149","name":"SYSTEM - GNF Cold Leads Send for Append","permissions":["Retrieve","SetSecurity","Delete","Update"],"updatedAt":"1530694713","updatedBy":"18","count":"18083","dataLookupId":"719182b6-0c0e-4eb6-ac06-099ea1127c7c","scope":"global"}},{"type":"ContactFilterSegmentElement","id":"22117","depth":"complete","count":"0","isIncluded":"false","lastCalculatedAt":"1522054190","filter":{"type":"ContactFilter","currentStatus":"Draft","id":"128430","createdAt":"1522054190","createdBy":"20","depth":"complete","folderId":"51","name":"Master_ID is blank","permissions":["Retrieve","SetSecurity","Delete","Update"],"updatedAt":"1528890977","updatedBy":"20","criteria":[{"type":"ContactFieldCriterion","id":"393238","condition":{"type":"NumericValueCondition","operator":"less","value":"1"},"fieldId":"100087"}],"scope":"local","statement":"393238"}},{"type":"ContactFilterSegmentElement","id":"22652","depth":"complete","count":"0","isIncluded":"false","lastCalculatedAt":"1524727157","filter":{"type":"ContactFilter","currentStatus":"Draft","id":"128774","createdAt":"1524727157","createdBy":"20","depth":"complete","folderId":"51","name":"Filter Criteria 18","permissions":["Retrieve","SetSecurity","Delete","Update"],"updatedAt":"1528890977","updatedBy":"20","criteria":[{"type":"LinkedCustomObjectCriterion","id":"395507","customObjectId":"320","fieldConditions":[{"type":"FieldCondition","id":"395506","condition":{"type":"DateRangeCondition","end":{"type":"AbsoluteDate","seconds":"1526507940"},"operator":"between","start":{"type":"AbsoluteDate","seconds":"1526248800"}},"fieldId":"1036"}]}],"scope":"local","statement":"395507"}},{"type":"ContactFilterSegmentElement","id":"22760","depth":"complete","count":"0","isIncluded":"false","lastCalculatedAt":"1526390849","filter":{"type":"ContactFilter","currentStatus":"Draft","id":"128862","createdAt":"1526390849","createdBy":"20","depth":"complete","folderId":"51","name":"Filter Criteria 19","permissions":["Retrieve","SetSecurity","Delete","Update"],"updatedAt":"1528890977","updatedBy":"20","criteria":[{"type":"LinkedCustomObjectCriterion","id":"396039","customObjectId":"320","fieldConditions":[{"type":"FieldCondition","id":"396038","condition":{"type":"DateRangeCondition","end":{"type":"AbsoluteDate","seconds":"1526507940"},"operator":"between","start":{"type":"AbsoluteDate","seconds":"1526248800"}},"fieldId":"1466"}]}],"scope":"local","statement":"396039"}},{"type":"ContactFilterSegmentElement","id":"23146","depth":"complete","count":"0","isIncluded":"false","lastCalculatedAt":"1528887415","filter":{"type":"ContactFilter","currentStatus":"Draft","id":"129035","createdAt":"1528887415","createdBy":"20","depth":"complete","folderId":"51","name":"Filter Criteria 20","permissions":["Retrieve","SetSecurity","Delete","Update"],"updatedAt":"1528890977","updatedBy":"20","criteria":[{"type":"ContactFieldCriterion","id":"397240","condition":{"type":"TextSetCondition","operator":"in","optionListId":"24973","quickListString":"UK,Southern Europe,Western Europe,DACH,Nordic,Central Europe,Eastern Europe,Northern Europe"},"fieldId":"100068"},{"type":"ContactFieldCriterion","id":"397241","condition":{"type":"TextValueCondition","operator":"blank"},"fieldId":"100012"}],"scope":"local","statement":"397240 OR 397241"}},{"type":"ContactFilterSegmentElement","id":"23147","depth":"complete","count":"0","isIncluded":"false","lastCalculatedAt":"1528887415","filter":{"type":"ContactFilter","currentStatus":"Draft","id":"129036","createdAt":"1528887415","createdBy":"20","depth":"complete","folderId":"51","name":"Filter Criteria 21","permissions":["Retrieve","SetSecurity","Delete","Update"],"updatedAt":"1528890977","updatedBy":"20","criteria":[{"type":"LinkedCustomObjectCriterion","id":"397242","customObjectId":"320","fieldConditions":[{"type":"FieldCondition","id":"397239","condition":{"type":"DateRangeCondition","end":{"type":"AbsoluteDate","seconds":"1529013540"},"operator":"between","start":{"type":"AbsoluteDate","seconds":"1528754400"}},"fieldId":"1035"}]}],"scope":"local","statement":"397242"}},{"type":"ContactFilterSegmentElement","id":"23148","depth":"complete","count":"0","isIncluded":"false","lastCalculatedAt":"1528890977","filter":{"type":"ContactFilter","currentStatus":"Draft","id":"129038","createdAt":"1528890977","createdBy":"20","depth":"complete","folderId":"51","name":"Filter Criteria 22","permissions":["Retrieve","SetSecurity","Delete","Update"],"updatedAt":"1528890977","updatedBy":"20","criteria":[{"type":"LinkedCustomObjectCriterion","id":"397244","customObjectId":"320","fieldConditions":[{"type":"FieldCondition","id":"397243","condition":{"type":"DateValueCondition","operator":"withinLast","value":{"type":"RelativeDate","offset":"12","timePeriod":"month"}},"fieldId":"1037"}]}],"scope":"local","statement":"397244"}}],"isStale":"True"}