{"type":"ContactSegment","currentStatus":"Draft","depth":"complete","folderId":"1463","name":"Contacts MPE Nurturing","permissions":["Retrieve","SetSecurity","Delete","Update"],"updatedAt":"1491988407","updatedBy":"18","elements":[{"type":"ContactFilterSegmentElement","id":"7863","depth":"complete","count":"108","isIncluded":"true","lastCalculatedAt":"1438764894","filter":{"type":"ContactFilter","currentStatus":"Draft","id":"119870","createdAt":"1438764893","createdBy":"18","depth":"complete","folderId":"51","name":"Leads MPE","permissions":["Retrieve","SetSecurity","Delete","Update"],"updatedAt":"1491988407","updatedBy":"18","criteria":[{"type":"ContactFieldCriterion","id":"336250","condition":{"type":"TextValueCondition","operator":"equal","value":"Metal, Plastic and Electronics Components"},"fieldId":"100045"},{"type":"ContactFieldCriterion","id":"336251","condition":{"type":"DateRangeCondition","end":{"type":"AbsoluteDate","seconds":"1467323940"},"operator":"between","start":{"type":"AbsoluteDate","seconds":"1435701600"}},"fieldId":"100092"},{"type":"ContactFieldCriterion","id":"336252","condition":{"type":"TextValueCondition","operator":"equal","value":"Lead"},"fieldId":"100090"},{"type":"ContactFieldCriterion","id":"336253","condition":{"type":"DateRangeCondition","end":{"type":"AbsoluteDate","seconds":"1490997540"},"operator":"between","start":{"type":"AbsoluteDate","seconds":"1475272800"}},"fieldId":"100634"},{"type":"ContactFieldCriterion","id":"336407","condition":{"type":"TextValueCondition","operator":"notEqual","value":"glf.elq"},"fieldId":"100461"},{"type":"ContactFieldCriterion","id":"351259","condition":{"type":"TextValueCondition","operator":"equal","value":"eCDB_duplicate_1611"},"fieldId":"100090"},{"type":"ContactFieldCriterion","id":"374481","condition":{"type":"TextValueCondition","operator":"equal","value":"eCDB_duplicate_1703"},"fieldId":"100090"}],"scope":"local","statement":"336250 AND 336251 AND 336407 AND ((336252 AND 336253) OR 374481 OR 351259)"}},{"type":"ContactFilterSegmentElement","id":"7864","depth":"complete","count":"37797","isIncluded":"true","lastCalculatedAt":"1438764895","filter":{"type":"ContactFilter","currentStatus":"Draft","id":"119871","createdAt":"1438764894","createdBy":"18","depth":"complete","folderId":"51","name":"# Contacts MPE","permissions":["Retrieve","SetSecurity","Delete","Update"],"updatedAt":"1491988407","updatedBy":"18","criteria":[{"type":"ContactFieldCriterion","id":"336257","condition":{"type":"TextValueCondition","operator":"equal","value":"Metal, Plastic and Electronics Components"},"fieldId":"100045"},{"type":"ContactFieldCriterion","id":"336258","condition":{"type":"DateRangeCondition","end":{"type":"AbsoluteDate","seconds":"1467323940"},"operator":"between","start":{"type":"AbsoluteDate","seconds":"1435701600"}},"fieldId":"100092"},{"type":"ContactFieldCriterion","id":"336408","condition":{"type":"TextValueCondition","operator":"notEqual","value":"glf.elq"},"fieldId":"100461"}],"scope":"local","statement":"336257 AND 336258 AND 336408"}},{"type":"ContactFilterSegmentElement","id":"7865","depth":"complete","count":"172","isIncluded":"true","lastCalculatedAt":"1438764897","filter":{"type":"ContactFilter","currentStatus":"Draft","id":"119872","createdAt":"1438764895","createdBy":"18","depth":"complete","folderId":"51","name":"Contacts through Nrt","permissions":["Retrieve","SetSecurity","Delete","Update"],"updatedAt":"1491988407","updatedBy":"18","criteria":[{"type":"LinkedCustomObjectCriterion","id":"336260","customObjectId":"302","fieldConditions":[{"type":"FieldCondition","id":"367027","condition":{"type":"DateRangeCondition","end":{"type":"AbsoluteDate","seconds":"1483225140"},"operator":"between","start":{"type":"AbsoluteDate","seconds":"1475272800"}},"fieldId":"902"}]},{"type":"ContactFieldCriterion","id":"351261","condition":{"type":"TextValueCondition","operator":"equal","value":"Metal, Plastic and Electronics Components"},"fieldId":"100045"}],"scope":"local","statement":"336260 AND 351261"}},{"type":"ContactListSegmentElement","id":"14917","depth":"complete","count":"0","isIncluded":"true","lastCalculatedAt":"1484137986","list":{"type":"ContactList","currentStatus":"active","id":"12334","createdAt":"1484137947","createdBy":"20","depth":"complete","description":"Result from trimming filter # Contacts MPE with 1 element","folderId":"48","name":"# Contacts not through nurt","permissions":["Retrieve","SetSecurity","Delete","Update"],"updatedAt":"1491988407","updatedBy":"18","count":"21823","dataLookupId":"63debfd9-4e2a-4773-99a4-547098d7ed62","scope":"local"}},{"type":"ContactListSegmentElement","id":"14918","depth":"complete","count":"0","isIncluded":"true","lastCalculatedAt":"1484137986","list":{"type":"ContactList","currentStatus":"active","id":"12335","createdAt":"1484137958","createdBy":"20","depth":"complete","description":"Result from trimming filter Leads MPE with 1 element","folderId":"48","name":"# Leads not through nurt","permissions":["Retrieve","SetSecurity","Delete","Update"],"updatedAt":"1491988407","updatedBy":"18","count":"81","dataLookupId":"44b6dc90-5483-431e-add5-e7cfc19f0014","scope":"local"}}],"isStale":"True"}