{"type":"ContactSegment","currentStatus":"Draft","depth":"complete","folderId":"1463","name":"topKA_monthly Dashboard","permissions":["Retrieve","SetSecurity","Delete","Update"],"updatedAt":"1525682625","updatedBy":"18","elements":[{"type":"ContactFilterSegmentElement","id":"18190","depth":"complete","count":"0","isIncluded":"true","lastCalculatedAt":"1491808309","filter":{"type":"ContactFilter","currentStatus":"Draft","id":"125607","createdAt":"1491808309","createdBy":"18","depth":"complete","folderId":"51","name":"Email Sent 1 Month","permissions":["Retrieve","SetSecurity","Delete","Update"],"updatedAt":"1525682625","updatedBy":"18","criteria":[{"type":"ContactFieldCriterion","id":"374141","condition":{"type":"TextValueCondition","operator":"notBlank"},"fieldId":"100770"},{"type":"ContactFieldCriterion","id":"374142","condition":{"type":"TextSetCondition","operator":"notIn","optionListId":"20662","quickListString":"IFS,Bioportfolio,SQFI"},"fieldId":"100044"},{"type":"ContactFieldCriterion","id":"374143","condition":{"type":"TextValueCondition","operator":"notEqual","value":"glf.elq"},"fieldId":"100461"},{"type":"EmailSentCriterion","id":"374144","activityRestriction":{"type":"NumericValueCondition","operator":"notLess","value":"1"},"timeRestriction":{"type":"DateRangeCondition","end":{"type":"AbsoluteDate","seconds":"1525125540"},"operator":"between","start":{"type":"AbsoluteDate","seconds":"1522533600"}}},{"type":"ContactFieldCriterion","id":"374150","condition":{"type":"DateValueCondition","operator":"greater","value":{"type":"AbsoluteDate","seconds":"1451602740"}},"fieldId":"100092"},{"type":"ContactFieldCriterion","id":"395743","condition":{"type":"TextValueCondition","operator":"notEqual","value":"ntk"},"fieldId":"100770"},{"type":"ContactFieldCriterion","id":"395744","condition":{"type":"TextValueCondition","operator":"notEqual","value":"Total"},"fieldId":"100770"},{"type":"ContactFieldCriterion","id":"395745","condition":{"type":"TextValueCondition","operator":"notEqual","value":"TotalSA"},"fieldId":"100770"}],"scope":"local","statement":"374141 AND 395743 AND 395744 AND 395745 AND 374142 AND 374143 AND 374144 AND 374150"}},{"type":"ContactFilterSegmentElement","id":"18191","depth":"complete","count":"0","isIncluded":"true","lastCalculatedAt":"1491808310","filter":{"type":"ContactFilter","currentStatus":"Draft","id":"125608","createdAt":"1491808309","createdBy":"18","depth":"complete","folderId":"51","name":"Opened Email 1 Month","permissions":["Retrieve","SetSecurity","Delete","Update"],"updatedAt":"1525682625","updatedBy":"18","criteria":[{"type":"ContactFieldCriterion","id":"374145","condition":{"type":"TextValueCondition","operator":"notBlank"},"fieldId":"100770"},{"type":"ContactFieldCriterion","id":"374146","condition":{"type":"TextSetCondition","operator":"notIn","optionListId":"20663","quickListString":"IFS,SQFI,Bioportfolio"},"fieldId":"100044"},{"type":"ContactFieldCriterion","id":"374147","condition":{"type":"TextValueCondition","operator":"notEqual","value":"glf.elq"},"fieldId":"100461"},{"type":"EmailSentCriterion","id":"374148","activityRestriction":{"type":"NumericValueCondition","operator":"notLess","value":"1"},"timeRestriction":{"type":"DateRangeCondition","end":{"type":"AbsoluteDate","seconds":"1525125540"},"operator":"between","start":{"type":"AbsoluteDate","seconds":"1522533600"}}},{"type":"EmailOpenCriterion","id":"374149","activityRestriction":{"type":"NumericValueCondition","operator":"notLess","value":"1"},"timeRestriction":{"type":"DateRangeCondition","end":{"type":"AbsoluteDate","seconds":"1525125540"},"operator":"between","start":{"type":"AbsoluteDate","seconds":"1522533600"}}},{"type":"ContactFieldCriterion","id":"374151","condition":{"type":"DateValueCondition","operator":"greater","value":{"type":"AbsoluteDate","seconds":"1451602740"}},"fieldId":"100092"},{"type":"ContactFieldCriterion","id":"395746","condition":{"type":"TextValueCondition","operator":"notEqual","value":"Total"},"fieldId":"100770"},{"type":"ContactFieldCriterion","id":"395747","condition":{"type":"TextValueCondition","operator":"notEqual","value":"TotalSA"},"fieldId":"100770"},{"type":"ContactFieldCriterion","id":"395748","condition":{"type":"TextValueCondition","operator":"notEqual","value":"nTK"},"fieldId":"100770"}],"scope":"local","statement":"374145 AND 395746 AND 395747 AND 395748 AND 374146 AND 374147 AND 374148 AND 374149 AND 374151"}},{"type":"ContactFilterSegmentElement","id":"18192","depth":"complete","count":"0","isIncluded":"true","lastCalculatedAt":"1491808640","filter":{"type":"ContactFilter","currentStatus":"Draft","id":"125609","createdAt":"1491808640","createdBy":"18","depth":"complete","folderId":"51","name":"Clicked Email 1 Month","permissions":["Retrieve","SetSecurity","Delete","Update"],"updatedAt":"1525682625","updatedBy":"18","criteria":[{"type":"ContactFieldCriterion","id":"374152","condition":{"type":"TextValueCondition","operator":"notBlank"},"fieldId":"100770"},{"type":"ContactFieldCriterion","id":"374153","condition":{"type":"TextSetCondition","operator":"notIn","optionListId":"20664","quickListString":"IFS,Bioportfolio,SQFI"},"fieldId":"100044"},{"type":"ContactFieldCriterion","id":"374154","condition":{"type":"TextValueCondition","operator":"notEqual","value":"glf.elq"},"fieldId":"100461"},{"type":"ContactFieldCriterion","id":"374155","condition":{"type":"DateValueCondition","operator":"greater","value":{"type":"AbsoluteDate","seconds":"1451602740"}},"fieldId":"100092"},{"type":"EmailSentCriterion","id":"374156","activityRestriction":{"type":"NumericValueCondition","operator":"notLess","value":"1"},"timeRestriction":{"type":"DateRangeCondition","end":{"type":"AbsoluteDate","seconds":"1525125540"},"operator":"between","start":{"type":"AbsoluteDate","seconds":"1522533600"}}},{"type":"EmailClickThroughCriterion","id":"374157","activityRestriction":{"type":"NumericValueCondition","operator":"notLess","value":"1"},"timeRestriction":{"type":"DateRangeCondition","end":{"type":"AbsoluteDate","seconds":"1525125540"},"operator":"between","start":{"type":"AbsoluteDate","seconds":"1522533600"}}},{"type":"ContactFieldCriterion","id":"395749","condition":{"type":"TextValueCondition","operator":"notEqual","value":"Total"},"fieldId":"100770"},{"type":"ContactFieldCriterion","id":"395750","condition":{"type":"TextValueCondition","operator":"notEqual","value":"TotalSA"},"fieldId":"100770"},{"type":"ContactFieldCriterion","id":"395751","condition":{"type":"TextValueCondition","operator":"notEqual","value":"nTK"},"fieldId":"100770"}],"scope":"local","statement":"374152 AND 395749 AND 395750 AND 395751 AND 374153 AND 374154 AND 374155 AND 374156 AND 374157"}}],"isStale":"True"}