{"type":"ContactSegment","currentStatus":"Draft","depth":"complete","folderId":"1463","name":"Export_topKA_OF","permissions":["Retrieve","SetSecurity","Delete","Update"],"updatedAt":"1528092076","updatedBy":"18","elements":[{"type":"ContactFilterSegmentElement","id":"20661","depth":"complete","count":"0","isIncluded":"true","lastCalculatedAt":"1510217767","filter":{"type":"ContactFilter","currentStatus":"Draft","id":"127379","createdAt":"1510217767","createdBy":"18","depth":"complete","folderId":"51","name":"Relevant contacts","permissions":["Retrieve","SetSecurity","Delete","Update"],"updatedAt":"1528092076","updatedBy":"18","criteria":[{"type":"ContactFieldCriterion","id":"386588","condition":{"type":"TextSetCondition","operator":"notIn","optionListId":"22858","quickListString":"Illegitimate Email Address,Mailing_bounce,MO Duplicate OF,Duplicate,Disposable Email Address"},"fieldId":"100090"},{"type":"ContactFieldCriterion","id":"386589","condition":{"type":"TextValueCondition","operator":"doesNotContain","value":"hard"},"fieldId":"100090"},{"type":"ContactFieldCriterion","id":"386590","condition":{"type":"TextValueCondition","operator":"doesNotContain","value":"list renewal"},"fieldId":"100090"},{"type":"ContactFieldCriterion","id":"386591","condition":{"type":"TextValueCondition","operator":"doesNotContain","value":"other"},"fieldId":"100090"},{"type":"ContactFieldCriterion","id":"386592","condition":{"type":"TextValueCondition","operator":"notEqual","value":"Pending"},"fieldId":"100089"},{"type":"ContactFieldCriterion","id":"386600","condition":{"type":"TextValueCondition","operator":"notEqual","value":"system"},"fieldId":"100089"},{"type":"ContactFieldCriterion","id":"386604","condition":{"type":"TextValueCondition","operator":"notEqual","value":"glf.elq"},"fieldId":"100461"},{"type":"EmailSentCriterion","id":"386606","activityRestriction":{"type":"NumericValueCondition","operator":"notLess","value":"1"},"timeRestriction":{"type":"DateValueCondition","operator":"withinLast","value":{"type":"RelativeDate","offset":"12","timePeriod":"month"}}},{"type":"ContactFieldCriterion","id":"386625","condition":{"type":"TextValueCondition","operator":"equal","value":"glf.elq"},"fieldId":"100461"},{"type":"ContactFieldCriterion","id":"392308","condition":{"type":"TextValueCondition","operator":"equal","value":"Active"},"fieldId":"100089"},{"type":"ContactFieldCriterion","id":"392309","condition":{"type":"TextValueCondition","operator":"equal","value":"Inactive"},"fieldId":"100089"},{"type":"ContactFieldCriterion","id":"392311","condition":{"type":"TextValueCondition","operator":"notBlank"},"fieldId":"100009"},{"type":"ContactFieldCriterion","id":"392312","condition":{"type":"TextValueCondition","operator":"notBlank"},"fieldId":"100012"},{"type":"ContactFieldCriterion","id":"396575","condition":{"type":"DateValueCondition","operator":"greater","value":{"type":"AbsoluteDate","seconds":"1509490740"}},"fieldId":"100092"}],"scope":"local","statement":"392312 AND 392311 AND 386588 AND 386589 AND 386590 AND 386591 AND 386592 AND 386600 AND 396575 AND (386625 OR 392309 OR (392308 AND 386604 AND 386606))"}},{"type":"ContactFilterSegmentElement","id":"20662","depth":"complete","count":"0","isIncluded":"true","lastCalculatedAt":"1510217981","filter":{"type":"ContactFilter","currentStatus":"Draft","id":"127380","createdAt":"1510217981","createdBy":"18","depth":"complete","folderId":"51","name":"topKA","permissions":["Retrieve","SetSecurity","Delete","Update"],"updatedAt":"1528092076","updatedBy":"18","criteria":[{"type":"ContactFieldCriterion","id":"386595","condition":{"type":"TextValueCondition","operator":"notBlank"},"fieldId":"100770"}],"scope":"local","statement":"386595"}},{"type":"ContactFilterSegmentElement","id":"20667","depth":"complete","count":"0","isIncluded":"true","lastCalculatedAt":"1510231263","filter":{"type":"ContactFilter","currentStatus":"Draft","id":"127383","createdAt":"1510231263","createdBy":"18","depth":"complete","folderId":"51","name":"non topKA all","permissions":["Retrieve","SetSecurity","Delete","Update"],"updatedAt":"1528092076","updatedBy":"18","criteria":[{"type":"ContactFieldCriterion","id":"386611","condition":{"type":"TextValueCondition","operator":"blank"},"fieldId":"100770"}],"scope":"local","statement":"386611"}},{"type":"ContactListSegmentElement","id":"21827","depth":"complete","count":"0","isIncluded":"true","lastCalculatedAt":"1519645836","list":{"type":"ContactList","currentStatus":"active","id":"18094","createdAt":"1519643802","createdBy":"18","depth":"complete","description":"Result from intersecting 2 elements","folderId":"48","name":"non topKA No Email","permissions":["Retrieve","SetSecurity","Delete","Update"],"updatedAt":"1528092076","updatedBy":"18","count":"381943","dataLookupId":"94cb5cf3-6944-4302-b368-b43ce7ac7205","scope":"local"}},{"type":"ContactListSegmentElement","id":"21833","depth":"complete","count":"0","isIncluded":"true","lastCalculatedAt":"1519713733","list":{"type":"ContactList","currentStatus":"active","id":"18104","createdAt":"1519713644","createdBy":"18","depth":"complete","description":"Result from trimming list Intersected List 1 with 1 element","folderId":"48","name":"non topKA Email All","permissions":["Retrieve","SetSecurity","Delete","Update"],"updatedAt":"1528092076","updatedBy":"18","count":"1287709","dataLookupId":"6014516a-af20-427f-9aa7-85585bc3a5a5","scope":"local"}},{"type":"ContactListSegmentElement","id":"21834","depth":"complete","count":"0","isIncluded":"true","lastCalculatedAt":"1519713801","list":{"type":"ContactList","currentStatus":"active","id":"18105","createdAt":"1519713749","createdBy":"18","depth":"complete","description":"Result from intersecting 2 elements","folderId":"48","name":"GLF Email 1","permissions":["Retrieve","SetSecurity","Delete","Update"],"updatedAt":"1528092076","updatedBy":"18","count":"379307","dataLookupId":"337ccc8d-29f6-4f8e-ba68-e5e55ab77968","scope":"local"}},{"type":"ContactListSegmentElement","id":"21837","depth":"complete","count":"0","isIncluded":"true","lastCalculatedAt":"1519715201","list":{"type":"ContactList","currentStatus":"active","id":"18108","createdAt":"1519714282","createdBy":"18","depth":"complete","description":"Result from intersecting 2 elements","folderId":"48","name":"GLF Email 3","permissions":["Retrieve","SetSecurity","Delete","Update"],"updatedAt":"1528092076","updatedBy":"18","count":"255061","dataLookupId":"62df2a04-a4ef-456e-b7ee-d560f6e71c30","scope":"local"}},{"type":"ContactListSegmentElement","id":"21838","depth":"complete","count":"0","isIncluded":"true","lastCalculatedAt":"1519715201","list":{"type":"ContactList","currentStatus":"active","id":"18112","createdAt":"1519714846","createdBy":"18","depth":"complete","description":"Result from trimming list GLF Email 3 with 1 element","folderId":"48","name":"GLF Email 2","permissions":["Retrieve","SetSecurity","Delete","Update"],"updatedAt":"1528092076","updatedBy":"18","count":"265247","dataLookupId":"54f312ab-b3b1-4976-a471-2030c11c1e4d","scope":"local"}},{"type":"ContactListSegmentElement","id":"21839","depth":"complete","count":"0","isIncluded":"true","lastCalculatedAt":"1519715201","list":{"type":"ContactList","currentStatus":"active","id":"18118","createdAt":"1519715105","createdBy":"18","depth":"complete","description":"Result from trimming list Trimmed List 3 with 1 element","folderId":"48","name":"GLF Email 4","permissions":["Retrieve","SetSecurity","Delete","Update"],"updatedAt":"1528092076","updatedBy":"18","count":"388094","dataLookupId":"0e235816-a748-4f73-80f1-020d6e873461","scope":"local"}}],"isStale":"True"}