{"type":"ContactSegment","currentStatus":"Draft","depth":"complete","folderId":"1463","name":"Append_Phone_Check_Quarterly","permissions":["Retrieve","SetSecurity","Delete","Update"],"updatedAt":"1516790437","updatedBy":"20","elements":[{"type":"ContactFilterSegmentElement","id":"13357","depth":"complete","count":"303842","isIncluded":"true","lastCalculatedAt":"1475074938","filter":{"type":"ContactFilter","currentStatus":"Draft","id":"123433","createdAt":"1475074938","createdBy":"20","depth":"complete","folderId":"51","name":"Existing phone check prioritization","permissions":["Retrieve","SetSecurity","Delete","Update"],"updatedAt":"1516790437","updatedBy":"20","criteria":[{"type":"ContactFieldCriterion","id":"360466","condition":{"type":"TextValueCondition","operator":"equal","value":"Active"},"fieldId":"100089"},{"type":"ContactFieldCriterion","id":"360467","condition":{"type":"TextSetCondition","operator":"in","optionListId":"18232","quickListString":"China,South Korea,Japan,Macau,Hong Kong,Portugal,Brazil,Spain,Mexico,Chile,Argentina,Australia,Austria,Belgium,Italy,Denmark,France,Germany,The Netherlands,USA,Canada,Norway,Ireland,Russia,Sweden,Switzerland,Turkey,Taiwan,United Kingdom"},"fieldId":"100012"},{"type":"ContactFieldCriterion","id":"360468","condition":{"type":"TextValueCondition","operator":"notBlank"},"fieldId":"100013"},{"type":"ContactFieldCriterion","id":"360469","condition":{"type":"TextValueCondition","operator":"notBlank"},"fieldId":"100174"},{"type":"LeadScoreCriterion","id":"360477","condition":{"type":"LeadScoreModelCondition","contactModelDefinitionId":"7","leadScoreEngagementValue":["1","2","3"],"leadScoreProfileValue":["A","B","C","D"],"operator":"equal"}},{"type":"ContactFieldCriterion","id":"377938","condition":{"type":"TextValueCondition","operator":"equal","value":"Blocked DACH Email"},"fieldId":"100090"},{"type":"ContactFieldCriterion","id":"388196","condition":{"type":"TextValueCondition","operator":"equal","value":"Pending"},"fieldId":"100089"},{"type":"ContactFieldCriterion","id":"388197","condition":{"type":"TextValueCondition","operator":"contains","value":"CASL"},"fieldId":"100089"}],"scope":"local","statement":"(360466 OR 388196 OR 388197 OR 377938) AND 360467 AND (360468 OR 360469) AND 360477"}},{"type":"ContactFilterSegmentElement","id":"13359","depth":"complete","count":"603","isIncluded":"false","lastCalculatedAt":"1475074938","filter":{"type":"ContactFilter","currentStatus":"Draft","id":"123434","createdAt":"1475074938","createdBy":"20","depth":"complete","folderId":"51","name":"Do not call","permissions":["Retrieve","SetSecurity","Delete","Update"],"updatedAt":"1516790437","updatedBy":"20","criteria":[{"type":"ContactFieldCriterion","id":"360475","condition":{"type":"TextValueCondition","operator":"notBlank"},"fieldId":"100404"}],"scope":"local","statement":"360475"}},{"type":"ContactFilterSegmentElement","id":"18645","depth":"complete","count":"0","isIncluded":"false","lastCalculatedAt":"1494589337","filter":{"type":"ContactFilter","currentStatus":"Draft","id":"125909","createdAt":"1494589337","createdBy":"56","depth":"complete","folderId":"51","name":"Filter Criteria 3","permissions":["Retrieve","SetSecurity","Delete","Update"],"updatedAt":"1516790437","updatedBy":"20","criteria":[{"type":"LinkedCustomObjectCriterion","id":"375861","customObjectId":"320","fieldConditions":[{"type":"FieldCondition","id":"390636","condition":{"type":"DateValueCondition","operator":"withinLast","value":{"type":"RelativeDate","offset":"12","timePeriod":"month"}},"fieldId":"1051"}]}],"scope":"local","statement":"375861"}},{"type":"ContactFilterSegmentElement","id":"21441","depth":"complete","count":"0","isIncluded":"false","lastCalculatedAt":"1516790299","filter":{"type":"ContactFilter","currentStatus":"Draft","id":"127998","createdAt":"1516790299","createdBy":"20","depth":"complete","folderId":"51","name":"Filter Criteria 4","permissions":["Retrieve","SetSecurity","Delete","Update"],"updatedAt":"1516790437","updatedBy":"20","criteria":[{"type":"LinkedCustomObjectCriterion","id":"390640","customObjectId":"320","fieldConditions":[{"type":"FieldCondition","id":"390637","condition":{"type":"DateRangeCondition","end":{"type":"AbsoluteDate","seconds":"1512601140"},"operator":"between","start":{"type":"AbsoluteDate","seconds":"1512342000"}},"fieldId":"1050"}]}],"scope":"local","statement":"390640"}},{"type":"ContactFilterSegmentElement","id":"21442","depth":"complete","count":"0","isIncluded":"false","lastCalculatedAt":"1516790437","filter":{"type":"ContactFilter","currentStatus":"Draft","id":"128001","createdAt":"1516790437","createdBy":"20","depth":"complete","folderId":"51","name":"Filter Criteria 5","permissions":["Retrieve","SetSecurity","Delete","Update"],"updatedAt":"1516790437","updatedBy":"20","criteria":[{"type":"LinkedCustomObjectCriterion","id":"390645","customObjectId":"320","fieldConditions":[{"type":"FieldCondition","id":"390643","condition":{"type":"DateRangeCondition","end":{"type":"AbsoluteDate","seconds":"1513983540"},"operator":"between","start":{"type":"AbsoluteDate","seconds":"1513724400"}},"fieldId":"1050"}]}],"scope":"local","statement":"390645"}},{"type":"ContactFilterSegmentElement","id":"21443","depth":"complete","count":"0","isIncluded":"false","lastCalculatedAt":"1516790437","filter":{"type":"ContactFilter","currentStatus":"Draft","id":"128002","createdAt":"1516790437","createdBy":"20","depth":"complete","folderId":"51","name":"Filter Criteria 6","permissions":["Retrieve","SetSecurity","Delete","Update"],"updatedAt":"1516790437","updatedBy":"20","criteria":[{"type":"LinkedCustomObjectCriterion","id":"390646","customObjectId":"320","fieldConditions":[{"type":"FieldCondition","id":"390644","condition":{"type":"DateRangeCondition","end":{"type":"AbsoluteDate","seconds":"1516921140"},"operator":"between","start":{"type":"AbsoluteDate","seconds":"1516662000"}},"fieldId":"1052"}]}],"scope":"local","statement":"390646"}}],"isStale":"True"}