{"type":"ContactSegment","currentStatus":"Draft","depth":"complete","folderId":"1463","name":"TMK_TM_1703_EN(NA)_All_All_All_All_All_TeleQueue_CCP_Nurturing","permissions":["Retrieve","SetSecurity","Delete","Update"],"updatedAt":"1490626350","updatedBy":"55","elements":[{"type":"ContactFilterSegmentElement","id":"17872","depth":"complete","count":"0","isIncluded":"true","lastCalculatedAt":"1490626301","filter":{"type":"ContactFilter","currentStatus":"Draft","id":"125409","createdAt":"1490626301","createdBy":"55","depth":"complete","folderId":"51","name":"Filter Criteria 1","permissions":["Retrieve","SetSecurity","Delete","Update"],"updatedAt":"1490626350","updatedBy":"55","criteria":[{"type":"EmailClickThroughCriterion","id":"372958","activityRestriction":{"type":"NumericValueCondition","operator":"notLess","value":"1"},"timeRestriction":{"type":"DateValueCondition","operator":"withinLast","value":{"type":"RelativeDate","offset":"1","timePeriod":"week"}}},{"type":"ContactFieldCriterion","id":"372959","condition":{"type":"TextSetCondition","operator":"in","optionListId":"20477","quickListString":"201703,201704"},"fieldId":"100580"},{"type":"LinkedCustomObjectCriterion","id":"372960","customObjectId":"322","fieldConditions":[{"type":"FieldCondition","id":"372956","condition":{"type":"DateValueCondition","operator":"withinNext","value":{"type":"RelativeDate","offset":"1","timePeriod":"week"}},"fieldId":"1123"}]},{"type":"EmailOpenCriterion","id":"372961","activityRestriction":{"type":"NumericValueCondition","operator":"notLess","value":"2"},"timeRestriction":{"type":"DateValueCondition","operator":"withinLast","value":{"type":"RelativeDate","offset":"7","timePeriod":"day"}}}],"scope":"local","statement":"372958 OR 372959 OR 372960 OR 372961"}},{"type":"ContactFilterSegmentElement","id":"17873","depth":"complete","count":"0","isIncluded":"false","lastCalculatedAt":"1490626301","filter":{"type":"ContactFilter","currentStatus":"Draft","id":"125410","createdAt":"1490626301","createdBy":"55","depth":"complete","folderId":"51","name":"Filter Criteria 2","permissions":["Retrieve","SetSecurity","Delete","Update"],"updatedAt":"1490626350","updatedBy":"55","criteria":[{"type":"ContactFieldCriterion","id":"372962","condition":{"type":"TextValueCondition","operator":"notEqual","value":"Active"},"fieldId":"100089"},{"type":"ContactFieldCriterion","id":"372963","condition":{"type":"TextSetCondition","operator":"in","optionListId":"20478","quickListString":"Bioportfolio,IFS,TA Literature Research"},"fieldId":"100044"},{"type":"ContactFieldCriterion","id":"372964","condition":{"type":"TextValueCondition","operator":"notBlank"},"fieldId":"100404"},{"type":"ContactFieldCriterion","id":"372965","condition":{"type":"TextValueCondition","operator":"notBlank"},"fieldId":"100770"},{"type":"ContactFieldCriterion","id":"372966","condition":{"type":"TextValueCondition","operator":"notBlank"},"fieldId":"100775"},{"type":"ContactFieldCriterion","id":"372967","condition":{"type":"TextValueCondition","operator":"notBlank"},"fieldId":"100778"},{"type":"ContactFieldCriterion","id":"372968","condition":{"type":"TextValueCondition","operator":"notBlank"},"fieldId":"100788"},{"type":"ContactFieldCriterion","id":"372969","condition":{"type":"TextValueCondition","operator":"blank"},"fieldId":"100013"},{"type":"ContactFieldCriterion","id":"372970","condition":{"type":"TextValueCondition","operator":"blank"},"fieldId":"100174"},{"type":"ContactFieldCriterion","id":"372971","condition":{"type":"TextValueCondition","operator":"notEqual","value":"USA"},"fieldId":"100012"},{"type":"ContactFieldCriterion","id":"372972","condition":{"type":"TextValueCondition","operator":"notEqual","value":"English"},"fieldId":"100431"},{"type":"LinkedCustomObjectCriterion","id":"372973","customObjectId":"322","fieldConditions":[{"type":"FieldCondition","id":"372957","condition":{"type":"DateValueCondition","operator":"withinLast","value":{"type":"RelativeDate","offset":"12","timePeriod":"month"}},"fieldId":"1153"}]}],"scope":"local","statement":"372971 OR 372972 OR 372962 OR 372963 OR 372964 OR 372965 OR 372966 OR 372967 OR 372968 OR 372973 OR (372969 AND 372970)"}},{"type":"ContactListSegmentElement","id":"17874","depth":"complete","count":"0","isIncluded":"false","lastCalculatedAt":"1490626301","list":{"type":"ContactList","currentStatus":"active","id":"8277","createdAt":"1427884066","createdBy":"20","depth":"complete","folderId":"9130","name":"SYSTEM - Phone Number Generic Cleaning Exceptions Phone1","permissions":["Retrieve","SetSecurity","Delete","Update"],"updatedAt":"1530623378","updatedBy":"58","count":"1119","dataLookupId":"1accd755-7bd7-466a-985f-a45ebc79656f","scope":"global"}},{"type":"ContactListSegmentElement","id":"17875","depth":"complete","count":"0","isIncluded":"false","lastCalculatedAt":"1490626301","list":{"type":"ContactList","currentStatus":"active","id":"8715","createdAt":"1434953093","createdBy":"20","depth":"complete","folderId":"9130","name":"SYSTEM - Phone Number Generic Cleaning Exceptions Phone2","permissions":["Retrieve","SetSecurity","Delete","Update"],"updatedAt":"1530623378","updatedBy":"58","count":"6184","dataLookupId":"6498e8d7-baae-4d4f-b58a-11f167a7c7c0","scope":"global"}},{"type":"ContactListSegmentElement","id":"17876","depth":"complete","count":"0","isIncluded":"false","lastCalculatedAt":"1490626301","list":{"type":"ContactList","currentStatus":"active","id":"7862","createdAt":"1422885634","createdBy":"20","depth":"complete","folderId":"9130","name":"SYSTEM - Phone Number Country Cleaning Wrong Numbers Phone1","permissions":["Retrieve","SetSecurity","Delete","Update"],"updatedAt":"1530623378","updatedBy":"58","count":"51184","dataLookupId":"9dcc4e3b-c712-4ab1-a38d-02e2a1312430","scope":"global"}},{"type":"ContactListSegmentElement","id":"17877","depth":"complete","count":"0","isIncluded":"false","lastCalculatedAt":"1490626301","list":{"type":"ContactList","currentStatus":"active","id":"7865","createdAt":"1422889542","createdBy":"20","depth":"complete","folderId":"9130","name":"SYSTEM - Phone Number Country Cleaning Wrong Numbers Phone2","permissions":["Retrieve","SetSecurity","Delete","Update"],"updatedAt":"1530623378","updatedBy":"58","count":"41869","dataLookupId":"2082fb5b-1b36-497e-b0e2-3f35ce74d052","scope":"global"}},{"type":"ContactFilterSegmentElement","id":"17878","depth":"complete","count":"0","isIncluded":"false","lastCalculatedAt":"1490626301","filter":{"type":"ContactFilter","currentStatus":"Draft","id":"125411","createdAt":"1490626301","createdBy":"55","depth":"complete","folderId":"51","name":"Workplace Exclusion","permissions":["Retrieve","SetSecurity","Delete","Update"],"updatedAt":"1490626350","updatedBy":"55","criteria":[{"type":"ContactFieldCriterion","id":"372974","condition":{"type":"TextValueCondition","operator":"equal","value":"Sales, Marketing and Merchandising"},"fieldId":"100084"},{"type":"ContactFieldCriterion","id":"372975","condition":{"type":"TextValueCondition","operator":"equal","value":"Others"},"fieldId":"100084"},{"type":"ContactFieldCriterion","id":"372976","condition":{"type":"TextValueCondition","operator":"equal","value":"Maintenance and Service"},"fieldId":"100084"},{"type":"ContactFieldCriterion","id":"372977","condition":{"type":"TextValueCondition","operator":"equal","value":"IT / Information Technology"},"fieldId":"100084"},{"type":"ContactFieldCriterion","id":"372978","condition":{"type":"TextValueCondition","operator":"equal","value":"Procurement, Finance and Admin"},"fieldId":"100084"},{"type":"ContactFieldCriterion","id":"372979","condition":{"type":"TextValueCondition","operator":"doesNotContain","value":"procurement"},"fieldId":"100048"}],"scope":"local","statement":"372974 OR 372975 OR 372976 OR 372977 OR (372978 AND 372979)"}},{"type":"ContactFilterSegmentElement","id":"17879","depth":"complete","count":"0","isIncluded":"false","lastCalculatedAt":"1490626301","filter":{"type":"ContactFilter","currentStatus":"Draft","id":"125412","createdAt":"1490626301","createdBy":"55","depth":"complete","folderId":"51","name":"Industry Exclusion","permissions":["Retrieve","SetSecurity","Delete","Update"],"updatedAt":"1490626350","updatedBy":"55","criteria":[{"type":"ContactFieldCriterion","id":"372980","condition":{"type":"TextValueCondition","operator":"equal","value":"Transport and Logistics"},"fieldId":"100045"},{"type":"ContactFieldCriterion","id":"372981","condition":{"type":"TextValueCondition","operator":"equal","value":"Utilities and Municipalities"},"fieldId":"100045"},{"type":"ContactFieldCriterion","id":"372982","condition":{"type":"TextValueCondition","operator":"equal","value":"Retail"},"fieldId":"100045"},{"type":"ContactFieldCriterion","id":"372983","condition":{"type":"TextValueCondition","operator":"equal","value":"Pulp, Paper and Textile"},"fieldId":"100045"}],"scope":"local","statement":"372980 OR 372981 OR 372982 OR 372983"}}],"isStale":"True"}