{"type":"ContactSegment","currentStatus":"Active","depth":"complete","folderId":"1463","name":"TeleQueue Deactivate","permissions":["Retrieve","SetSecurity","Delete","Update"],"updatedAt":"1528101262","updatedBy":"58","elements":[{"type":"ContactListSegmentElement","id":"19447","depth":"complete","count":"0","isIncluded":"true","lastCalculatedAt":"1501496490","list":{"type":"ContactList","currentStatus":"active","id":"17075","createdAt":"1501496260","createdBy":"58","depth":"complete","folderId":"17484","name":"TeleQueue to Deactivate","permissions":["Retrieve","SetSecurity","Delete","Update"],"updatedAt":"1528101262","updatedBy":"58","count":"99","dataLookupId":"db05d500-c8b5-41bd-8d3e-249cae7462fa","scope":"global"}},{"type":"ContactListSegmentElement","id":"22997","depth":"complete","count":"0","isIncluded":"true","lastCalculatedAt":"1528101199","list":{"type":"ContactList","currentStatus":"active","id":"17091","createdAt":"1501859062","createdBy":"58","depth":"complete","folderId":"17484","name":"TeleQueue Remove from CDO","permissions":["Retrieve","SetSecurity","Delete","Update"],"updatedAt":"1528101262","updatedBy":"58","count":"1","dataLookupId":"9024c961-1085-4ee9-b429-27e3ee6f0f91","scope":"global"}}],"isStale":"True"}