{"type":"ContactSegment","currentStatus":"Draft","depth":"complete","folderId":"1463","name":"Overview Active_Inactive Contacts","permissions":["Retrieve","SetSecurity","Delete","Update"],"updatedAt":"1488537777","updatedBy":"18","elements":[{"type":"ContactFilterSegmentElement","id":"3432","depth":"complete","count":"2013461","isIncluded":"true","lastCalculatedAt":"1397478687","filter":{"type":"ContactFilter","currentStatus":"Draft","id":"116477","createdAt":"1397478686","createdBy":"18","depth":"complete","folderId":"51","name":"Active Contacts Email","permissions":["Retrieve","SetSecurity","Delete","Update"],"updatedAt":"1488537777","updatedBy":"18","criteria":[{"type":"ContactFieldCriterion","id":"314913","condition":{"type":"TextValueCondition","operator":"equal","value":"Active"},"fieldId":"100089"},{"type":"ContactFieldCriterion","id":"314914","condition":{"type":"TextValueCondition","operator":"notEqual","value":"glf.elq"},"fieldId":"100461"}],"scope":"local","statement":"314913 AND 314914"}},{"type":"ContactFilterSegmentElement","id":"3434","depth":"complete","count":"1370722","isIncluded":"true","lastCalculatedAt":"1397478687","filter":{"type":"ContactFilter","currentStatus":"Draft","id":"116479","createdAt":"1397478687","createdBy":"18","depth":"complete","folderId":"51","name":"Inactive Contacts Email","permissions":["Retrieve","SetSecurity","Delete","Update"],"updatedAt":"1488537777","updatedBy":"18","criteria":[{"type":"ContactFieldCriterion","id":"314917","condition":{"type":"TextValueCondition","operator":"equal","value":"Inactive"},"fieldId":"100089"},{"type":"ContactFieldCriterion","id":"314918","condition":{"type":"TextValueCondition","operator":"notEqual","value":"glf.elq"},"fieldId":"100461"}],"scope":"local","statement":"314917 AND 314918"}},{"type":"ContactFilterSegmentElement","id":"11947","depth":"complete","count":"568919","isIncluded":"true","lastCalculatedAt":"1468242617","filter":{"type":"ContactFilter","currentStatus":"Draft","id":"122653","createdAt":"1468242617","createdBy":"18","depth":"complete","folderId":"51","name":"Active Contacts No Email","permissions":["Retrieve","SetSecurity","Delete","Update"],"updatedAt":"1488537777","updatedBy":"18","criteria":[{"type":"ContactFieldCriterion","id":"354908","condition":{"type":"TextValueCondition","operator":"equal","value":"Active"},"fieldId":"100089"},{"type":"ContactFieldCriterion","id":"354909","condition":{"type":"TextValueCondition","operator":"equal","value":"glf.elq"},"fieldId":"100461"}],"scope":"local","statement":"354908 AND 354909"}},{"type":"ContactFilterSegmentElement","id":"11948","depth":"complete","count":"398227","isIncluded":"true","lastCalculatedAt":"1468242617","filter":{"type":"ContactFilter","currentStatus":"Draft","id":"122654","createdAt":"1468242617","createdBy":"18","depth":"complete","folderId":"51","name":"Inactive Contacts No Email","permissions":["Retrieve","SetSecurity","Delete","Update"],"updatedAt":"1488537777","updatedBy":"18","criteria":[{"type":"ContactFieldCriterion","id":"354910","condition":{"type":"TextValueCondition","operator":"equal","value":"Inactive"},"fieldId":"100089"},{"type":"ContactFieldCriterion","id":"354911","condition":{"type":"TextValueCondition","operator":"equal","value":"glf.elq"},"fieldId":"100461"}],"scope":"local","statement":"354910 AND 354911"}}],"isStale":"True"}