{"type":"ContactSegment","currentStatus":"Draft","depth":"complete","folderId":"1463","name":"GLF Leads 2018","permissions":["Retrieve","SetSecurity","Delete","Update"],"updatedAt":"1530684348","updatedBy":"56","elements":[{"type":"ContactFilterSegmentElement","id":"21015","depth":"complete","count":"0","isIncluded":"true","lastCalculatedAt":"1515397095","filter":{"type":"ContactFilter","currentStatus":"Draft","id":"127737","createdAt":"1515397095","createdBy":"56","depth":"complete","folderId":"51","name":"Leads 2017","permissions":["Retrieve","SetSecurity","Delete","Update"],"updatedAt":"1530684348","updatedBy":"56","criteria":[{"type":"ContactFieldCriterion","id":"388711","condition":{"type":"TextValueCondition","operator":"equal","value":"Lead"},"fieldId":"100090"},{"type":"ContactFieldCriterion","id":"388712","condition":{"type":"DateRangeCondition","end":{"type":"AbsoluteDate","seconds":"1546297140"},"operator":"between","start":{"type":"AbsoluteDate","seconds":"1514761200"}},"fieldId":"100634"},{"type":"ContactFieldCriterion","id":"388713","condition":{"type":"TextValueCondition","operator":"equal","value":"Inactive"},"fieldId":"100089"}],"scope":"local","statement":"388711 AND 388712 AND 388713"}},{"type":"ContactFilterSegmentElement","id":"21016","depth":"complete","count":"0","isIncluded":"true","lastCalculatedAt":"1515397095","filter":{"type":"ContactFilter","currentStatus":"Draft","id":"127738","createdAt":"1515397095","createdBy":"56","depth":"complete","folderId":"51","name":"Leads January","permissions":["Retrieve","SetSecurity","Delete","Update"],"updatedAt":"1530684348","updatedBy":"56","criteria":[{"type":"ContactFieldCriterion","id":"388714","condition":{"type":"TextValueCondition","operator":"equal","value":"Lead"},"fieldId":"100090"},{"type":"ContactFieldCriterion","id":"388715","condition":{"type":"DateRangeCondition","end":{"type":"AbsoluteDate","seconds":"1517439540"},"operator":"between","start":{"type":"AbsoluteDate","seconds":"1514761200"}},"fieldId":"100634"},{"type":"ContactFieldCriterion","id":"388716","condition":{"type":"TextValueCondition","operator":"equal","value":"Inactive"},"fieldId":"100089"}],"scope":"local","statement":"388714 AND 388715 AND 388716"}},{"type":"ContactFilterSegmentElement","id":"21017","depth":"complete","count":"0","isIncluded":"true","lastCalculatedAt":"1515397095","filter":{"type":"ContactFilter","currentStatus":"Draft","id":"127739","createdAt":"1515397095","createdBy":"56","depth":"complete","folderId":"51","name":"Leads February","permissions":["Retrieve","SetSecurity","Delete","Update"],"updatedAt":"1530684348","updatedBy":"56","criteria":[{"type":"ContactFieldCriterion","id":"388717","condition":{"type":"TextValueCondition","operator":"equal","value":"Lead"},"fieldId":"100090"},{"type":"ContactFieldCriterion","id":"388718","condition":{"type":"DateRangeCondition","end":{"type":"AbsoluteDate","seconds":"1519858740"},"operator":"between","start":{"type":"AbsoluteDate","seconds":"1517439600"}},"fieldId":"100634"},{"type":"ContactFieldCriterion","id":"388719","condition":{"type":"TextValueCondition","operator":"equal","value":"Inactive"},"fieldId":"100089"}],"scope":"local","statement":"388717 AND 388718 AND 388719"}},{"type":"ContactFilterSegmentElement","id":"21018","depth":"complete","count":"0","isIncluded":"true","lastCalculatedAt":"1515397095","filter":{"type":"ContactFilter","currentStatus":"Draft","id":"127740","createdAt":"1515397095","createdBy":"56","depth":"complete","folderId":"51","name":"Leads March","permissions":["Retrieve","SetSecurity","Delete","Update"],"updatedAt":"1530684348","updatedBy":"56","criteria":[{"type":"ContactFieldCriterion","id":"388720","condition":{"type":"TextValueCondition","operator":"equal","value":"Lead"},"fieldId":"100090"},{"type":"ContactFieldCriterion","id":"388721","condition":{"type":"DateRangeCondition","end":{"type":"AbsoluteDate","seconds":"1522533540"},"operator":"between","start":{"type":"AbsoluteDate","seconds":"1519858800"}},"fieldId":"100634"},{"type":"ContactFieldCriterion","id":"388722","condition":{"type":"TextValueCondition","operator":"equal","value":"Inactive"},"fieldId":"100089"}],"scope":"local","statement":"388720 AND 388721 AND 388722"}},{"type":"ContactFilterSegmentElement","id":"21019","depth":"complete","count":"0","isIncluded":"true","lastCalculatedAt":"1515397095","filter":{"type":"ContactFilter","currentStatus":"Draft","id":"127741","createdAt":"1515397095","createdBy":"56","depth":"complete","folderId":"51","name":"Leads April","permissions":["Retrieve","SetSecurity","Delete","Update"],"updatedAt":"1530684348","updatedBy":"56","criteria":[{"type":"ContactFieldCriterion","id":"388723","condition":{"type":"TextValueCondition","operator":"equal","value":"Lead"},"fieldId":"100090"},{"type":"ContactFieldCriterion","id":"388724","condition":{"type":"DateRangeCondition","end":{"type":"AbsoluteDate","seconds":"1525125540"},"operator":"between","start":{"type":"AbsoluteDate","seconds":"1522533600"}},"fieldId":"100634"},{"type":"ContactFieldCriterion","id":"388725","condition":{"type":"TextValueCondition","operator":"equal","value":"Inactive"},"fieldId":"100089"}],"scope":"local","statement":"388723 AND 388724 AND 388725"}},{"type":"ContactFilterSegmentElement","id":"21020","depth":"complete","count":"0","isIncluded":"true","lastCalculatedAt":"1515397095","filter":{"type":"ContactFilter","currentStatus":"Draft","id":"127742","createdAt":"1515397095","createdBy":"56","depth":"complete","folderId":"51","name":"Leads May","permissions":["Retrieve","SetSecurity","Delete","Update"],"updatedAt":"1530684348","updatedBy":"56","criteria":[{"type":"ContactFieldCriterion","id":"388726","condition":{"type":"TextValueCondition","operator":"equal","value":"Lead"},"fieldId":"100090"},{"type":"ContactFieldCriterion","id":"388727","condition":{"type":"DateRangeCondition","end":{"type":"AbsoluteDate","seconds":"1527803940"},"operator":"between","start":{"type":"AbsoluteDate","seconds":"1525125600"}},"fieldId":"100634"},{"type":"ContactFieldCriterion","id":"388728","condition":{"type":"TextValueCondition","operator":"equal","value":"Inactive"},"fieldId":"100089"}],"scope":"local","statement":"388726 AND 388727 AND 388728"}},{"type":"ContactFilterSegmentElement","id":"21021","depth":"complete","count":"0","isIncluded":"true","lastCalculatedAt":"1515397095","filter":{"type":"ContactFilter","currentStatus":"Draft","id":"127743","createdAt":"1515397095","createdBy":"56","depth":"complete","folderId":"51","name":"Leads June","permissions":["Retrieve","SetSecurity","Delete","Update"],"updatedAt":"1530684348","updatedBy":"56","criteria":[{"type":"ContactFieldCriterion","id":"388729","condition":{"type":"TextValueCondition","operator":"equal","value":"Lead"},"fieldId":"100090"},{"type":"ContactFieldCriterion","id":"388730","condition":{"type":"DateRangeCondition","end":{"type":"AbsoluteDate","seconds":"1530395940"},"operator":"between","start":{"type":"AbsoluteDate","seconds":"1527804000"}},"fieldId":"100634"},{"type":"ContactFieldCriterion","id":"388731","condition":{"type":"TextValueCondition","operator":"equal","value":"Inactive"},"fieldId":"100089"}],"scope":"local","statement":"388729 AND 388730 AND 388731"}},{"type":"ContactFilterSegmentElement","id":"21022","depth":"complete","count":"0","isIncluded":"true","lastCalculatedAt":"1515397095","filter":{"type":"ContactFilter","currentStatus":"Draft","id":"127744","createdAt":"1515397095","createdBy":"56","depth":"complete","folderId":"51","name":"Leads July","permissions":["Retrieve","SetSecurity","Delete","Update"],"updatedAt":"1530684348","updatedBy":"56","criteria":[{"type":"ContactFieldCriterion","id":"388732","condition":{"type":"TextValueCondition","operator":"equal","value":"Lead"},"fieldId":"100090"},{"type":"ContactFieldCriterion","id":"388733","condition":{"type":"DateRangeCondition","end":{"type":"AbsoluteDate","seconds":"1533074340"},"operator":"between","start":{"type":"AbsoluteDate","seconds":"1530396000"}},"fieldId":"100634"},{"type":"ContactFieldCriterion","id":"388734","condition":{"type":"TextValueCondition","operator":"equal","value":"Inactive"},"fieldId":"100089"}],"scope":"local","statement":"388732 AND 388733 AND 388734"}},{"type":"ContactFilterSegmentElement","id":"21023","depth":"complete","count":"0","isIncluded":"true","lastCalculatedAt":"1515397095","filter":{"type":"ContactFilter","currentStatus":"Draft","id":"127745","createdAt":"1515397095","createdBy":"56","depth":"complete","folderId":"51","name":"Leads August","permissions":["Retrieve","SetSecurity","Delete","Update"],"updatedAt":"1530684348","updatedBy":"56","criteria":[{"type":"ContactFieldCriterion","id":"388735","condition":{"type":"TextValueCondition","operator":"equal","value":"Lead"},"fieldId":"100090"},{"type":"ContactFieldCriterion","id":"388736","condition":{"type":"DateRangeCondition","end":{"type":"AbsoluteDate","seconds":"1535752740"},"operator":"between","start":{"type":"AbsoluteDate","seconds":"1533074400"}},"fieldId":"100634"},{"type":"ContactFieldCriterion","id":"388737","condition":{"type":"TextValueCondition","operator":"equal","value":"Inactive"},"fieldId":"100089"}],"scope":"local","statement":"388735 AND 388736 AND 388737"}},{"type":"ContactFilterSegmentElement","id":"21024","depth":"complete","count":"0","isIncluded":"true","lastCalculatedAt":"1515397095","filter":{"type":"ContactFilter","currentStatus":"Draft","id":"127746","createdAt":"1515397095","createdBy":"56","depth":"complete","folderId":"51","name":"Leads September","permissions":["Retrieve","SetSecurity","Delete","Update"],"updatedAt":"1530684348","updatedBy":"56","criteria":[{"type":"ContactFieldCriterion","id":"388738","condition":{"type":"TextValueCondition","operator":"equal","value":"Lead"},"fieldId":"100090"},{"type":"ContactFieldCriterion","id":"388739","condition":{"type":"DateRangeCondition","end":{"type":"AbsoluteDate","seconds":"1538344740"},"operator":"between","start":{"type":"AbsoluteDate","seconds":"1535752800"}},"fieldId":"100634"},{"type":"ContactFieldCriterion","id":"388740","condition":{"type":"TextValueCondition","operator":"equal","value":"Inactive"},"fieldId":"100089"}],"scope":"local","statement":"388738 AND 388739 AND 388740"}},{"type":"ContactFilterSegmentElement","id":"21025","depth":"complete","count":"0","isIncluded":"true","lastCalculatedAt":"1515397096","filter":{"type":"ContactFilter","currentStatus":"Draft","id":"127747","createdAt":"1515397095","createdBy":"56","depth":"complete","folderId":"51","name":"Leads October","permissions":["Retrieve","SetSecurity","Delete","Update"],"updatedAt":"1530684348","updatedBy":"56","criteria":[{"type":"ContactFieldCriterion","id":"388741","condition":{"type":"TextValueCondition","operator":"equal","value":"Lead"},"fieldId":"100090"},{"type":"ContactFieldCriterion","id":"388742","condition":{"type":"DateRangeCondition","end":{"type":"AbsoluteDate","seconds":"1541026740"},"operator":"between","start":{"type":"AbsoluteDate","seconds":"1538344800"}},"fieldId":"100634"},{"type":"ContactFieldCriterion","id":"388743","condition":{"type":"TextValueCondition","operator":"equal","value":"Inactive"},"fieldId":"100089"}],"scope":"local","statement":"388741 AND 388742 AND 388743"}},{"type":"ContactFilterSegmentElement","id":"21026","depth":"complete","count":"0","isIncluded":"true","lastCalculatedAt":"1515397096","filter":{"type":"ContactFilter","currentStatus":"Draft","id":"127748","createdAt":"1515397096","createdBy":"56","depth":"complete","folderId":"51","name":"Leads November","permissions":["Retrieve","SetSecurity","Delete","Update"],"updatedAt":"1530684348","updatedBy":"56","criteria":[{"type":"ContactFieldCriterion","id":"388744","condition":{"type":"TextValueCondition","operator":"equal","value":"Lead"},"fieldId":"100090"},{"type":"ContactFieldCriterion","id":"388745","condition":{"type":"DateRangeCondition","end":{"type":"AbsoluteDate","seconds":"1543618740"},"operator":"between","start":{"type":"AbsoluteDate","seconds":"1541026800"}},"fieldId":"100634"},{"type":"ContactFieldCriterion","id":"388746","condition":{"type":"TextValueCondition","operator":"equal","value":"Inactive"},"fieldId":"100089"}],"scope":"local","statement":"388744 AND 388745 AND 388746"}},{"type":"ContactFilterSegmentElement","id":"21027","depth":"complete","count":"0","isIncluded":"true","lastCalculatedAt":"1515397096","filter":{"type":"ContactFilter","currentStatus":"Draft","id":"127749","createdAt":"1515397096","createdBy":"56","depth":"complete","folderId":"51","name":"Leads December","permissions":["Retrieve","SetSecurity","Delete","Update"],"updatedAt":"1530684348","updatedBy":"56","criteria":[{"type":"ContactFieldCriterion","id":"388747","condition":{"type":"TextValueCondition","operator":"equal","value":"Lead"},"fieldId":"100090"},{"type":"ContactFieldCriterion","id":"388748","condition":{"type":"DateRangeCondition","end":{"type":"AbsoluteDate","seconds":"1546297140"},"operator":"between","start":{"type":"AbsoluteDate","seconds":"1543618800"}},"fieldId":"100634"},{"type":"ContactFieldCriterion","id":"388749","condition":{"type":"TextValueCondition","operator":"equal","value":"Inactive"},"fieldId":"100089"}],"scope":"local","statement":"388747 AND 388748 AND 388749"}}],"isStale":"True"}