{"type":"ContactSegment","currentStatus":"Draft","depth":"complete","folderId":"1463","name":"No region contacts","permissions":["Retrieve","SetSecurity","Delete","Update"],"updatedAt":"1498461360","updatedBy":"55","elements":[{"type":"ContactFilterSegmentElement","id":"19063","depth":"complete","count":"0","isIncluded":"true","lastCalculatedAt":"1498028457","filter":{"type":"ContactFilter","currentStatus":"Draft","id":"126263","createdAt":"1498028456","createdBy":"55","depth":"complete","folderId":"51","name":"Filter Criteria 1","permissions":["Retrieve","SetSecurity","Delete","Update"],"updatedAt":"1498461360","updatedBy":"55","criteria":[{"type":"LinkedCustomObjectCriterion","id":"378389","customObjectId":"322","fieldConditions":[{"type":"FieldCondition","id":"378387","condition":{"type":"TextValueCondition","operator":"equal","value":"TQ_Active"},"fieldId":"1118"}]},{"type":"ContactFieldCriterion","id":"378599","condition":{"type":"TextValueCondition","operator":"equal","value":"Japan"},"fieldId":"100012"},{"type":"ContactFieldCriterion","id":"378600","condition":{"type":"TextValueCondition","operator":"contains","value":"Korea"},"fieldId":"100012"}],"scope":"local","statement":"378389 AND (378599 OR 378600)"}}],"isStale":"True"}