{"type":"ContactSegment","currentStatus":"Draft","depth":"complete","folderId":"1463","name":"Append_Address_Check_Quarterly_AcquireList","permissions":["Retrieve","SetSecurity","Delete","Update"],"updatedAt":"1491316505","updatedBy":"20","elements":[{"type":"ContactFilterSegmentElement","id":"18073","depth":"complete","count":"0","isIncluded":"true","lastCalculatedAt":"1491316505","filter":{"type":"ContactFilter","currentStatus":"Draft","id":"125302","createdAt":"1490270553","createdBy":"18","depth":"complete","folderId":"12043","name":"SYSTEM - Feeder Printed Mailers_Contacts","permissions":["Retrieve","SetSecurity","Delete","Update"],"updatedAt":"1498727009","updatedBy":"18","criteria":[{"type":"ContactFieldCriterion","id":"371866","condition":{"type":"NumericValueCondition","operator":"notBlank","value":""},"fieldId":"100087"},{"type":"ContactFieldCriterion","id":"371867","condition":{"type":"TextValueCondition","operator":"equal","value":"active"},"fieldId":"100089"},{"type":"ContactFieldCriterion","id":"371868","condition":{"type":"TextValueCondition","operator":"notBlank"},"fieldId":"100003"},{"type":"ContactFieldCriterion","id":"371869","condition":{"type":"TextValueCondition","operator":"notBlank"},"fieldId":"100006"},{"type":"ContactFieldCriterion","id":"371870","condition":{"type":"TextValueCondition","operator":"notBlank"},"fieldId":"100095"},{"type":"ContactFieldCriterion","id":"371871","condition":{"type":"TextValueCondition","operator":"blank"},"fieldId":"100491"},{"type":"ContactFieldCriterion","id":"371872","condition":{"type":"TextValueCondition","operator":"notBlank"},"fieldId":"100011"},{"type":"ContactFieldCriterion","id":"371873","condition":{"type":"TextValueCondition","operator":"notBlank"},"fieldId":"100009"},{"type":"ContactFieldCriterion","id":"371874","condition":{"type":"TextSetCondition","operator":"in","optionListId":"20286","quickListString":"Australia,Austria,Belgium,Brazil,Canada,China,Croatia,Czech Republic,Denmark,France,Germany,Hungary,India,Indonesia,Ireland,Italy,Japan,Malaysia,Mexico,New Zealand,Norway,Philippines,Poland,Portugal,Russia,Singapore,Slovakia,Slovenia,South Korea,Spain,Sweden,Switzerland,Taiwan,Thailand,The Netherlands,Turkey,United Kingdom,USA,Vietnam"},"fieldId":"100012"},{"type":"ContactFieldCriterion","id":"371875","condition":{"type":"TextSetCondition","operator":"in","optionListId":"21257","quickListString":"Blocked DACH Email,CASL Canada"},"fieldId":"100090"},{"type":"LeadScoreCriterion","id":"371876","condition":{"type":"LeadScoreModelCondition","contactModelDefinitionId":"1","leadScoreEngagementValue":["1","2"],"leadScoreProfileValue":["C","D"],"operator":"equal"}},{"type":"ContactFieldCriterion","id":"371877","condition":{"type":"DateValueCondition","operator":"withinLast","value":{"type":"RelativeDate","offset":"24","timePeriod":"month"}},"fieldId":"100092"},{"type":"ContactFieldCriterion","id":"371878","condition":{"type":"TextValueCondition","operator":"notEqual","value":"glf.elq"},"fieldId":"100461"},{"type":"ContactFieldCriterion","id":"371879","condition":{"type":"TextValueCondition","operator":"notEqual","value":"1-9 Employees"},"fieldId":"100150"},{"type":"LeadScoreCriterion","id":"371880","condition":{"type":"LeadScoreModelCondition","contactModelDefinitionId":"1","leadScoreEngagementValue":["1","2","3"],"leadScoreProfileValue":["A","B"],"operator":"equal"}}],"scope":"global","statement":"371866 AND 371878 AND 371877 AND (371876 OR 371880) AND 371879 AND (371867 OR 371875) AND 371868 AND (371869 OR 371870) AND 371871 AND 371872 AND 371873 AND 371874"}},{"type":"ContactFilterSegmentElement","id":"18074","depth":"complete","count":"0","isIncluded":"true","lastCalculatedAt":"1491316506","filter":{"type":"ContactFilter","currentStatus":"Active","id":"120943","createdAt":"1452875019","createdBy":"18","depth":"complete","folderId":"12043","name":"SYSTEM - Feeder Printed Mailers_Prospects","permissions":["Retrieve","SetSecurity","Delete","Update"],"updatedAt":"1498727086","updatedBy":"18","criteria":[{"type":"ContactFieldCriterion","id":"343767","condition":{"type":"NumericValueCondition","operator":"notBlank","value":""},"fieldId":"100087"},{"type":"ContactFieldCriterion","id":"343768","condition":{"type":"TextValueCondition","operator":"equal","value":"active"},"fieldId":"100089"},{"type":"ContactFieldCriterion","id":"343769","condition":{"type":"TextValueCondition","operator":"notBlank"},"fieldId":"100003"},{"type":"ContactFieldCriterion","id":"343770","condition":{"type":"TextValueCondition","operator":"notBlank"},"fieldId":"100006"},{"type":"ContactFieldCriterion","id":"343771","condition":{"type":"TextValueCondition","operator":"notBlank"},"fieldId":"100095"},{"type":"ContactFieldCriterion","id":"343772","condition":{"type":"TextValueCondition","operator":"blank"},"fieldId":"100491"},{"type":"ContactFieldCriterion","id":"343773","condition":{"type":"TextValueCondition","operator":"notBlank"},"fieldId":"100011"},{"type":"ContactFieldCriterion","id":"343774","condition":{"type":"TextValueCondition","operator":"notBlank"},"fieldId":"100009"},{"type":"ContactFieldCriterion","id":"343775","condition":{"type":"TextSetCondition","operator":"in","optionListId":"14093","quickListString":"Australia,Austria,Belgium,Brazil,Canada,China,Croatia,Czech Republic,Denmark,France,Germany,Hungary,India,Indonesia,Ireland,Italy,Japan,Malaysia,Mexico,New Zealand,Norway,Philippines,Poland,Portugal,Russia,Singapore,Slovakia,Slovenia,South Korea,Spain,Sweden,Switzerland,Taiwan,Thailand,The Netherlands,Turkey,United Kingdom,USA,Vietnam"},"fieldId":"100012"},{"type":"ContactFieldCriterion","id":"343776","condition":{"type":"TextSetCondition","operator":"in","optionListId":"21258","quickListString":"Blocked DACH Email,CASL Canada"},"fieldId":"100090"},{"type":"ContactFieldCriterion","id":"343778","condition":{"type":"DateValueCondition","operator":"withinLast","value":{"type":"RelativeDate","offset":"24","timePeriod":"month"}},"fieldId":"100092"},{"type":"ContactFieldCriterion","id":"343779","condition":{"type":"TextValueCondition","operator":"equal","value":"glf.elq"},"fieldId":"100461"},{"type":"ContactFieldCriterion","id":"343781","condition":{"type":"TextValueCondition","operator":"notEqual","value":"1-9 Employees"},"fieldId":"100150"},{"type":"ContactFieldCriterion","id":"343784","condition":{"type":"TextValueCondition","operator":"notEqual","value":"senior manager"},"fieldId":"100669"}],"scope":"global","statement":"343767 AND 343779 AND 343778 AND 343781 AND 343784 AND (343768 OR 343776) AND 343769 AND (343770 OR 343771) AND 343772 AND 343773 AND 343774 AND 343775"}}],"isStale":"True"}