{"type":"ContactSegment","currentStatus":"Draft","depth":"complete","folderId":"1463","name":"TMK_TM_1707_Japan/Korea_Qualification","permissions":["Retrieve","SetSecurity","Delete","Update"],"updatedAt":"1497969140","updatedBy":"55","elements":[{"type":"ContactFilterSegmentElement","id":"17602","depth":"complete","count":"0","isIncluded":"true","lastCalculatedAt":"1489571244","filter":{"type":"ContactFilter","currentStatus":"Draft","id":"125219","createdAt":"1489571244","createdBy":"55","depth":"complete","folderId":"51","name":"Filter Criteria 1","permissions":["Retrieve","SetSecurity","Delete","Update"],"updatedAt":"1497969140","updatedBy":"55","criteria":[{"type":"ContactFieldCriterion","id":"371457","condition":{"type":"TextValueCondition","operator":"notBlank"},"fieldId":"100013"},{"type":"ContactFieldCriterion","id":"371458","condition":{"type":"TextValueCondition","operator":"blank"},"fieldId":"100775"},{"type":"ContactFieldCriterion","id":"371459","condition":{"type":"TextValueCondition","operator":"blank"},"fieldId":"100778"},{"type":"ContactFieldCriterion","id":"371460","condition":{"type":"TextValueCondition","operator":"notBlank"},"fieldId":"100174"},{"type":"ContactFieldCriterion","id":"371463","condition":{"type":"TextValueCondition","operator":"blank"},"fieldId":"100788"},{"type":"ContactFieldCriterion","id":"378069","condition":{"type":"TextValueCondition","operator":"blank"},"fieldId":"100789"}],"scope":"local","statement":"378069 AND 371463 AND 371459 AND 371458 AND (371457 OR 371460)"}},{"type":"ContactFilterSegmentElement","id":"17603","depth":"complete","count":"0","isIncluded":"false","lastCalculatedAt":"1489571245","filter":{"type":"ContactFilter","currentStatus":"Draft","id":"125220","createdAt":"1489571245","createdBy":"55","depth":"complete","folderId":"51","name":"Filter Criteria 2","permissions":["Retrieve","SetSecurity","Delete","Update"],"updatedAt":"1497969140","updatedBy":"55","criteria":[{"type":"ContactFieldCriterion","id":"371464","condition":{"type":"TextValueCondition","operator":"notEqual","value":"Active"},"fieldId":"100089"},{"type":"ContactFieldCriterion","id":"371465","condition":{"type":"TextSetCondition","operator":"in","optionListId":"20243","quickListString":"Bioportfolio,IFS,TA Literature Research"},"fieldId":"100044"},{"type":"ContactFieldCriterion","id":"371467","condition":{"type":"TextSetCondition","operator":"notIn","optionListId":"20245","quickListString":"Japan,Korea,South Korea"},"fieldId":"100012"},{"type":"ContactFieldCriterion","id":"371468","condition":{"type":"TextValueCondition","operator":"notBlank"},"fieldId":"100404"},{"type":"ContactFieldCriterion","id":"371469","condition":{"type":"TextValueCondition","operator":"blank"},"fieldId":"100003"},{"type":"ContactFieldCriterion","id":"371470","condition":{"type":"TextValueCondition","operator":"notBlank"},"fieldId":"100770"}],"scope":"local","statement":"371464 OR 371465 OR 371467 OR 371468 OR 371469 OR 371470"}},{"type":"ContactListSegmentElement","id":"17604","depth":"complete","count":"0","isIncluded":"false","lastCalculatedAt":"1489571245","list":{"type":"ContactList","currentStatus":"active","id":"8277","createdAt":"1427884066","createdBy":"20","depth":"complete","folderId":"9130","name":"SYSTEM - Phone Number Generic Cleaning Exceptions Phone1","permissions":["Retrieve","SetSecurity","Delete","Update"],"updatedAt":"1530623378","updatedBy":"58","count":"1119","dataLookupId":"1accd755-7bd7-466a-985f-a45ebc79656f","scope":"global"}},{"type":"ContactListSegmentElement","id":"17605","depth":"complete","count":"0","isIncluded":"false","lastCalculatedAt":"1489571245","list":{"type":"ContactList","currentStatus":"active","id":"8715","createdAt":"1434953093","createdBy":"20","depth":"complete","folderId":"9130","name":"SYSTEM - Phone Number Generic Cleaning Exceptions Phone2","permissions":["Retrieve","SetSecurity","Delete","Update"],"updatedAt":"1530623378","updatedBy":"58","count":"6184","dataLookupId":"6498e8d7-baae-4d4f-b58a-11f167a7c7c0","scope":"global"}},{"type":"ContactListSegmentElement","id":"17606","depth":"complete","count":"0","isIncluded":"false","lastCalculatedAt":"1489571245","list":{"type":"ContactList","currentStatus":"active","id":"7862","createdAt":"1422885634","createdBy":"20","depth":"complete","folderId":"9130","name":"SYSTEM - Phone Number Country Cleaning Wrong Numbers Phone1","permissions":["Retrieve","SetSecurity","Delete","Update"],"updatedAt":"1530623378","updatedBy":"58","count":"51184","dataLookupId":"9dcc4e3b-c712-4ab1-a38d-02e2a1312430","scope":"global"}},{"type":"ContactListSegmentElement","id":"17607","depth":"complete","count":"0","isIncluded":"false","lastCalculatedAt":"1489571245","list":{"type":"ContactList","currentStatus":"active","id":"7865","createdAt":"1422889542","createdBy":"20","depth":"complete","folderId":"9130","name":"SYSTEM - Phone Number Country Cleaning Wrong Numbers Phone2","permissions":["Retrieve","SetSecurity","Delete","Update"],"updatedAt":"1530623378","updatedBy":"58","count":"41869","dataLookupId":"2082fb5b-1b36-497e-b0e2-3f35ce74d052","scope":"global"}},{"type":"ContactFilterSegmentElement","id":"17608","depth":"complete","count":"0","isIncluded":"false","lastCalculatedAt":"1489575024","filter":{"type":"ContactFilter","currentStatus":"Draft","id":"125221","createdAt":"1489575024","createdBy":"55","depth":"complete","folderId":"51","name":"No App1 and Email","permissions":["Retrieve","SetSecurity","Delete","Update"],"updatedAt":"1497969140","updatedBy":"55","criteria":[{"type":"ContactFieldCriterion","id":"371471","condition":{"type":"TextValueCondition","operator":"notBlank"},"fieldId":"100464"},{"type":"ContactFieldCriterion","id":"371472","condition":{"type":"TextValueCondition","operator":"notBlank"},"fieldId":"100465"},{"type":"ContactFieldCriterion","id":"371473","condition":{"type":"TextValueCondition","operator":"notBlank"},"fieldId":"100466"},{"type":"ContactFieldCriterion","id":"371474","condition":{"type":"TextValueCondition","operator":"notBlank"},"fieldId":"100467"},{"type":"ContactFieldCriterion","id":"371475","condition":{"type":"TextValueCondition","operator":"notBlank"},"fieldId":"100468"},{"type":"ContactFieldCriterion","id":"371476","condition":{"type":"TextValueCondition","operator":"notBlank"},"fieldId":"100469"},{"type":"ContactFieldCriterion","id":"371477","condition":{"type":"TextValueCondition","operator":"notBlank"},"fieldId":"100470"},{"type":"ContactFieldCriterion","id":"371478","condition":{"type":"TextValueCondition","operator":"notBlank"},"fieldId":"100631"},{"type":"ContactFieldCriterion","id":"371479","condition":{"type":"TextValueCondition","operator":"equal","value":"glf.elq"},"fieldId":"100461"}],"scope":"local","statement":"371471 OR 371472 OR 371473 OR 371474 OR 371475 OR 371476 OR 371477 OR 371478 OR 371479"}},{"type":"ContactFilterSegmentElement","id":"17609","depth":"complete","count":"0","isIncluded":"false","lastCalculatedAt":"1489575024","filter":{"type":"ContactFilter","currentStatus":"Draft","id":"125222","createdAt":"1489575024","createdBy":"55","depth":"complete","folderId":"51","name":"Exclude Industry","permissions":["Retrieve","SetSecurity","Delete","Update"],"updatedAt":"1497969140","updatedBy":"55","criteria":[{"type":"ContactFieldCriterion","id":"371480","condition":{"type":"TextValueCondition","operator":"equal","value":"Retail"},"fieldId":"100045"},{"type":"ContactFieldCriterion","id":"371481","condition":{"type":"TextValueCondition","operator":"equal","value":"Transport and Logistics"},"fieldId":"100045"},{"type":"ContactFieldCriterion","id":"371482","condition":{"type":"TextValueCondition","operator":"equal","value":"Utilities and Municipalities"},"fieldId":"100045"},{"type":"ContactFieldCriterion","id":"371483","condition":{"type":"TextValueCondition","operator":"equal","value":"Pulp, Paper and Textile"},"fieldId":"100045"}],"scope":"local","statement":"371480 OR 371481 OR 371482 OR 371483"}},{"type":"ContactFilterSegmentElement","id":"17610","depth":"complete","count":"0","isIncluded":"false","lastCalculatedAt":"1489575024","filter":{"type":"ContactFilter","currentStatus":"Draft","id":"125223","createdAt":"1489575024","createdBy":"55","depth":"complete","folderId":"51","name":"Exclude Workplace","permissions":["Retrieve","SetSecurity","Delete","Update"],"updatedAt":"1497969140","updatedBy":"55","criteria":[{"type":"ContactFieldCriterion","id":"371484","condition":{"type":"TextValueCondition","operator":"equal","value":"Sales, Marketing and Merchandising"},"fieldId":"100084"},{"type":"ContactFieldCriterion","id":"371485","condition":{"type":"TextValueCondition","operator":"equal","value":"Others"},"fieldId":"100084"},{"type":"ContactFieldCriterion","id":"371486","condition":{"type":"TextValueCondition","operator":"equal","value":"IT / Information Technology"},"fieldId":"100084"},{"type":"ContactFieldCriterion","id":"371487","condition":{"type":"TextValueCondition","operator":"equal","value":"Procurement, Finance and Admin"},"fieldId":"100084"},{"type":"ContactFieldCriterion","id":"371488","condition":{"type":"TextValueCondition","operator":"doesNotContain","value":"procurement"},"fieldId":"100048"}],"scope":"local","statement":"371484 OR 371485 OR 371486 OR (371487 AND 371488)"}}],"isStale":"True"}