{"type":"ContactSegment","currentStatus":"Draft","depth":"complete","folderId":"1463","name":"Contacts CHE Nurturing","permissions":["Retrieve","SetSecurity","Delete","Update"],"updatedAt":"1491989297","updatedBy":"18","elements":[{"type":"ContactFilterSegmentElement","id":"8179","depth":"complete","count":"598","isIncluded":"true","lastCalculatedAt":"1439556920","filter":{"type":"ContactFilter","currentStatus":"Draft","id":"120056","createdAt":"1439556918","createdBy":"18","depth":"complete","folderId":"51","name":"Leads CHE","permissions":["Retrieve","SetSecurity","Delete","Update"],"updatedAt":"1491989297","updatedBy":"18","criteria":[{"type":"ContactFieldCriterion","id":"337442","condition":{"type":"TextValueCondition","operator":"equal","value":"Chemical"},"fieldId":"100045"},{"type":"ContactFieldCriterion","id":"337443","condition":{"type":"DateRangeCondition","end":{"type":"AbsoluteDate","seconds":"1467323940"},"operator":"between","start":{"type":"AbsoluteDate","seconds":"1435701600"}},"fieldId":"100092"},{"type":"ContactFieldCriterion","id":"337444","condition":{"type":"TextValueCondition","operator":"equal","value":"Lead"},"fieldId":"100090"},{"type":"ContactFieldCriterion","id":"337445","condition":{"type":"DateRangeCondition","end":{"type":"AbsoluteDate","seconds":"1490997540"},"operator":"between","start":{"type":"AbsoluteDate","seconds":"1475272800"}},"fieldId":"100634"},{"type":"ContactFieldCriterion","id":"337446","condition":{"type":"TextValueCondition","operator":"equal","value":"eCDB_duplicate_1611"},"fieldId":"100090"},{"type":"ContactFieldCriterion","id":"337448","condition":{"type":"TextValueCondition","operator":"notEqual","value":"glf.elq"},"fieldId":"100461"},{"type":"ContactFieldCriterion","id":"374484","condition":{"type":"TextValueCondition","operator":"equal","value":"eCDB_duplicate_1703"},"fieldId":"100090"}],"scope":"local","statement":"337442 AND 337443 AND 337448 AND ((337444 AND 337445) OR 374484 OR 337446)"}},{"type":"ContactFilterSegmentElement","id":"8180","depth":"complete","count":"64831","isIncluded":"true","lastCalculatedAt":"1439556921","filter":{"type":"ContactFilter","currentStatus":"Draft","id":"120057","createdAt":"1439556920","createdBy":"18","depth":"complete","folderId":"51","name":"# Contacts CHE","permissions":["Retrieve","SetSecurity","Delete","Update"],"updatedAt":"1491989297","updatedBy":"18","criteria":[{"type":"ContactFieldCriterion","id":"337449","condition":{"type":"TextValueCondition","operator":"equal","value":"Chemical"},"fieldId":"100045"},{"type":"ContactFieldCriterion","id":"337450","condition":{"type":"DateRangeCondition","end":{"type":"AbsoluteDate","seconds":"1467323940"},"operator":"between","start":{"type":"AbsoluteDate","seconds":"1435701600"}},"fieldId":"100092"},{"type":"ContactFieldCriterion","id":"337451","condition":{"type":"TextValueCondition","operator":"notEqual","value":"glf.elq"},"fieldId":"100461"}],"scope":"local","statement":"337449 AND 337450 AND 337451"}},{"type":"ContactFilterSegmentElement","id":"8181","depth":"complete","count":"716","isIncluded":"true","lastCalculatedAt":"1439556922","filter":{"type":"ContactFilter","currentStatus":"Draft","id":"120058","createdAt":"1439556921","createdBy":"18","depth":"complete","folderId":"51","name":"Contacts through Nrt","permissions":["Retrieve","SetSecurity","Delete","Update"],"updatedAt":"1491989297","updatedBy":"18","criteria":[{"type":"LinkedCustomObjectCriterion","id":"337452","customObjectId":"302","fieldConditions":[{"type":"FieldCondition","id":"367049","condition":{"type":"DateRangeCondition","end":{"type":"AbsoluteDate","seconds":"1483225140"},"operator":"between","start":{"type":"AbsoluteDate","seconds":"1475272800"}},"fieldId":"900"}]},{"type":"ContactFieldCriterion","id":"337454","condition":{"type":"TextValueCondition","operator":"equal","value":"Chemical"},"fieldId":"100045"}],"scope":"local","statement":"337452 AND 337454"}},{"type":"ContactListSegmentElement","id":"14927","depth":"complete","count":"0","isIncluded":"true","lastCalculatedAt":"1484140094","list":{"type":"ContactList","currentStatus":"active","id":"12345","createdAt":"1484140062","createdBy":"20","depth":"complete","description":"Result from trimming filter # Contacts CHE with 1 element","folderId":"48","name":"# Contacts not through nurt","permissions":["Retrieve","SetSecurity","Delete","Update"],"updatedAt":"1491989297","updatedBy":"18","count":"41620","dataLookupId":"ba388235-b1e4-4933-9219-5b4849f45dde","scope":"local"}},{"type":"ContactListSegmentElement","id":"14928","depth":"complete","count":"0","isIncluded":"true","lastCalculatedAt":"1484140094","list":{"type":"ContactList","currentStatus":"active","id":"12346","createdAt":"1484140071","createdBy":"20","depth":"complete","description":"Result from trimming filter Leads CHE with 1 element","folderId":"48","name":"# Leads not through nurt","permissions":["Retrieve","SetSecurity","Delete","Update"],"updatedAt":"1491989297","updatedBy":"18","count":"461","dataLookupId":"1b82ed0c-1863-49be-9a41-54c18f3f9bb7","scope":"local"}}],"isStale":"True"}