{"type":"ContactSegment","currentStatus":"Draft","depth":"complete","folderId":"1463","name":"Alexandra_Control Print Academia Chemistry Physics Original","permissions":["Retrieve","SetSecurity","Delete","Update"],"updatedAt":"1521649737","updatedBy":"20","elements":[{"type":"ContactFilterSegmentElement","id":"22065","depth":"complete","count":"0","isIncluded":"true","lastCalculatedAt":"1521649188","filter":{"type":"ContactFilter","currentStatus":"Draft","id":"127850","createdAt":"1516271667","createdBy":"20","depth":"complete","folderId":"18341","name":"Mailer1804 - LAB Academia Life Science Mailer General","permissions":["Retrieve","SetSecurity","Delete","Update"],"updatedAt":"1523546296","updatedBy":"20","criteria":[{"type":"ContactFieldCriterion","id":"389598","condition":{"type":"TextValueCondition","operator":"equal","value":"Academia, Sciences & Education"},"fieldId":"100045"},{"type":"ContactFieldCriterion","id":"389599","condition":{"type":"TextValueCondition","operator":"contains","value":"chemistry"},"fieldId":"100168"},{"type":"ContactFieldCriterion","id":"389600","condition":{"type":"TextValueCondition","operator":"doesNotContain","value":"LAB Academia Chemistry Physics Mailer"},"fieldId":"100782"},{"type":"ContactFieldCriterion","id":"389729","condition":{"type":"TextSetCondition","operator":"in","optionListId":"24369","quickListString":"General Lab,Research & Development,Quality Management"},"fieldId":"100084"},{"type":"ContactFieldCriterion","id":"389730","condition":{"type":"TextValueCondition","operator":"blank"},"fieldId":"100084"}],"scope":"global","statement":"389598 AND (389729 OR 389730) AND 389599 AND 389600"}},{"type":"ContactFilterSegmentElement","id":"22066","depth":"complete","count":"0","isIncluded":"true","lastCalculatedAt":"1521649188","filter":{"type":"ContactFilter","currentStatus":"Draft","id":"128396","createdAt":"1521649188","createdBy":"20","depth":"complete","folderId":"51","name":"Copy of SYSTEM - Feeder Printed Mailers_Contacts 1","permissions":["Retrieve","SetSecurity","Delete","Update"],"updatedAt":"1521649737","updatedBy":"20","criteria":[{"type":"ContactFieldCriterion","id":"393036","condition":{"type":"NumericValueCondition","operator":"notBlank","value":""},"fieldId":"100087"},{"type":"ContactFieldCriterion","id":"393037","condition":{"type":"TextValueCondition","operator":"equal","value":"active"},"fieldId":"100089"},{"type":"ContactFieldCriterion","id":"393038","condition":{"type":"TextValueCondition","operator":"notBlank"},"fieldId":"100003"},{"type":"ContactFieldCriterion","id":"393039","condition":{"type":"TextValueCondition","operator":"notBlank"},"fieldId":"100006"},{"type":"ContactFieldCriterion","id":"393040","condition":{"type":"TextValueCondition","operator":"notBlank"},"fieldId":"100095"},{"type":"ContactFieldCriterion","id":"393041","condition":{"type":"TextValueCondition","operator":"blank"},"fieldId":"100491"},{"type":"ContactFieldCriterion","id":"393042","condition":{"type":"TextValueCondition","operator":"notBlank"},"fieldId":"100011"},{"type":"ContactFieldCriterion","id":"393043","condition":{"type":"TextValueCondition","operator":"notBlank"},"fieldId":"100009"},{"type":"ContactFieldCriterion","id":"393044","condition":{"type":"TextSetCondition","operator":"in","optionListId":"24141","quickListString":"Australia,Austria,Belgium,Brazil,Canada,China,Croatia,Czech Republic,Denmark,France,Germany,Hungary,India,Indonesia,Ireland,Italy,Japan,Malaysia,Mexico,New Zealand,Norway,Philippines,Poland,Portugal,Russia,Singapore,Slovakia,Slovenia,South Korea,Spain,Sweden,Switzerland,Taiwan,Thailand,The Netherlands,Turkey,United Kingdom,USA,Vietnam"},"fieldId":"100012"},{"type":"ContactFieldCriterion","id":"393045","condition":{"type":"TextSetCondition","operator":"in","optionListId":"24142","quickListString":"Blocked DACH Email,CASL Canada"},"fieldId":"100090"},{"type":"ContactFieldCriterion","id":"393046","condition":{"type":"DateValueCondition","operator":"withinLast","value":{"type":"RelativeDate","offset":"24","timePeriod":"month"}},"fieldId":"100092"},{"type":"ContactFieldCriterion","id":"393047","condition":{"type":"TextValueCondition","operator":"equal","value":"glf.elq"},"fieldId":"100461"},{"type":"EmailOpenCriterion","id":"393048","activityRestriction":{"type":"NumericValueCondition","operator":"notLess","value":"1"},"timeRestriction":{"type":"DateValueCondition","operator":"withinLast","value":{"type":"RelativeDate","offset":"24","timePeriod":"month"}}},{"type":"EmailClickThroughCriterion","id":"393049","activityRestriction":{"type":"NumericValueCondition","operator":"notLess","value":"1"},"timeRestriction":{"type":"DateValueCondition","operator":"withinLast","value":{"type":"RelativeDate","offset":"24","timePeriod":"month"}}}],"scope":"local","statement":"393036 AND (393047 OR 393048 OR 393049) AND 393046 AND (393037 OR 393045) AND 393038 AND (393039 OR 393040) AND 393041 AND 393042 AND 393043 AND 393044"}},{"type":"ContactFilterSegmentElement","id":"22067","depth":"complete","count":"0","isIncluded":"false","lastCalculatedAt":"1521649188","filter":{"type":"ContactFilter","currentStatus":"Draft","id":"119183","createdAt":"1430113229","createdBy":"18","depth":"complete","folderId":"5821","name":"Printed Mailers - Remove unwanted selected for campaign","permissions":["Retrieve","SetSecurity","Delete","Update"],"updatedAt":"1526461068","updatedBy":"20","criteria":[{"type":"ContactFieldCriterion","id":"331856","condition":{"type":"TextSetCondition","operator":"in","optionListId":"24760","quickListString":"3rd party,low potential,Dormant"},"fieldId":"100493"},{"type":"ContactFieldCriterion","id":"392985","condition":{"type":"TextValueCondition","operator":"contains","value":"Dormant"},"fieldId":"100493"},{"type":"ContactFieldCriterion","id":"396066","condition":{"type":"TextValueCondition","operator":"equal","value":"SST Validation"},"fieldId":"100493"}],"scope":"global","statement":"331856 OR 392985 OR 396066"}},{"type":"ContactFilterSegmentElement","id":"22068","depth":"complete","count":"0","isIncluded":"false","lastCalculatedAt":"1521649188","filter":{"type":"ContactFilter","currentStatus":"Draft","id":"128397","createdAt":"1521649188","createdBy":"20","depth":"complete","folderId":"51","name":"Filter Criteria 1","permissions":["Retrieve","SetSecurity","Delete","Update"],"updatedAt":"1521649737","updatedBy":"20","criteria":[{"type":"ContactFieldCriterion","id":"393050","condition":{"type":"TextValueCondition","operator":"equal","value":"Bioportfolio"},"fieldId":"100044"}],"scope":"local","statement":"393050"}},{"type":"ContactFilterSegmentElement","id":"22069","depth":"complete","count":"0","isIncluded":"false","lastCalculatedAt":"1521649188","filter":{"type":"ContactFilter","currentStatus":"Draft","id":"121761","createdAt":"1458835916","createdBy":"18","depth":"complete","folderId":"5821","name":"Printed Mailer - Non relevant workplaces","permissions":["Retrieve","SetSecurity","Delete","Update"],"updatedAt":"1526461068","updatedBy":"20","criteria":[{"type":"ContactFieldCriterion","id":"349578","condition":{"type":"TextValueCondition","operator":"equal","value":"Dealers and distributors"},"fieldId":"100084"},{"type":"ContactFieldCriterion","id":"349579","condition":{"type":"TextValueCondition","operator":"equal","value":"IT / Information Technology"},"fieldId":"100084"},{"type":"ContactFieldCriterion","id":"349580","condition":{"type":"TextValueCondition","operator":"equal","value":"Others"},"fieldId":"100084"},{"type":"ContactFieldCriterion","id":"349581","condition":{"type":"TextValueCondition","operator":"equal","value":"Retail"},"fieldId":"100084"},{"type":"ContactFieldCriterion","id":"349582","condition":{"type":"TextValueCondition","operator":"equal","value":"Sales, Marketing and Merchandising"},"fieldId":"100084"}],"scope":"global","statement":"349578 OR 349579 OR 349580 OR 349581 OR 349582"}},{"type":"ContactFilterSegmentElement","id":"22070","depth":"complete","count":"0","isIncluded":"false","lastCalculatedAt":"1521649189","filter":{"type":"ContactFilter","currentStatus":"Draft","id":"121529","createdAt":"1458629045","createdBy":"18","depth":"complete","folderId":"5821","name":"Printed Mailers - Prospects for Newsletters","permissions":["Retrieve","SetSecurity","Delete","Update"],"updatedAt":"1526461068","updatedBy":"20","criteria":[{"type":"ContactFieldCriterion","id":"347614","condition":{"type":"TextValueCondition","operator":"equal","value":"glf.elq"},"fieldId":"100461"},{"type":"ContactFieldCriterion","id":"347615","condition":{"type":"TextValueCondition","operator":"blank"},"fieldId":"100464"},{"type":"ContactFieldCriterion","id":"347616","condition":{"type":"TextValueCondition","operator":"blank"},"fieldId":"100465"},{"type":"ContactFieldCriterion","id":"347617","condition":{"type":"TextValueCondition","operator":"blank"},"fieldId":"100467"},{"type":"ContactFieldCriterion","id":"347618","condition":{"type":"TextValueCondition","operator":"blank"},"fieldId":"100469"},{"type":"ContactFieldCriterion","id":"347619","condition":{"type":"TextValueCondition","operator":"blank"},"fieldId":"100466"},{"type":"ContactFieldCriterion","id":"347620","condition":{"type":"TextValueCondition","operator":"blank"},"fieldId":"100470"},{"type":"ContactFieldCriterion","id":"347621","condition":{"type":"TextValueCondition","operator":"blank"},"fieldId":"100468"},{"type":"ContactFieldCriterion","id":"347622","condition":{"type":"TextValueCondition","operator":"blank"},"fieldId":"100631"}],"scope":"global","statement":"347614 AND 347615 AND 347616 AND 347617 AND 347618 AND 347619 AND 347620 AND 347621 AND 347622"}},{"type":"ContactFilterSegmentElement","id":"22071","depth":"complete","count":"0","isIncluded":"false","lastCalculatedAt":"1521649189","filter":{"type":"ContactFilter","currentStatus":"Draft","id":"128398","createdAt":"1521649189","createdBy":"20","depth":"complete","folderId":"51","name":"Copy of SYSTEM - Remove unwanted Functions 1","permissions":["Retrieve","SetSecurity","Delete","Update"],"updatedAt":"1521649737","updatedBy":"20","criteria":[{"type":"ContactFieldCriterion","id":"393051","condition":{"type":"TextValueCondition","operator":"contains","value":"marketing"},"fieldId":"100048"},{"type":"ContactFieldCriterion","id":"393052","condition":{"type":"TextValueCondition","operator":"contains","value":"sales"},"fieldId":"100048"},{"type":"ContactFieldCriterion","id":"393053","condition":{"type":"TextValueCondition","operator":"contains","value":"adminis"},"fieldId":"100048"},{"type":"ContactFieldCriterion","id":"393054","condition":{"type":"TextValueCondition","operator":"contains","value":"human resources"},"fieldId":"100048"},{"type":"ContactFieldCriterion","id":"393055","condition":{"type":"TextValueCondition","operator":"contains","value":"hr"},"fieldId":"100048"},{"type":"ContactFieldCriterion","id":"393056","condition":{"type":"TextValueCondition","operator":"contains","value":"controller"},"fieldId":"100048"},{"type":"ContactFieldCriterion","id":"393057","condition":{"type":"TextValueCondition","operator":"contains","value":"CFO"},"fieldId":"100048"},{"type":"ContactFieldCriterion","id":"393058","condition":{"type":"TextValueCondition","operator":"contains","value":"finance"},"fieldId":"100048"},{"type":"ContactFieldCriterion","id":"393059","condition":{"type":"TextValueCondition","operator":"contains","value":"secretary"},"fieldId":"100048"}],"scope":"local","statement":"393051 OR 393052 OR 393053 OR 393054 OR 393055 OR 393056 OR 393057 OR 393058 OR 393059"}},{"type":"ContactFilterSegmentElement","id":"22072","depth":"complete","count":"0","isIncluded":"false","lastCalculatedAt":"1521649189","filter":{"type":"ContactFilter","currentStatus":"Draft","id":"128399","createdAt":"1521649189","createdBy":"20","depth":"complete","folderId":"51","name":"Filter Criteria 2","permissions":["Retrieve","SetSecurity","Delete","Update"],"updatedAt":"1521649737","updatedBy":"20","criteria":[{"type":"ContactFieldCriterion","id":"393060","condition":{"type":"TextValueCondition","operator":"contains","value":"TA Card"},"fieldId":"100803"},{"type":"ContactFieldCriterion","id":"393061","condition":{"type":"TextValueCondition","operator":"contains","value":"AutoChem"},"fieldId":"100803"}],"scope":"local","statement":"393060 OR 393061"}},{"type":"ContactFilterSegmentElement","id":"22073","depth":"complete","count":"0","isIncluded":"false","lastCalculatedAt":"1521649189","filter":{"type":"ContactFilter","currentStatus":"Draft","id":"128400","createdAt":"1521649189","createdBy":"20","depth":"complete","folderId":"51","name":"Copy of Printed Mailers - No mailer 2013 - 2015 1","permissions":["Retrieve","SetSecurity","Delete","Update"],"updatedAt":"1521649737","updatedBy":"20","criteria":[{"type":"ContactFieldCriterion","id":"393062","condition":{"type":"TextValueCondition","operator":"notBlank"},"fieldId":"100054"},{"type":"ContactFieldCriterion","id":"393063","condition":{"type":"TextValueCondition","operator":"notBlank"},"fieldId":"100057"},{"type":"ContactFieldCriterion","id":"393064","condition":{"type":"TextValueCondition","operator":"notBlank"},"fieldId":"100695"},{"type":"ContactFieldCriterion","id":"393065","condition":{"type":"TextValueCondition","operator":"notBlank"},"fieldId":"100696"},{"type":"ContactFieldCriterion","id":"393066","condition":{"type":"TextValueCondition","operator":"notBlank"},"fieldId":"100697"},{"type":"ContactFieldCriterion","id":"393067","condition":{"type":"TextValueCondition","operator":"notBlank"},"fieldId":"100698"},{"type":"ContactFieldCriterion","id":"393068","condition":{"type":"TextValueCondition","operator":"notBlank"},"fieldId":"100699"},{"type":"ContactFieldCriterion","id":"393069","condition":{"type":"TextValueCondition","operator":"notBlank"},"fieldId":"100700"},{"type":"ContactFieldCriterion","id":"393070","condition":{"type":"TextValueCondition","operator":"notBlank"},"fieldId":"100701"},{"type":"ContactFieldCriterion","id":"393071","condition":{"type":"TextValueCondition","operator":"notBlank"},"fieldId":"100702"},{"type":"ContactFieldCriterion","id":"393072","condition":{"type":"TextValueCondition","operator":"notBlank"},"fieldId":"100703"},{"type":"ContactFieldCriterion","id":"393073","condition":{"type":"TextValueCondition","operator":"notBlank"},"fieldId":"100704"}],"scope":"local","statement":"393062 OR 393063 OR 393064 OR 393065 OR 393066 OR 393067 OR 393068 OR 393069 OR 393070 OR 393071 OR 393072 OR 393073"}},{"type":"ContactFilterSegmentElement","id":"22074","depth":"complete","count":"0","isIncluded":"false","lastCalculatedAt":"1521649189","filter":{"type":"ContactFilter","currentStatus":"Draft","id":"128401","createdAt":"1521649189","createdBy":"20","depth":"complete","folderId":"51","name":"Copy of Printed Mailers - No mailer 2016 - 2018 1","permissions":["Retrieve","SetSecurity","Delete","Update"],"updatedAt":"1521649737","updatedBy":"20","criteria":[{"type":"ContactFieldCriterion","id":"393074","condition":{"type":"TextValueCondition","operator":"notBlank"},"fieldId":"100705"},{"type":"ContactFieldCriterion","id":"393075","condition":{"type":"TextValueCondition","operator":"notBlank"},"fieldId":"100706"},{"type":"ContactFieldCriterion","id":"393076","condition":{"type":"TextValueCondition","operator":"notBlank"},"fieldId":"100776"},{"type":"ContactFieldCriterion","id":"393077","condition":{"type":"TextValueCondition","operator":"notBlank"},"fieldId":"100777"},{"type":"ContactFieldCriterion","id":"393078","condition":{"type":"TextValueCondition","operator":"notBlank"},"fieldId":"100779"},{"type":"ContactFieldCriterion","id":"393079","condition":{"type":"TextValueCondition","operator":"notBlank"},"fieldId":"100780"},{"type":"ContactFieldCriterion","id":"393080","condition":{"type":"TextValueCondition","operator":"notBlank"},"fieldId":"100781"},{"type":"ContactFieldCriterion","id":"393081","condition":{"type":"TextValueCondition","operator":"notBlank"},"fieldId":"100782"},{"type":"ContactFieldCriterion","id":"393082","condition":{"type":"TextValueCondition","operator":"notBlank"},"fieldId":"100784"},{"type":"ContactFieldCriterion","id":"393083","condition":{"type":"TextValueCondition","operator":"notBlank"},"fieldId":"100785"}],"scope":"local","statement":"393074 OR 393075 OR 393076 OR 393077 OR 393078 OR 393079 OR 393080 OR 393081 OR 393082 OR 393083"}},{"type":"ContactFilterSegmentElement","id":"22075","depth":"complete","count":"0","isIncluded":"false","lastCalculatedAt":"1521649189","filter":{"type":"ContactFilter","currentStatus":"Draft","id":"121948","createdAt":"1460624148","createdBy":"18","depth":"complete","folderId":"13987","name":"Printed Mailers - AAE Non LAB Check","permissions":["Retrieve","SetSecurity","Delete","Update"],"updatedAt":"1526461069","updatedBy":"20","criteria":[{"type":"ContactFieldCriterion","id":"350591","condition":{"type":"TextValueCondition","operator":"blank"},"fieldId":"100467"},{"type":"ContactFieldCriterion","id":"350592","condition":{"type":"TextValueCondition","operator":"blank"},"fieldId":"100469"},{"type":"ContactFieldCriterion","id":"350593","condition":{"type":"TextValueCondition","operator":"blank"},"fieldId":"100465"},{"type":"ContactFieldCriterion","id":"350594","condition":{"type":"TextValueCondition","operator":"blank"},"fieldId":"100464"},{"type":"ContactFieldCriterion","id":"350595","condition":{"type":"TextValueCondition","operator":"equal","value":"1"},"fieldId":"100466"},{"type":"ContactFieldCriterion","id":"350596","condition":{"type":"TextValueCondition","operator":"equal","value":"1"},"fieldId":"100631"},{"type":"ContactFieldCriterion","id":"350597","condition":{"type":"TextValueCondition","operator":"equal","value":"1"},"fieldId":"100470"},{"type":"ContactFieldCriterion","id":"350598","condition":{"type":"TextValueCondition","operator":"equal","value":"1"},"fieldId":"100468"},{"type":"ContactFieldCriterion","id":"350603","condition":{"type":"TextSetCondition","operator":"notIn","optionListId":"24761","quickListString":"General Lab,Research & Development"},"fieldId":"100084"}],"scope":"global","statement":"350591 AND 350592 AND 350593 AND 350594 AND 350603 AND (350595 OR 350596 OR 350597 OR 350598)"}}],"isStale":"True"}