{"type":"ContactSegment","currentStatus":"Draft","depth":"complete","folderId":"1463","name":"Contacts TopKA Welcome","permissions":["Retrieve","SetSecurity","Delete","Update"],"updatedAt":"1491987210","updatedBy":"18","elements":[{"type":"ContactFilterSegmentElement","id":"14954","depth":"complete","count":"54341","isIncluded":"true","lastCalculatedAt":"1484146450","filter":{"type":"ContactFilter","currentStatus":"Draft","id":"124354","createdAt":"1484146449","createdBy":"20","depth":"complete","folderId":"51","name":"Contacts Received Welcome Emails","permissions":["Retrieve","SetSecurity","Delete","Update"],"updatedAt":"1491987210","updatedBy":"18","criteria":[{"type":"LinkedCustomObjectCriterion","id":"367099","customObjectId":"295","fieldConditions":[{"type":"FieldCondition","id":"367111","condition":{"type":"DateRangeCondition","end":{"type":"AbsoluteDate","seconds":"1483225140"},"operator":"between","start":{"type":"AbsoluteDate","seconds":"1475272800"}},"fieldId":"1064"}]},{"type":"EmailSentCriterion","id":"367112","activityRestriction":{"type":"NumericValueCondition","operator":"notLess","value":"1"},"timeRestriction":{"type":"DateRangeCondition","end":{"type":"AbsoluteDate","seconds":"1483225140"},"operator":"between","start":{"type":"AbsoluteDate","seconds":"1475272800"}},"campaignIds":["3463"]}],"scope":"local","statement":"367099 AND 367112"}},{"type":"ContactFilterSegmentElement","id":"14955","depth":"complete","count":"757","isIncluded":"true","lastCalculatedAt":"1484146450","filter":{"type":"ContactFilter","currentStatus":"Draft","id":"124355","createdAt":"1484146450","createdBy":"20","depth":"complete","folderId":"51","name":"Leads TopKA","permissions":["Retrieve","SetSecurity","Delete","Update"],"updatedAt":"1491987210","updatedBy":"18","criteria":[{"type":"ContactFieldCriterion","id":"367101","condition":{"type":"TextValueCondition","operator":"notBlank"},"fieldId":"100770"},{"type":"ContactFieldCriterion","id":"367102","condition":{"type":"DateRangeCondition","end":{"type":"AbsoluteDate","seconds":"1467323940"},"operator":"between","start":{"type":"AbsoluteDate","seconds":"1435701600"}},"fieldId":"100092"},{"type":"ContactFieldCriterion","id":"367103","condition":{"type":"TextValueCondition","operator":"equal","value":"Lead"},"fieldId":"100090"},{"type":"ContactFieldCriterion","id":"367104","condition":{"type":"DateRangeCondition","end":{"type":"AbsoluteDate","seconds":"1490997540"},"operator":"between","start":{"type":"AbsoluteDate","seconds":"1475272800"}},"fieldId":"100634"},{"type":"ContactFieldCriterion","id":"367105","condition":{"type":"TextValueCondition","operator":"notEqual","value":"glf.elq"},"fieldId":"100461"},{"type":"ContactFieldCriterion","id":"367106","condition":{"type":"TextSetCondition","operator":"in","optionListId":"20742","quickListString":"eCDB_duplicate_1611,eCDB_duplicate_1703"},"fieldId":"100090"}],"scope":"local","statement":"367101 AND 367102 AND 367105 AND ((367103 AND 367104) OR 367106)"}},{"type":"ContactFilterSegmentElement","id":"14956","depth":"complete","count":"96301","isIncluded":"true","lastCalculatedAt":"1484146451","filter":{"type":"ContactFilter","currentStatus":"Draft","id":"124356","createdAt":"1484146450","createdBy":"20","depth":"complete","folderId":"51","name":"# contacts TopKA","permissions":["Retrieve","SetSecurity","Delete","Update"],"updatedAt":"1491987210","updatedBy":"18","criteria":[{"type":"ContactFieldCriterion","id":"367107","condition":{"type":"TextValueCondition","operator":"notBlank"},"fieldId":"100770"},{"type":"ContactFieldCriterion","id":"367108","condition":{"type":"DateRangeCondition","end":{"type":"AbsoluteDate","seconds":"1467323940"},"operator":"between","start":{"type":"AbsoluteDate","seconds":"1435701600"}},"fieldId":"100092"},{"type":"ContactFieldCriterion","id":"367109","condition":{"type":"TextValueCondition","operator":"notEqual","value":"glf.elq"},"fieldId":"100461"}],"scope":"local","statement":"367107 AND 367108 AND 367109"}},{"type":"ContactListSegmentElement","id":"14957","depth":"complete","count":"49466","isIncluded":"true","lastCalculatedAt":"1484146451","list":{"type":"ContactList","currentStatus":"active","id":"12372","createdAt":"1484146451","createdBy":"20","depth":"complete","description":"Result from trimming filter # contacts PAB with 1 element","folderId":"48","name":"Contacts not through welc","permissions":["Retrieve","SetSecurity","Delete","Update"],"updatedAt":"1491987210","updatedBy":"18","count":"58993","dataLookupId":"95dcdc34-b63e-41ea-b0ab-d94fdb3c58e2","scope":"local"}},{"type":"ContactListSegmentElement","id":"14958","depth":"complete","count":"0","isIncluded":"true","lastCalculatedAt":"1484146452","list":{"type":"ContactList","currentStatus":"active","id":"12373","createdAt":"1484146451","createdBy":"20","depth":"complete","description":"Result from trimming filter Leads PAB with 1 element","folderId":"48","name":"Leads not through welc","permissions":["Retrieve","SetSecurity","Delete","Update"],"updatedAt":"1491987210","updatedBy":"18","count":"714","dataLookupId":"79c0366a-f510-4b76-b3db-639f10df4726","scope":"local"}}],"isStale":"True"}