{"type":"ContactSegment","currentStatus":"Draft","depth":"complete","folderId":"1463","name":"TMK_TM_1708_CN_All_All_All_All_All_TeleQueue_China_Qualification","permissions":["Retrieve","SetSecurity","Delete","Update"],"updatedAt":"1501671488","updatedBy":"58","elements":[{"type":"ContactFilterSegmentElement","id":"19488","depth":"complete","count":"0","isIncluded":"true","lastCalculatedAt":"1501671375","filter":{"type":"ContactFilter","currentStatus":"Draft","id":"126558","createdAt":"1501671375","createdBy":"58","depth":"complete","folderId":"51","name":"Filter Criteria 1","permissions":["Retrieve","SetSecurity","Delete","Update"],"updatedAt":"1501671488","updatedBy":"58","criteria":[{"type":"ContactFieldCriterion","id":"380353","condition":{"type":"TextValueCondition","operator":"equal","value":"Chinese"},"fieldId":"100431"},{"type":"ContactFieldCriterion","id":"380354","condition":{"type":"TextValueCondition","operator":"equal","value":"China"},"fieldId":"100012"}],"scope":"local","statement":"380353 OR 380354"}},{"type":"ContactFilterSegmentElement","id":"19489","depth":"complete","count":"0","isIncluded":"false","lastCalculatedAt":"1501671375","filter":{"type":"ContactFilter","currentStatus":"Draft","id":"126559","createdAt":"1501671375","createdBy":"58","depth":"complete","folderId":"51","name":"Filter Criteria 2","permissions":["Retrieve","SetSecurity","Delete","Update"],"updatedAt":"1501671488","updatedBy":"58","criteria":[{"type":"ContactFieldCriterion","id":"380356","condition":{"type":"TextValueCondition","operator":"notEqual","value":"Active"},"fieldId":"100089"},{"type":"ContactFieldCriterion","id":"380357","condition":{"type":"TextSetCondition","operator":"in","optionListId":"21551","quickListString":"Bioportfolio,IFS,TA Literature Research"},"fieldId":"100044"},{"type":"ContactFieldCriterion","id":"380358","condition":{"type":"TextValueCondition","operator":"notBlank"},"fieldId":"100404"},{"type":"ContactFieldCriterion","id":"380359","condition":{"type":"TextValueCondition","operator":"notBlank"},"fieldId":"100770"},{"type":"ContactFieldCriterion","id":"380360","condition":{"type":"TextValueCondition","operator":"notBlank"},"fieldId":"100790"},{"type":"ContactFieldCriterion","id":"380361","condition":{"type":"TextValueCondition","operator":"notBlank"},"fieldId":"100778"},{"type":"ContactFieldCriterion","id":"380362","condition":{"type":"TextValueCondition","operator":"notBlank"},"fieldId":"100788"},{"type":"ContactFieldCriterion","id":"380363","condition":{"type":"TextValueCondition","operator":"blank"},"fieldId":"100013"},{"type":"ContactFieldCriterion","id":"380364","condition":{"type":"TextValueCondition","operator":"blank"},"fieldId":"100174"},{"type":"ContactFieldCriterion","id":"380365","condition":{"type":"TextValueCondition","operator":"notBlank"},"fieldId":"100789"}],"scope":"local","statement":"380356 OR 380357 OR 380358 OR 380359 OR 380361 OR 380362 AND 380365 OR 380360 AND (380363 AND 380364)"}},{"type":"ContactListSegmentElement","id":"19490","depth":"complete","count":"0","isIncluded":"false","lastCalculatedAt":"1501671375","list":{"type":"ContactList","currentStatus":"active","id":"8277","createdAt":"1427884066","createdBy":"20","depth":"complete","folderId":"9130","name":"SYSTEM - Phone Number Generic Cleaning Exceptions Phone1","permissions":["Retrieve","SetSecurity","Delete","Update"],"updatedAt":"1530623378","updatedBy":"58","count":"1119","dataLookupId":"1accd755-7bd7-466a-985f-a45ebc79656f","scope":"global"}},{"type":"ContactListSegmentElement","id":"19491","depth":"complete","count":"0","isIncluded":"false","lastCalculatedAt":"1501671375","list":{"type":"ContactList","currentStatus":"active","id":"8715","createdAt":"1434953093","createdBy":"20","depth":"complete","folderId":"9130","name":"SYSTEM - Phone Number Generic Cleaning Exceptions Phone2","permissions":["Retrieve","SetSecurity","Delete","Update"],"updatedAt":"1530623378","updatedBy":"58","count":"6184","dataLookupId":"6498e8d7-baae-4d4f-b58a-11f167a7c7c0","scope":"global"}},{"type":"ContactListSegmentElement","id":"19492","depth":"complete","count":"0","isIncluded":"false","lastCalculatedAt":"1501671375","list":{"type":"ContactList","currentStatus":"active","id":"7862","createdAt":"1422885634","createdBy":"20","depth":"complete","folderId":"9130","name":"SYSTEM - Phone Number Country Cleaning Wrong Numbers Phone1","permissions":["Retrieve","SetSecurity","Delete","Update"],"updatedAt":"1530623378","updatedBy":"58","count":"51184","dataLookupId":"9dcc4e3b-c712-4ab1-a38d-02e2a1312430","scope":"global"}},{"type":"ContactListSegmentElement","id":"19493","depth":"complete","count":"0","isIncluded":"false","lastCalculatedAt":"1501671375","list":{"type":"ContactList","currentStatus":"active","id":"7865","createdAt":"1422889542","createdBy":"20","depth":"complete","folderId":"9130","name":"SYSTEM - Phone Number Country Cleaning Wrong Numbers Phone2","permissions":["Retrieve","SetSecurity","Delete","Update"],"updatedAt":"1530623378","updatedBy":"58","count":"41869","dataLookupId":"2082fb5b-1b36-497e-b0e2-3f35ce74d052","scope":"global"}},{"type":"ContactFilterSegmentElement","id":"19494","depth":"complete","count":"0","isIncluded":"false","lastCalculatedAt":"1501671375","filter":{"type":"ContactFilter","currentStatus":"Draft","id":"126560","createdAt":"1501671375","createdBy":"58","depth":"complete","folderId":"51","name":"Workplace Exclusion","permissions":["Retrieve","SetSecurity","Delete","Update"],"updatedAt":"1501671488","updatedBy":"58","criteria":[{"type":"ContactFieldCriterion","id":"380366","condition":{"type":"TextValueCondition","operator":"equal","value":"Sales, Marketing and Merchandising"},"fieldId":"100084"},{"type":"ContactFieldCriterion","id":"380367","condition":{"type":"TextValueCondition","operator":"equal","value":"Others"},"fieldId":"100084"},{"type":"ContactFieldCriterion","id":"380368","condition":{"type":"TextValueCondition","operator":"equal","value":"Maintenance and Service"},"fieldId":"100084"},{"type":"ContactFieldCriterion","id":"380369","condition":{"type":"TextValueCondition","operator":"equal","value":"IT / Information Technology"},"fieldId":"100084"},{"type":"ContactFieldCriterion","id":"380370","condition":{"type":"TextValueCondition","operator":"equal","value":"Procurement, Finance and Admin"},"fieldId":"100084"},{"type":"ContactFieldCriterion","id":"380371","condition":{"type":"TextValueCondition","operator":"doesNotContain","value":"procurement"},"fieldId":"100048"}],"scope":"local","statement":"380366 OR 380367 OR 380368 OR 380369 OR (380370 AND 380371)"}},{"type":"ContactFilterSegmentElement","id":"19495","depth":"complete","count":"0","isIncluded":"false","lastCalculatedAt":"1501671375","filter":{"type":"ContactFilter","currentStatus":"Draft","id":"126561","createdAt":"1501671375","createdBy":"58","depth":"complete","folderId":"51","name":"Industry Exclusion","permissions":["Retrieve","SetSecurity","Delete","Update"],"updatedAt":"1501671488","updatedBy":"58","criteria":[{"type":"ContactFieldCriterion","id":"380372","condition":{"type":"TextValueCondition","operator":"equal","value":"Transport and Logistics"},"fieldId":"100045"},{"type":"ContactFieldCriterion","id":"380373","condition":{"type":"TextValueCondition","operator":"equal","value":"Utilities and Municipalities"},"fieldId":"100045"},{"type":"ContactFieldCriterion","id":"380374","condition":{"type":"TextValueCondition","operator":"equal","value":"Retail"},"fieldId":"100045"},{"type":"ContactFieldCriterion","id":"380375","condition":{"type":"TextValueCondition","operator":"equal","value":"Pulp, Paper and Textile"},"fieldId":"100045"}],"scope":"local","statement":"380372 OR 380373 OR 380374 OR 380375"}}],"isStale":"True"}