{"type":"ContactSegment","currentStatus":"Active","depth":"complete","folderId":"1463","name":"ENQ_XXXX_All_All_All_All_All_All_Pre-Dormant Selection_Pilot","permissions":["Retrieve","SetSecurity","Delete","Update"],"updatedAt":"1520838366","updatedBy":"53","elements":[{"type":"ContactFilterSegmentElement","id":"22006","depth":"complete","count":"0","isIncluded":"true","lastCalculatedAt":"1520838050","filter":{"type":"ContactFilter","currentStatus":"Draft","id":"128363","createdAt":"1520838050","createdBy":"53","depth":"complete","folderId":"51","name":"Filter Criteria 1","permissions":["Retrieve","SetSecurity","Delete","Update"],"updatedAt":"1520838366","updatedBy":"53","criteria":[{"type":"ContactFieldCriterion","id":"392851","condition":{"type":"TextValueCondition","operator":"equal","value":"active"},"fieldId":"100089"},{"type":"ContactFieldCriterion","id":"392852","condition":{"type":"TextValueCondition","operator":"equal","value":"dormant"},"fieldId":"100493"}],"scope":"local","statement":"392851 AND 392852"}}],"isStale":"True"}