{"type":"ContactSegment","currentStatus":"Draft","depth":"complete","folderId":"1463","name":"Alexandra_Phone_TMWrong","permissions":["Retrieve","SetSecurity","Delete","Update"],"updatedAt":"1510231541","updatedBy":"20","elements":[{"type":"ContactFilterSegmentElement","id":"20666","depth":"complete","count":"0","isIncluded":"true","lastCalculatedAt":"1510231195","filter":{"type":"ContactFilter","currentStatus":"Draft","id":"127382","createdAt":"1510231195","createdBy":"20","depth":"complete","folderId":"51","name":"Filter Criteria 1","permissions":["Retrieve","SetSecurity","Delete","Update"],"updatedAt":"1510231541","updatedBy":"20","criteria":[{"type":"ContactFieldCriterion","id":"386608","condition":{"type":"TextValueCondition","operator":"contains","value":"Wrong"},"fieldId":"100106"},{"type":"ContactFieldCriterion","id":"386609","condition":{"type":"TextValueCondition","operator":"notBlank"},"fieldId":"100013"},{"type":"ContactFieldCriterion","id":"386610","condition":{"type":"TextValueCondition","operator":"notBlank"},"fieldId":"100174"},{"type":"ContactFieldCriterion","id":"386617","condition":{"type":"TextValueCondition","operator":"equal","value":"Active"},"fieldId":"100089"},{"type":"ContactFieldCriterion","id":"386618","condition":{"type":"TextValueCondition","operator":"equal","value":"Blocked DACH Email"},"fieldId":"100090"},{"type":"ContactFieldCriterion","id":"386619","condition":{"type":"TextSetCondition","operator":"in","optionListId":"22861","quickListString":"China,South Korea,Japan,Macau,Hong Kong,Portugal,Brazil,Spain,Mexico,Chile,Argentina,Australia,Austria,Belgium,Italy,Denmark,France,Germany,The Netherlands,USA,Canada,Norway,Ireland,Russia,Sweden,Switzerland,Turkey,Taiwan,United Kingdom"},"fieldId":"100012"},{"type":"ContactFieldCriterion","id":"386620","condition":{"type":"TextValueCondition","operator":"notBlank"},"fieldId":"100770"},{"type":"ContactFieldCriterion","id":"386621","condition":{"type":"TextValueCondition","operator":"equal","value":"Country not covered"},"fieldId":"100090"}],"scope":"local","statement":"(386617 OR 386621 OR 386618) AND 386608 AND (386609 OR 386610) AND (386619 OR 386620)"}},{"type":"ContactFilterSegmentElement","id":"20668","depth":"complete","count":"0","isIncluded":"false","lastCalculatedAt":"1510231483","filter":{"type":"ContactFilter","currentStatus":"Draft","id":"127384","createdAt":"1510231483","createdBy":"20","depth":"complete","folderId":"51","name":"Filter Criteria 2","permissions":["Retrieve","SetSecurity","Delete","Update"],"updatedAt":"1510231541","updatedBy":"20","criteria":[{"type":"ContactFieldCriterion","id":"386622","condition":{"type":"TextValueCondition","operator":"notBlank"},"fieldId":"100404"}],"scope":"local","statement":"386622"}}],"isStale":"True"}