{"type":"ContactSegment","currentStatus":"Draft","depth":"complete","folderId":"1463","name":"Append_Phone_WrongFormat_Quarterly","permissions":["Retrieve","SetSecurity","Delete","Update"],"updatedAt":"1507727995","updatedBy":"20","elements":[{"type":"ContactFilterSegmentElement","id":"11573","depth":"complete","count":"3381","isIncluded":"false","lastCalculatedAt":"1464958446","filter":{"type":"ContactFilter","currentStatus":"Draft","id":"122382","createdAt":"1464958446","createdBy":"20","depth":"complete","folderId":"51","name":"Missing phone prioritization","permissions":["Retrieve","SetSecurity","Delete","Update"],"updatedAt":"1507727995","updatedBy":"20","criteria":[{"type":"ContactFieldCriterion","id":"353283","condition":{"type":"TextValueCondition","operator":"notEqual","value":"Active"},"fieldId":"100089"},{"type":"ContactFieldCriterion","id":"353285","condition":{"type":"TextSetCondition","operator":"notIn","optionListId":"15630","quickListString":"China,South Korea,Japan,Macau,Hong Kong,Portugal,Brazil,Spain,Mexico,Chile,Argentina,Australia,Austria,Belgium,Italy,Denmark,France,Germany,The Netherlands,USA,Canada,Norway,Ireland,Russia,Sweden,Switzerland,Turkey,Taiwan,United Kingdom"},"fieldId":"100012"}],"scope":"local","statement":"353283 OR 353285"}},{"type":"ContactFilterSegmentElement","id":"11575","depth":"complete","count":"174","isIncluded":"false","lastCalculatedAt":"1464958446","filter":{"type":"ContactFilter","currentStatus":"Draft","id":"122384","createdAt":"1464958446","createdBy":"20","depth":"complete","folderId":"51","name":"Do not call","permissions":["Retrieve","SetSecurity","Delete","Update"],"updatedAt":"1507727995","updatedBy":"20","criteria":[{"type":"ContactFieldCriterion","id":"353294","condition":{"type":"TextValueCondition","operator":"notBlank"},"fieldId":"100404"}],"scope":"local","statement":"353294"}},{"type":"ContactListSegmentElement","id":"11577","depth":"complete","count":"1640","isIncluded":"true","lastCalculatedAt":"1464958684","list":{"type":"ContactList","currentStatus":"active","id":"8277","createdAt":"1427884066","createdBy":"20","depth":"complete","folderId":"9130","name":"SYSTEM - Phone Number Generic Cleaning Exceptions Phone1","permissions":["Retrieve","SetSecurity","Delete","Update"],"updatedAt":"1530623378","updatedBy":"58","count":"1119","dataLookupId":"1accd755-7bd7-466a-985f-a45ebc79656f","scope":"global"}},{"type":"ContactListSegmentElement","id":"11578","depth":"complete","count":"1425","isIncluded":"true","lastCalculatedAt":"1464958684","list":{"type":"ContactList","currentStatus":"active","id":"8715","createdAt":"1434953093","createdBy":"20","depth":"complete","folderId":"9130","name":"SYSTEM - Phone Number Generic Cleaning Exceptions Phone2","permissions":["Retrieve","SetSecurity","Delete","Update"],"updatedAt":"1530623378","updatedBy":"58","count":"6184","dataLookupId":"6498e8d7-baae-4d4f-b58a-11f167a7c7c0","scope":"global"}},{"type":"ContactListSegmentElement","id":"11579","depth":"complete","count":"41219","isIncluded":"true","lastCalculatedAt":"1464958684","list":{"type":"ContactList","currentStatus":"active","id":"7862","createdAt":"1422885634","createdBy":"20","depth":"complete","folderId":"9130","name":"SYSTEM - Phone Number Country Cleaning Wrong Numbers Phone1","permissions":["Retrieve","SetSecurity","Delete","Update"],"updatedAt":"1530623378","updatedBy":"58","count":"51184","dataLookupId":"9dcc4e3b-c712-4ab1-a38d-02e2a1312430","scope":"global"}},{"type":"ContactListSegmentElement","id":"11580","depth":"complete","count":"9109","isIncluded":"true","lastCalculatedAt":"1464958684","list":{"type":"ContactList","currentStatus":"active","id":"7865","createdAt":"1422889542","createdBy":"20","depth":"complete","folderId":"9130","name":"SYSTEM - Phone Number Country Cleaning Wrong Numbers Phone2","permissions":["Retrieve","SetSecurity","Delete","Update"],"updatedAt":"1530623378","updatedBy":"58","count":"41869","dataLookupId":"2082fb5b-1b36-497e-b0e2-3f35ce74d052","scope":"global"}},{"type":"ContactFilterSegmentElement","id":"13932","depth":"complete","count":"1","isIncluded":"false","lastCalculatedAt":"1477571669","filter":{"type":"ContactFilter","currentStatus":"Draft","id":"123718","createdAt":"1477571668","createdBy":"20","depth":"complete","folderId":"51","name":"Filter Criteria 1","permissions":["Retrieve","SetSecurity","Delete","Update"],"updatedAt":"1507727995","updatedBy":"20","criteria":[{"type":"LinkedCustomObjectCriterion","id":"362628","customObjectId":"320","fieldConditions":[{"type":"FieldCondition","id":"379055","condition":{"type":"DateValueCondition","operator":"withinLast","value":{"type":"RelativeDate","offset":"12","timePeriod":"month"}},"fieldId":"1051"}]}],"scope":"local","statement":"362628"}},{"type":"ContactFilterSegmentElement","id":"19862","depth":"complete","count":"0","isIncluded":"false","lastCalculatedAt":"1504250381","filter":{"type":"ContactFilter","currentStatus":"Draft","id":"126766","createdAt":"1504250381","createdBy":"20","depth":"complete","folderId":"51","name":"Filter Criteria 2","permissions":["Retrieve","SetSecurity","Delete","Update"],"updatedAt":"1507727995","updatedBy":"20","criteria":[{"type":"LinkedCustomObjectCriterion","id":"381868","customObjectId":"320","fieldConditions":[{"type":"FieldCondition","id":"385457","condition":{"type":"DateRangeCondition","end":{"type":"AbsoluteDate","seconds":"1507327140"},"operator":"between","start":{"type":"AbsoluteDate","seconds":"1507068000"}},"fieldId":"1050"}]}],"scope":"local","statement":"381868"}}],"isStale":"True"}