{"type":"ContactSegment","currentStatus":"Draft","depth":"complete","folderId":"1463","name":"Active_Industry_Workplace","permissions":["Retrieve","SetSecurity","Delete","Update"],"updatedAt":"1491822085","updatedBy":"18","elements":[{"type":"ContactFilterSegmentElement","id":"2694","depth":"complete","count":"825743","isIncluded":"true","lastCalculatedAt":"1393318120","filter":{"type":"ContactFilter","currentStatus":"Draft","id":"116021","createdAt":"1393318120","createdBy":"18","depth":"complete","folderId":"51","name":"Active Industry","permissions":["Retrieve","SetSecurity","Delete","Update"],"updatedAt":"1491822085","updatedBy":"18","criteria":[{"type":"ContactFieldCriterion","id":"312274","condition":{"type":"TextValueCondition","operator":"equal","value":"Active"},"fieldId":"100089"},{"type":"ContactFieldCriterion","id":"312275","condition":{"type":"TextValueCondition","operator":"equal","value":"Chemical"},"fieldId":"100045"}],"scope":"local","statement":"312274 AND 312275"}},{"type":"ContactFilterSegmentElement","id":"2695","depth":"complete","count":"0","isIncluded":"true","lastCalculatedAt":"1393318492","filter":{"type":"ContactFilter","currentStatus":"Draft","id":"116022","createdAt":"1393318492","createdBy":"18","depth":"complete","folderId":"51","name":"Active with Industry Sub","permissions":["Retrieve","SetSecurity","Delete","Update"],"updatedAt":"1491822085","updatedBy":"18","criteria":[{"type":"ContactFieldCriterion","id":"312276","condition":{"type":"TextValueCondition","operator":"equal","value":"Active"},"fieldId":"100089"},{"type":"ContactFieldCriterion","id":"312277","condition":{"type":"TextValueCondition","operator":"equal","value":"Chemical"},"fieldId":"100045"},{"type":"ContactFieldCriterion","id":"312278","condition":{"type":"TextValueCondition","operator":"notBlank"},"fieldId":"100096"}],"scope":"local","statement":"312276 AND 312277 AND 312278"}},{"type":"ContactFilterSegmentElement","id":"2696","depth":"complete","count":"0","isIncluded":"true","lastCalculatedAt":"1393318492","filter":{"type":"ContactFilter","currentStatus":"Draft","id":"116023","createdAt":"1393318492","createdBy":"18","depth":"complete","folderId":"51","name":"Active with Workplace","permissions":["Retrieve","SetSecurity","Delete","Update"],"updatedAt":"1491822085","updatedBy":"18","criteria":[{"type":"ContactFieldCriterion","id":"312279","condition":{"type":"TextValueCondition","operator":"equal","value":"Active"},"fieldId":"100089"},{"type":"ContactFieldCriterion","id":"312280","condition":{"type":"TextValueCondition","operator":"equal","value":"Chemical"},"fieldId":"100045"},{"type":"ContactFieldCriterion","id":"312281","condition":{"type":"TextValueCondition","operator":"notBlank"},"fieldId":"100084"}],"scope":"local","statement":"312279 AND 312280 AND 312281"}},{"type":"ContactFilterSegmentElement","id":"2698","depth":"complete","count":"151799","isIncluded":"true","lastCalculatedAt":"1393321697","filter":{"type":"ContactFilter","currentStatus":"Draft","id":"116024","createdAt":"1393321696","createdBy":"18","depth":"complete","folderId":"51","name":"Active No Industry","permissions":["Retrieve","SetSecurity","Delete","Update"],"updatedAt":"1491822085","updatedBy":"18","criteria":[{"type":"ContactFieldCriterion","id":"312282","condition":{"type":"TextValueCondition","operator":"equal","value":"Active"},"fieldId":"100089"},{"type":"ContactFieldCriterion","id":"312283","condition":{"type":"TextValueCondition","operator":"blank"},"fieldId":"100045"}],"scope":"local","statement":"312282 AND 312283"}},{"type":"ContactFilterSegmentElement","id":"2699","depth":"complete","count":"1631424","isIncluded":"true","lastCalculatedAt":"1393321697","filter":{"type":"ContactFilter","currentStatus":"Draft","id":"116025","createdAt":"1393321697","createdBy":"18","depth":"complete","folderId":"51","name":"Active","permissions":["Retrieve","SetSecurity","Delete","Update"],"updatedAt":"1491822085","updatedBy":"18","criteria":[{"type":"ContactFieldCriterion","id":"312284","condition":{"type":"TextValueCondition","operator":"equal","value":"Active"},"fieldId":"100089"}],"scope":"local","statement":"312284"}},{"type":"ContactFilterSegmentElement","id":"2700","depth":"complete","count":"0","isIncluded":"true","lastCalculatedAt":"1393321697","filter":{"type":"ContactFilter","currentStatus":"Draft","id":"116026","createdAt":"1393321697","createdBy":"18","depth":"complete","folderId":"51","name":"Active No Industry with W","permissions":["Retrieve","SetSecurity","Delete","Update"],"updatedAt":"1491822085","updatedBy":"18","criteria":[{"type":"ContactFieldCriterion","id":"312285","condition":{"type":"TextValueCondition","operator":"equal","value":"active"},"fieldId":"100089"},{"type":"ContactFieldCriterion","id":"312286","condition":{"type":"TextValueCondition","operator":"blank"},"fieldId":"100045"},{"type":"ContactFieldCriterion","id":"312287","condition":{"type":"TextValueCondition","operator":"blank"},"fieldId":"100084"}],"scope":"local","statement":"312285 AND 312286 AND 312287"}}],"isStale":"True"}