{"type":"ContactSegment","currentStatus":"Draft","depth":"complete","folderId":"1463","name":"DATA - Score Overview","permissions":["Retrieve","SetSecurity","Delete","Update"],"updatedAt":"1483448665","updatedBy":"18","elements":[{"type":"ContactFilterSegmentElement","id":"9184","depth":"complete","count":"2070402","isIncluded":"true","lastCalculatedAt":"1451985773","filter":{"type":"ContactFilter","currentStatus":"Draft","id":"120807","createdAt":"1451985770","createdBy":"18","depth":"complete","folderId":"51","name":"Active Contacts","permissions":["Retrieve","SetSecurity","Delete","Update"],"updatedAt":"1483448665","updatedBy":"18","criteria":[{"type":"ContactFieldCriterion","id":"342936","condition":{"type":"TextValueCondition","operator":"equal","value":"Active"},"fieldId":"100089"},{"type":"ContactFieldCriterion","id":"342937","condition":{"type":"TextValueCondition","operator":"notEqual","value":"glf.elq"},"fieldId":"100461"}],"scope":"local","statement":"342936 AND 342937"}},{"type":"ContactFilterSegmentElement","id":"9185","depth":"complete","count":"0","isIncluded":"true","lastCalculatedAt":"1451985776","filter":{"type":"ContactFilter","currentStatus":"Draft","id":"120808","createdAt":"1451985773","createdBy":"18","depth":"complete","folderId":"51","name":"Score A New","permissions":["Retrieve","SetSecurity","Delete","Update"],"updatedAt":"1483448665","updatedBy":"18","criteria":[{"type":"ContactFieldCriterion","id":"342938","condition":{"type":"TextValueCondition","operator":"equal","value":"Active"},"fieldId":"100089"},{"type":"ContactFieldCriterion","id":"342939","condition":{"type":"TextValueCondition","operator":"notEqual","value":"glf.elq"},"fieldId":"100461"},{"type":"LeadScoreCriterion","id":"342940","condition":{"type":"LeadScoreModelCondition","contactModelDefinitionId":"1","leadScoreEngagementValue":["1","2","3","4"],"leadScoreProfileValue":["A"],"operator":"equal"}}],"scope":"local","statement":"342938 AND 342939 AND 342940"}},{"type":"ContactFilterSegmentElement","id":"9186","depth":"complete","count":"0","isIncluded":"true","lastCalculatedAt":"1451985778","filter":{"type":"ContactFilter","currentStatus":"Draft","id":"120809","createdAt":"1451985776","createdBy":"18","depth":"complete","folderId":"51","name":"Score B New","permissions":["Retrieve","SetSecurity","Delete","Update"],"updatedAt":"1483448665","updatedBy":"18","criteria":[{"type":"ContactFieldCriterion","id":"342941","condition":{"type":"TextValueCondition","operator":"equal","value":"Active"},"fieldId":"100089"},{"type":"ContactFieldCriterion","id":"342942","condition":{"type":"TextValueCondition","operator":"notEqual","value":"glf.elq"},"fieldId":"100461"},{"type":"LeadScoreCriterion","id":"342943","condition":{"type":"LeadScoreModelCondition","contactModelDefinitionId":"1","leadScoreEngagementValue":["1","2","3","4"],"leadScoreProfileValue":["B"],"operator":"equal"}}],"scope":"local","statement":"342941 AND 342942 AND 342943"}},{"type":"ContactFilterSegmentElement","id":"9187","depth":"complete","count":"0","isIncluded":"true","lastCalculatedAt":"1451985783","filter":{"type":"ContactFilter","currentStatus":"Draft","id":"120810","createdAt":"1451985778","createdBy":"18","depth":"complete","folderId":"51","name":"Score C New","permissions":["Retrieve","SetSecurity","Delete","Update"],"updatedAt":"1483448665","updatedBy":"18","criteria":[{"type":"ContactFieldCriterion","id":"342944","condition":{"type":"TextValueCondition","operator":"equal","value":"Active"},"fieldId":"100089"},{"type":"ContactFieldCriterion","id":"342945","condition":{"type":"TextValueCondition","operator":"notEqual","value":"glf.elq"},"fieldId":"100461"},{"type":"LeadScoreCriterion","id":"342946","condition":{"type":"LeadScoreModelCondition","contactModelDefinitionId":"1","leadScoreEngagementValue":["1","2","3","4"],"leadScoreProfileValue":["C"],"operator":"equal"}}],"scope":"local","statement":"342944 AND 342945 AND 342946"}},{"type":"ContactFilterSegmentElement","id":"9188","depth":"complete","count":"0","isIncluded":"true","lastCalculatedAt":"1451985785","filter":{"type":"ContactFilter","currentStatus":"Draft","id":"120811","createdAt":"1451985783","createdBy":"18","depth":"complete","folderId":"51","name":"Score D New","permissions":["Retrieve","SetSecurity","Delete","Update"],"updatedAt":"1483448665","updatedBy":"18","criteria":[{"type":"ContactFieldCriterion","id":"342947","condition":{"type":"TextValueCondition","operator":"equal","value":"Active"},"fieldId":"100089"},{"type":"ContactFieldCriterion","id":"342948","condition":{"type":"TextValueCondition","operator":"notEqual","value":"glf.elq"},"fieldId":"100461"},{"type":"LeadScoreCriterion","id":"342949","condition":{"type":"LeadScoreModelCondition","contactModelDefinitionId":"1","leadScoreEngagementValue":["1","2","3","4"],"leadScoreProfileValue":["D"],"operator":"equal"}}],"scope":"local","statement":"342947 AND 342948 AND 342949"}},{"type":"ContactFilterSegmentElement","id":"9190","depth":"complete","count":"538564","isIncluded":"true","lastCalculatedAt":"1451985789","filter":{"type":"ContactFilter","currentStatus":"Draft","id":"120813","createdAt":"1451985788","createdBy":"18","depth":"complete","folderId":"51","name":"Active All","permissions":["Retrieve","SetSecurity","Delete","Update"],"updatedAt":"1483448665","updatedBy":"18","criteria":[{"type":"ContactFieldCriterion","id":"342961","condition":{"type":"TextValueCondition","operator":"equal","value":"Active"},"fieldId":"100089"}],"scope":"local","statement":"342961"}}],"isStale":"True"}