{"type":"ContactSegment","currentStatus":"Draft","depth":"complete","folderId":"1463","name":"eNewsletter - Contact Selection","permissions":["Retrieve","SetSecurity","Delete","Update"],"updatedAt":"1524041482","updatedBy":"20","elements":[{"type":"ContactFilterSegmentElement","id":"21855","depth":"complete","count":"0","isIncluded":"true","lastCalculatedAt":"1519818037","filter":{"type":"ContactFilter","currentStatus":"Draft","id":"128280","createdAt":"1519818036","createdBy":"20","depth":"complete","folderId":"51","name":"Filter Criteria 1","permissions":["Retrieve","SetSecurity","Delete","Update"],"updatedAt":"1524041482","updatedBy":"20","criteria":[{"type":"ContactFieldCriterion","id":"392444","condition":{"type":"TextValueCondition","operator":"equal","value":"Active"},"fieldId":"100089"},{"type":"ContactFieldCriterion","id":"392445","condition":{"type":"TextValueCondition","operator":"notEqual","value":"glf.elq"},"fieldId":"100461"},{"type":"ContactFieldCriterion","id":"392446","condition":{"type":"TextValueCondition","operator":"notEqual","value":"Bioportfolio"},"fieldId":"100044"}],"scope":"local","statement":"392444 AND 392445 AND 392446"}},{"type":"ContactListSegmentElement","id":"22477","depth":"complete","count":"0","isIncluded":"false","lastCalculatedAt":"1524041482","list":{"type":"ContactList","currentStatus":"active","id":"18126","createdAt":"1519817627","createdBy":"20","depth":"complete","folderId":"18530","name":"eNewsletters 2018-1 contacts received group","permissions":["Retrieve","SetSecurity","Delete","Update"],"updatedAt":"1527576701","updatedBy":"20","count":"1440897","dataLookupId":"0e4c9a3c-eb55-40b6-80bb-fd20b2731a58","scope":"global"}}],"isStale":"True"}