{"type":"ContactSegment","currentStatus":"Draft","depth":"complete","folderId":"1463","name":"TechnicalAppend_Estimation_Quarterly","permissions":["Retrieve","SetSecurity","Delete","Update"],"updatedAt":"1529073425","updatedBy":"20","elements":[{"type":"ContactFilterSegmentElement","id":"9844","depth":"complete","count":"573429","isIncluded":"true","lastCalculatedAt":"1456240330","filter":{"type":"ContactFilter","currentStatus":"Draft","id":"121244","createdAt":"1456240330","createdBy":"20","depth":"complete","folderId":"51","name":"Potential number of contacts","permissions":["Retrieve","SetSecurity","Delete","Update"],"updatedAt":"1529073425","updatedBy":"20","criteria":[{"type":"ContactFieldCriterion","id":"345768","condition":{"type":"TextValueCondition","operator":"equal","value":"Active"},"fieldId":"100089"},{"type":"ContactFieldCriterion","id":"345769","condition":{"type":"TextValueCondition","operator":"notBlank"},"fieldId":"100004"},{"type":"ContactFieldCriterion","id":"345770","condition":{"type":"TextValueCondition","operator":"notBlank"},"fieldId":"100003"},{"type":"ContactFieldCriterion","id":"345771","condition":{"type":"TextValueCondition","operator":"notBlank"},"fieldId":"100164"},{"type":"ContactFieldCriterion","id":"345773","condition":{"type":"TextValueCondition","operator":"endsWith","value":"glf.elq"},"fieldId":"100001"},{"type":"LinkedCustomObjectCriterion","id":"374018","customObjectId":"320","fieldConditions":[{"type":"FieldCondition","id":"374014","condition":{"type":"DateValueCondition","operator":"blank"},"fieldId":"1040"}]},{"type":"ContactFieldCriterion","id":"383470","condition":{"type":"TextValueCondition","operator":"equal","value":"country not covered"},"fieldId":"100090"}],"scope":"local","statement":"(345768 OR 383470) AND 345769 AND 345770 AND 345771 AND 345773 AND 374018"}},{"type":"ContactFilterSegmentElement","id":"20928","depth":"complete","count":"0","isIncluded":"false","lastCalculatedAt":"1513238649","filter":{"type":"ContactFilter","currentStatus":"Draft","id":"127636","createdAt":"1513238649","createdBy":"20","depth":"complete","folderId":"51","name":"Filter Criteria 1","permissions":["Retrieve","SetSecurity","Delete","Update"],"updatedAt":"1529073425","updatedBy":"20","criteria":[{"type":"LinkedCustomObjectCriterion","id":"388405","customObjectId":"320","fieldConditions":[{"type":"FieldCondition","id":"392655","condition":{"type":"DateRangeCondition","end":{"type":"AbsoluteDate","seconds":"1526507940"},"operator":"between","start":{"type":"AbsoluteDate","seconds":"1526248800"}},"fieldId":"1036"}]}],"scope":"local","statement":"388405"}},{"type":"ContactFilterSegmentElement","id":"21944","depth":"complete","count":"0","isIncluded":"false","lastCalculatedAt":"1520511218","filter":{"type":"ContactFilter","currentStatus":"Draft","id":"128320","createdAt":"1520511218","createdBy":"20","depth":"complete","folderId":"51","name":"Filter Criteria 2","permissions":["Retrieve","SetSecurity","Delete","Update"],"updatedAt":"1529073425","updatedBy":"20","criteria":[{"type":"ContactFieldCriterion","id":"392677","condition":{"type":"TextSetCondition","operator":"in","optionListId":"24087","quickListString":"Austria,Belgium,Bulgaria,Croatia,Cyprus,Czech Republic,Denmark,Estonia,Finland,France,Germany,Greece,Hungary,Ireland,Italy,Latvia,Lithuania,Luxembourg,Malta,The Netherlands,Poland,Portugal,Romania,Slovakia,Slovenia,Spain,Sweden,United Kingdom,Switzerland"},"fieldId":"100012"}],"scope":"local","statement":"392677"}},{"type":"ContactFilterSegmentElement","id":"23177","depth":"complete","count":"0","isIncluded":"false","lastCalculatedAt":"1529073317","filter":{"type":"ContactFilter","currentStatus":"Draft","id":"129072","createdAt":"1529073317","createdBy":"20","depth":"complete","folderId":"51","name":"Filter Criteria 3","permissions":["Retrieve","SetSecurity","Delete","Update"],"updatedAt":"1529073425","updatedBy":"20","criteria":[{"type":"LinkedCustomObjectCriterion","id":"397363","customObjectId":"320","fieldConditions":[{"type":"FieldCondition","id":"397361","condition":{"type":"DateRangeCondition","end":{"type":"AbsoluteDate","seconds":"1526507940"},"operator":"between","start":{"type":"AbsoluteDate","seconds":"1526248800"}},"fieldId":"1466"}]}],"scope":"local","statement":"397363"}},{"type":"ContactFilterSegmentElement","id":"23178","depth":"complete","count":"0","isIncluded":"false","lastCalculatedAt":"1529073317","filter":{"type":"ContactFilter","currentStatus":"Draft","id":"129073","createdAt":"1529073317","createdBy":"20","depth":"complete","folderId":"51","name":"Filter Criteria 4","permissions":["Retrieve","SetSecurity","Delete","Update"],"updatedAt":"1529073425","updatedBy":"20","criteria":[{"type":"LinkedCustomObjectCriterion","id":"397364","customObjectId":"320","fieldConditions":[{"type":"FieldCondition","id":"397362","condition":{"type":"DateRangeCondition","end":{"type":"AbsoluteDate","seconds":"1529013540"},"operator":"between","start":{"type":"AbsoluteDate","seconds":"1528754400"}},"fieldId":"1035"}]}],"scope":"local","statement":"397364"}},{"type":"ContactListSegmentElement","id":"23179","depth":"complete","count":"0","isIncluded":"false","lastCalculatedAt":"1529073317","list":{"type":"ContactList","currentStatus":"active","id":"17663","createdAt":"1511767590","createdBy":"18","depth":"complete","folderId":"18149","name":"SYSTEM - GNF Cold Leads Send for Append","permissions":["Retrieve","SetSecurity","Delete","Update"],"updatedAt":"1530694713","updatedBy":"18","count":"18083","dataLookupId":"719182b6-0c0e-4eb6-ac06-099ea1127c7c","scope":"global"}}],"isStale":"True"}