{"type":"ContactSegment","currentStatus":"Draft","depth":"complete","folderId":"1463","name":"Contacts CHE Welcome","permissions":["Retrieve","SetSecurity","Delete","Update"],"updatedAt":"1491984273","updatedBy":"18","elements":[{"type":"ContactFilterSegmentElement","id":"8131","depth":"complete","count":"598","isIncluded":"true","lastCalculatedAt":"1439549575","filter":{"type":"ContactFilter","currentStatus":"Draft","id":"120022","createdAt":"1439549575","createdBy":"18","depth":"complete","folderId":"51","name":"Leads CHE","permissions":["Retrieve","SetSecurity","Delete","Update"],"updatedAt":"1491984273","updatedBy":"18","criteria":[{"type":"ContactFieldCriterion","id":"337292","condition":{"type":"TextValueCondition","operator":"equal","value":"Chemical"},"fieldId":"100045"},{"type":"ContactFieldCriterion","id":"337293","condition":{"type":"DateRangeCondition","end":{"type":"AbsoluteDate","seconds":"1467323940"},"operator":"between","start":{"type":"AbsoluteDate","seconds":"1435701600"}},"fieldId":"100092"},{"type":"ContactFieldCriterion","id":"337294","condition":{"type":"TextValueCondition","operator":"equal","value":"Lead"},"fieldId":"100090"},{"type":"ContactFieldCriterion","id":"337295","condition":{"type":"DateRangeCondition","end":{"type":"AbsoluteDate","seconds":"1490997540"},"operator":"between","start":{"type":"AbsoluteDate","seconds":"1475272800"}},"fieldId":"100634"},{"type":"ContactFieldCriterion","id":"337296","condition":{"type":"TextSetCondition","operator":"in","optionListId":"20737","quickListString":"eCDB_duplicate_1611,eCDB_duplicate_1703"},"fieldId":"100090"},{"type":"ContactFieldCriterion","id":"337298","condition":{"type":"TextValueCondition","operator":"notEqual","value":"glf.elq"},"fieldId":"100461"}],"scope":"local","statement":"337292 AND 337293 AND 337298 AND ((337294 AND 337295) OR 337296)"}},{"type":"ContactFilterSegmentElement","id":"8132","depth":"complete","count":"64831","isIncluded":"true","lastCalculatedAt":"1439549576","filter":{"type":"ContactFilter","currentStatus":"Draft","id":"120023","createdAt":"1439549575","createdBy":"18","depth":"complete","folderId":"51","name":"# Contacts CHE","permissions":["Retrieve","SetSecurity","Delete","Update"],"updatedAt":"1491984273","updatedBy":"18","criteria":[{"type":"ContactFieldCriterion","id":"337299","condition":{"type":"TextValueCondition","operator":"equal","value":"Chemical"},"fieldId":"100045"},{"type":"ContactFieldCriterion","id":"337300","condition":{"type":"DateRangeCondition","end":{"type":"AbsoluteDate","seconds":"1467323940"},"operator":"between","start":{"type":"AbsoluteDate","seconds":"1435701600"}},"fieldId":"100092"},{"type":"ContactFieldCriterion","id":"337301","condition":{"type":"TextValueCondition","operator":"notEqual","value":"glf.elq"},"fieldId":"100461"}],"scope":"local","statement":"337299 AND 337300 AND 337301"}},{"type":"ContactFilterSegmentElement","id":"8133","depth":"complete","count":"13257","isIncluded":"true","lastCalculatedAt":"1439549576","filter":{"type":"ContactFilter","currentStatus":"Draft","id":"120024","createdAt":"1439549576","createdBy":"18","depth":"complete","folderId":"51","name":"Contacts Received Welcome","permissions":["Retrieve","SetSecurity","Delete","Update"],"updatedAt":"1491984273","updatedBy":"18","criteria":[{"type":"LinkedCustomObjectCriterion","id":"337302","customObjectId":"295","fieldConditions":[{"type":"FieldCondition","id":"367087","condition":{"type":"DateRangeCondition","end":{"type":"AbsoluteDate","seconds":"1483225140"},"operator":"between","start":{"type":"AbsoluteDate","seconds":"1475272800"}},"fieldId":"885"}]},{"type":"ContactFieldCriterion","id":"337304","condition":{"type":"TextValueCondition","operator":"equal","value":"Chemical"},"fieldId":"100045"}],"scope":"local","statement":"337302 AND 337304"}},{"type":"ContactListSegmentElement","id":"14946","depth":"complete","count":"0","isIncluded":"true","lastCalculatedAt":"1484143432","list":{"type":"ContactList","currentStatus":"active","id":"12364","createdAt":"1484143406","createdBy":"20","depth":"complete","description":"Result from trimming filter # Contacts CHE with 1 element","folderId":"48","name":"Contacts not through welc","permissions":["Retrieve","SetSecurity","Delete","Update"],"updatedAt":"1491984273","updatedBy":"18","count":"41618","dataLookupId":"3a95659a-1684-4dad-9dbb-5a26a7f8b36c","scope":"local"}},{"type":"ContactListSegmentElement","id":"14947","depth":"complete","count":"0","isIncluded":"true","lastCalculatedAt":"1484143432","list":{"type":"ContactList","currentStatus":"active","id":"12365","createdAt":"1484143414","createdBy":"20","depth":"complete","description":"Result from trimming filter Leads CHE with 1 element","folderId":"48","name":"Leads not through welc","permissions":["Retrieve","SetSecurity","Delete","Update"],"updatedAt":"1491984273","updatedBy":"18","count":"468","dataLookupId":"c82042d1-792b-4cee-b7e2-60e8c871a609","scope":"local"}}],"isStale":"True"}