{"type":"ContactSegment","currentStatus":"Draft","depth":"complete","folderId":"1463","name":"Append_Company&Division_Quarterly","permissions":["Retrieve","SetSecurity","Delete","Update"],"updatedAt":"1516785590","updatedBy":"20","elements":[{"type":"ContactFilterSegmentElement","id":"12441","depth":"complete","count":"31327","isIncluded":"true","lastCalculatedAt":"1470397394","filter":{"type":"ContactFilter","currentStatus":"Draft","id":"122919","createdAt":"1470397394","createdBy":"20","depth":"complete","folderId":"51","name":"Selection","permissions":["Retrieve","SetSecurity","Delete","Update"],"updatedAt":"1516785590","updatedBy":"20","criteria":[{"type":"ContactFieldCriterion","id":"356894","condition":{"type":"TextValueCondition","operator":"equal","value":"Active"},"fieldId":"100089"},{"type":"ContactFieldCriterion","id":"369596","condition":{"type":"TextValueCondition","operator":"blank"},"fieldId":"100004"},{"type":"ContactFieldCriterion","id":"388166","condition":{"type":"TextValueCondition","operator":"equal","value":"Pending"},"fieldId":"100089"},{"type":"ContactFieldCriterion","id":"388167","condition":{"type":"TextValueCondition","operator":"contains","value":"DACH"},"fieldId":"100089"},{"type":"ContactFieldCriterion","id":"388168","condition":{"type":"TextValueCondition","operator":"contains","value":"CASL"},"fieldId":"100089"},{"type":"ContactFieldCriterion","id":"390633","condition":{"type":"TextValueCondition","operator":"blank"},"fieldId":"100002"},{"type":"ContactFieldCriterion","id":"390634","condition":{"type":"TextValueCondition","operator":"blank"},"fieldId":"100003"}],"scope":"local","statement":"(356894 OR 388166 OR 388167 OR 388168) AND (369596 OR 390633 OR 390634)"}}],"isStale":"True"}