{"type":"ContactSegment","currentStatus":"Draft","depth":"complete","folderId":"1463","name":"CASL Canada Monthly Domain","permissions":["Retrieve","SetSecurity","Delete","Update"],"updatedAt":"1528271089","updatedBy":"18","elements":[{"type":"ContactFilterSegmentElement","id":"4271","depth":"complete","count":"19508","isIncluded":"true","lastCalculatedAt":"1404370793","filter":{"type":"ContactFilter","currentStatus":"Draft","id":"117026","createdAt":"1404370792","createdBy":"18","depth":"complete","folderId":"51","name":"Filter Criteria 3","permissions":["Retrieve","SetSecurity","Delete","Update"],"updatedAt":"1528271089","updatedBy":"18","criteria":[{"type":"ContactFieldCriterion","id":"318701","condition":{"type":"TextValueCondition","operator":"notEqual","value":"glf.elq"},"fieldId":"100461"},{"type":"ContactFieldCriterion","id":"318900","condition":{"type":"TextValueCondition","operator":"equal","value":"Canada"},"fieldId":"100012"},{"type":"ContactFieldCriterion","id":"318901","condition":{"type":"TextValueCondition","operator":"equal","value":"Active"},"fieldId":"100089"},{"type":"ContactFieldCriterion","id":"318902","condition":{"type":"TextValueCondition","operator":"contains","value":"CASL"},"fieldId":"100090"},{"type":"ContactFieldCriterion","id":"318903","condition":{"type":"TextSetCondition","operator":"in","optionListId":"10322","quickListString":"aalborgportland.com,abednego.ca,ablabs.ca,absfriction.com,absolutelywater.co.za,acadian.ca,actlabs.com,adm.com,advanceddynamics.com,advancedtheranostics.com,ae.ca,aeromag2000.com,agatlabs.com,aggpr.com,agnicoeagle.com,agr.gc.ca,agri-marche.com,agrisan.ca,agropur.com,ahs.ca,airbornflex.com,aircanada.ca,akunaca.com,akzonobel.com,alere.com,alimentstrigone.com,allegiscorp.com,alltech.com,alphacontrols.com,alsglobal.com,am.umicore.com,amdinc.ca,amecfw.com,amfbakery.com,ampsystems.ca,amrakwater.com,anandialabs.com,antirouille.com,apoc.abbott.com,apollocorp.com,apotex.com,apotexpharmachem.com,applevalleyfoods.com,aquatech-canada.com,arcelormittal.com,arlanxeo.com,arterracanada.com,arthurpress.ca,artspaninc.com,arxium.com,arylla.com,atlanticsupply.com,atrium-innovations.com,attraction.com,ausenco.com,autoshack.com,axinewater.com,balancesdodier.com,balancexcell.com,ballard.com,bariatrix.com,basemetlabs.com,baxter.com,bayer.com,bccrc.ca,bcgsc.ca,bd.com,bimedamtc.com,biodextris.com,bioingredients.com,biolabpharma.ca,biomod.com,bioneutra.ca,bioneutra.cav,biopharmaservices.com,biovectra.com,bitebeauty.com,bluerocktx.com,bluewaterbiosciences.com,bmstu.ru,bola-em.com,bonduelle.com,bournemouth.ac.uk,brasseursdumonde.ca,ca.indotama.net,cabotcorp.com,callistointegration.com,cameco.com,camfil.com,camhpet.ca,canada.ca,can-am.net,canfor.com,canopygrowth.com,capitalsalvage.ca,capmatic.com,caraglio.it,carboncontrolsltd.com,carbotech.ca,cardiome.com,carlsonlabs.com,catalent.com,cbu.ca,ccc-group.com,cdrd.ca,cedarlanelabs.com,cegepoutaouais.qc.ca,cegepsl.qc.ca,cegeptr.qc.ca,cellchempharma.com,centreacer.qc.ca,cfindustries.com,cgodin.qc.ca,charex.ca,chem.ubc.ca,chemipharmaceutical.com,chesscontrols.com,chudleighs.com,churchdwight.com,citadelle.coop,clausen.com.uy,cll.qc.ca,cmail.carleton.ca,cmsfillings.com,cnete.qc.ca,cnl.ca,cogeco.ca,coleparmer.ca,collegeahuntsic.qc.ca,comdev.ca,confab.ca,conocophillips.com,conservationlearningcentre.com,convey-all.com,cooperstandard.com,corpoica.org.co,corruven.com,cplltd.com,cppiglobal.ca,crchudequebec.ulaval.ca,crchum.qc.ca,csagroup.org,cscv.qc.ca,cslaval.qc.ca,cstj.qc.ca,ctci.com.tw,culliganquebec.com,cw.bc.ca,dal.ca,dalton.com,dana.com,dan-d-pak.com,danova.ca,daum.net,dawsoncollege.qc.ca,dbmreflex.com,debeersgroup.com,debgroup.com,delastek.com,delivrainc.com,delmarchem.com,deloupe.com,delpann.com,deltapharmainc.com,dgroup.ca,diamondwines.com,dinex.fi,diverscosupply.com,dme.ca,dnagenotek.com,doortechltd.ca,dow.com,drakenstein.gov.za,drfc.ca,dunasso.com,dupont.com,dynacare.ca,ebsi.com,ec.gc.ca,econotech.com,ecosynthetix.com,ecovatec.com,ecyclesolutions.com,edsmith.com,edu.uwaterloo.ca,eecinc.ca,eggsolutions.com,el-met.com,elmolinofoods.com,elmt6.com,emu.ee,endoceutics.com,enerkem.com,enersul.com,engeneinc.com,enterrafeed.com,equation.ca,ercoworldwide.com,esso.ca,ete.inrs.ca"},"fieldId":"100461"},{"type":"ContactFieldCriterion","id":"323066","condition":{"type":"TextValueCondition","operator":"notEqual","value":"Explicit"},"fieldId":"100755"},{"type":"ContactFieldCriterion","id":"359654","condition":{"type":"TextSetCondition","operator":"in","optionListId":"18006","quickListString":"etsmtl.ca,eurofins.com,evasc.com,everestautomation.com,excitontech.com,ezemcanada.com,factorsgroup.com,farmboysdesign.com,fatec.sp.gov.br,fcagroup.com,fenetresboulet.com,fermesvalens.com,fike.com,finefettlehealth.com,firstchoicecanada.ca,fluidcenter.com,fluidigm.com,fluor.com,fmc-ag.com,foam.com,foamonly.ca,foodarom.com,foodtravelexperts.com,ford.com,fortstjohn.ca,fournierindustries.com,fpinnovations.ca,francotyp.ca,fredsense.com,fresheverything.ca,freshpoint.com,freshselections.ca,fromagerieperron.com,fsaa.ulaval.ca,fuzion-tec.com,galderma.com,galenova.com,galvano.com,ganong.com,gch.ulaval.ca,gdls.com,generalrefining.com,generixgroup.com,genevant.com,genipro.com,genomequebec.com,gentec.ca,geocycle.com,germiphene.com,giannonepoultry.com,gidneyfisheries.ca,gilead.com,glbconceptinc.com,glencore.ca,glenterravineyards.com,glycopolymers.com,gov.ab.ca,gov.bc.ca,gov.mb.ca,gov.nt.ca,gprc.ab.ca,grainscanada.gc.ca,granix.com.ar,graphicpkg.com,greencentrecanada.com,greenfield.com,greenrelief.ca,greensolv.com,grenfell.mun.ca,grote.com,gruesjmf.com,gsk.com,gurit.com,gwstube.com,halopharma.com,harlanbakeries.com,harvestfreshproduce.ca,hatch.com,hc-sc.gc.ca,hellofresh.ca,hill-top.com,hippersonconstruction.com,hmjtech.com,homail.com,honibe.com,hoodpkg.com,horizonlab.ca,hunteramenities.com,huskyenergy.com,hydrafab.com,hydro.mb.ca,hydro.qc.ca,ibexpharma.com,iccontrols.com,igrl.ca,ihs.com,imaflex.com,immucor.com,impressfoods.com,industrialscale.ca,ingeniapolymers.com,innodal.com,innotechalberta.ca,innotechprecision.com,innovotech.ca,inspection.gc.ca,inspq.qc.ca,integaskin.com,intertek.com,intervivo.com,invista.com,iogen.ca,ipc-inc.ca,ipsinc.com,ircm.qc.ca,isura.ca,it.atall,itcj.edu.mx,itec2000.com,itr.com,itrlab.com,its.jnj.com,ivicom.hr,jdi.jubl.com,jdirving.com,jhs.jubl.com,jjmetalrecovery.com,jne.ca,joszofgroup.com,jungbunzlauer.com,kafrit.ca,kalpolymers.com,kardium.com,kavokerr.com,kdc-knowlton.com,kiewit.com,kinectrics.com,kinsy.es,kiplingrealty.com,kobold.ca,kolabproject.com,lab21.com.tn,labatt.com,labs-mart.ca,lafargeholcim.com,lagalouine.com,lagershed.com,laiteriedecoaticook.com,lamontagne.ca,lanthierbakery.com,lantic.ca,lassonde.com,lavallab.com,lbsprouting.com,ldvconsultants.ca,legacyscs.com,lesdependances.com,lifeglobal.com,linamar.com,loblaw.ca,loopindustries.com,loopmission.com,loyalist.ca,lumen.ca,luminexcorp.com,lyonslandscaping.com,macdermid.com,macewan.ca,mackenziepulp.com,madmexican.ca,magna.com,magnor.ca,mahc.ca,mail.mcgill.ca,mail.mcgill.caq,mail.ubc.ca,mail.usask.ca,mail.utoronto.ca,mallotcreek.com,manifdart.org,manitobastarch.com,mantech-inc.com,mapaq.gouv.qc.ca,mapleleaf.com,markdom.com,massload.com,matcom.com,maxxam.ca,mcc.gouv.qc.ca,mccain.ca,mccormick.com,mcgill.ca,mcmaster.ca,mdsaero.com,medartis.com,medicago.com,medisca.com,memafoodsinternational.com,metalsartigan.com,metroscg.com"},"fieldId":"100461"},{"type":"ContactFieldCriterion","id":"388192","condition":{"type":"TextSetCondition","operator":"in","optionListId":"23228","quickListString":"uhserbrooke.ca,ulaval.ca,uline.ca,umontreal.ca,uniboard.com,univar.com,uoit.net,up.ca,upei.ca,uqar.ca,usask.ca,usg.com,usherbrooke.ca,utoronto.ca,uvic.ca,uwaterloo.ca,uwo.ca,vale.com,valeant.com,valero.com,vanderlande.com,vegpro.com,venturafoods.com,versaprofiles.com,vibrantpharma.com,videotron.ca,vinelandresearch.com,vinfirst.com,vitalitenb.ca,viterra.com,vogonlabs.ca,vwr.com,walc.ca,weatherford.com,weco.ca,weichuan.com.tw,westech-ind.com,westernfracvap.com,westjet.com,westrekgeotech.com,west-tech.ca,whitetree.ca,worleyparsons.com,xerox.com,xmetal.ca,xps.ca,yorku.ca,yspsah.com"},"fieldId":"100461"},{"type":"ContactFieldCriterion","id":"391520","condition":{"type":"TextSetCondition","operator":"in","optionListId":"23830","quickListString":"mffp.gouv.qc.ca,microagequebec.ca,microbiomeinsights.com,micrylium.com,mint.ca,mirexus.com,mirion.com,mnasolution.com,mohawkcollege.ca,molienergy.com,monsanto.com,mortarq.com,mrfab.ca,msd.com,msscna.com,mstainc.com,mte-bg.com,multimatic.com,mun.ca,mvastratford.ca,mymts.net,nailor.com,nait.ca,naturalfactors.com,naturestouch.ca,neomedlabs.com,neopharm.ca,neopharmlabs.com,neovasc.com,neptunecorp.com,niagararegion.ca,noblegen.com,nordion.com,northamericannickel.com,northernsilica.com,novachem.com,novaeel.com,novatech.ca,nrc-cnrc.gc.ca,nutreco.ca,nutrifrance.com,o2.pl,oahpp.ca,ocean.org,odanlab.com,oetker.ca,ohri.ca,okfrozendough.com,olymel.com,oneenviro.com,ontario.ca,opg.com,orthoinno.com,ottawamould.com,pacificbioenergy.ca,panglo.ca,pantree.io,parazapharma.com,parkland.ca,parmalat.ca,patheon.com,pcascanada.com,pcmachinery.com,peacenaturals.com,pembina.com,penticton.ca,peppermaster.com,pepsico.com,perkinelmer.com,peroxychem.com,pg.com,pharmalab.ca,pharmascience.com,phenomic.ai,pillitteri.com,piramal.com,pizzapizza.ca,plainsmidstream.com,poly-nova.com,postholdings.com,powertechlabs.com,prairieplant.com,precisionbiologic.com,premiertech.com,prometic.com,prominent.ca,proparinc.com,puritypestcontrol.com,purolator.com,pwc.ca,qualtech.ca,quantiam.com,quantipharm.com,queensu.ca,quintescential.ca,radientinc.com,rancogroup.com,recochem.com,reddeer.ca,redtablefoods.com,revitalpolymers.com,rick-statingen.de,riotinto.com,robinsonscannabis.com,rogers.com,rubberline.ca,saeron-e.co.kr,saint-gobain.com,saladecardinal.com,sanofi.com,saskatoon.ca,saskpolytech.ca,sasktel.net,sbfoods.com,scapa.com,scican.com,sciencetech-inc.com,scpautomation.com,seastarchemicals.com,secure-energy.com,selectready.ca,seneca.ca,servitank.com,sfu.ca,sgs.com,shell.com,shipwizmo.com,shurway.ca,sickkids.ca,sierrascs.com,simbaitransload.ca,simpsonseeds.com,sinaihealthsystem.ca,sintra.ca,smokechefs.com,smrfb.ca,smu.ca,snclavalin.com,snolab.ca,sofinafoods.com,solidstatepharma.com,solusautomation.com,southernaero.ca,spiceitupfoods.com,spirasystems.com,sporometrics.com,sqidiagnostics.com,src.sk.ca,ssss.gouv.qc.ca,staples.ca,stclaircollege.ca,stelia-aerospace.com,stemcell.com,sterimaxinc.com,sterinova.com,stfrancisherbfarm.com,suanca.com.mx,suncor.ca,suncor.com,sunfreshfarms.ca,sunnybrook.ca,sunpharm.com,sunrise-soya.com,swequipmentgroup.com,synthego.com,systematix-inc.com,taawon.me,taimi.ca,tantalus.ca,teck.com,tecsar.com,telus.net,terrapureenv.com,tesla.com,testalta.com,tetragenx.com,tetratech.com,tevacanada.com,theoworld.ca,thermoform.net,thetisenvironmental.com,thurber.ca,tmgideas.com,totalwork.com.br,tractel.com,tradexfoods.com,transports.gouv.qc.ca,trc-canada.com,triinnovations.ca,trilliumhcp.com,troisvallees.ca,truc.com,ttc.ca,tuv.com.tr,tworiversmeats.com,ualberta.ca,ubc.ca,ucalgary.ca,ugent.be,uhnres.utoronto.ca"},"fieldId":"100461"}],"scope":"local","statement":"318701 AND 318900 AND (318901 OR 318902) AND 323066 AND (318903 OR 359654 OR 391520 OR 388192)"}}],"isStale":"True"}