{"type":"ContactSegment","currentStatus":"Draft","depth":"complete","folderId":"1463","name":"INDX MT Audience","permissions":["Retrieve","SetSecurity","Delete","Update"],"updatedAt":"1518177850","updatedBy":"56","elements":[{"type":"ContactListSegmentElement","id":"18324","depth":"complete","count":"0","isIncluded":"true","lastCalculatedAt":"1492526980","list":{"type":"ContactList","currentStatus":"active","id":"16487","createdAt":"1492526833","createdBy":"55","depth":"complete","folderId":"17274","name":"INDX MT Audience","permissions":["Retrieve","SetSecurity","Delete","Update"],"updatedAt":"1518177850","updatedBy":"56","count":"0","dataLookupId":"487bfb62-4bd5-4740-8c48-a258e06e27b2","scope":"global"}}],"isStale":"True"}