{"type":"ContactSegment","currentStatus":"Active","depth":"complete","folderId":"1463","name":"GLF-PGM-LegalBasisAssignment-FeedContactsLegitimateInterest","permissions":["Retrieve","SetSecurity","Delete","Update"],"updatedAt":"1525348585","updatedBy":"18","elements":[{"type":"ContactFilterSegmentElement","id":"22695","depth":"complete","count":"0","isIncluded":"true","lastCalculatedAt":"1525348585","filter":{"type":"ContactFilter","currentStatus":"Draft","id":"128813","createdAt":"1525348572","createdBy":"18","depth":"complete","folderId":"5787","name":"GLF-PGM-LegalBasisAssignment-FeedContactsLegitimateInterest","permissions":["Retrieve","SetSecurity","Delete","Update"],"updatedAt":"1525348585","updatedBy":"18","criteria":[{"type":"ContactFieldCriterion","id":"395657","condition":{"type":"TextValueCondition","operator":"equal","value":"Active"},"fieldId":"100089"},{"type":"ContactFieldCriterion","id":"395658","condition":{"type":"TextValueCondition","operator":"notBlank"},"fieldId":"100084"},{"type":"ContactFieldCriterion","id":"395659","condition":{"type":"TextValueCondition","operator":"notEqual","value":"Others"},"fieldId":"100084"},{"type":"ContactFieldCriterion","id":"395660","condition":{"type":"TextValueCondition","operator":"blank"},"fieldId":"100818"},{"type":"ContactFieldCriterion","id":"395661","condition":{"type":"TextValueCondition","operator":"notBlank"},"fieldId":"100045"}],"scope":"global","statement":"395657 AND 395660 AND 395658 AND 395659 AND 395661"}}],"isStale":"True"}