{"type":"ContactSegment","currentStatus":"Draft","depth":"complete","folderId":"1463","name":"TMK_TM_XXXX_NA_All_All_All_All_All_TopDialogQualification","permissions":["Retrieve","SetSecurity","Delete","Update"],"updatedAt":"1522744996","updatedBy":"58","elements":[{"type":"ContactFilterSegmentElement","id":"21528","depth":"complete","count":"0","isIncluded":"true","lastCalculatedAt":"1517311015","filter":{"type":"ContactFilter","currentStatus":"Draft","id":"128055","createdAt":"1517311015","createdBy":"58","depth":"complete","folderId":"51","name":"Filter Criteria 1","permissions":["Retrieve","SetSecurity","Delete","Update"],"updatedAt":"1522744996","updatedBy":"58","criteria":[{"type":"ContactFieldCriterion","id":"390826","condition":{"type":"TextValueCondition","operator":"notBlank"},"fieldId":"100013"},{"type":"ContactFieldCriterion","id":"390827","condition":{"type":"TextValueCondition","operator":"blank"},"fieldId":"100791"},{"type":"ContactFieldCriterion","id":"390828","condition":{"type":"TextValueCondition","operator":"notBlank"},"fieldId":"100174"},{"type":"ContactFieldCriterion","id":"390829","condition":{"type":"TextValueCondition","operator":"blank"},"fieldId":"100084"},{"type":"ContactFieldCriterion","id":"390830","condition":{"type":"TextValueCondition","operator":"blank"},"fieldId":"100792"},{"type":"ContactFieldCriterion","id":"390831","condition":{"type":"TextValueCondition","operator":"blank"},"fieldId":"100793"},{"type":"ContactFieldCriterion","id":"390832","condition":{"type":"TextValueCondition","operator":"blank"},"fieldId":"100045"},{"type":"ContactFieldCriterion","id":"390833","condition":{"type":"TextValueCondition","operator":"blank"},"fieldId":"100790"}],"scope":"local","statement":"390831 AND 390830 AND 390827 AND 390833 AND (390826 OR 390828) AND (390829 OR 390832)"}},{"type":"ContactFilterSegmentElement","id":"21529","depth":"complete","count":"0","isIncluded":"false","lastCalculatedAt":"1517311015","filter":{"type":"ContactFilter","currentStatus":"Draft","id":"128056","createdAt":"1517311015","createdBy":"58","depth":"complete","folderId":"51","name":"Filter Criteria 2","permissions":["Retrieve","SetSecurity","Delete","Update"],"updatedAt":"1522744996","updatedBy":"58","criteria":[{"type":"ContactFieldCriterion","id":"390834","condition":{"type":"TextValueCondition","operator":"notEqual","value":"Active"},"fieldId":"100089"},{"type":"ContactFieldCriterion","id":"390836","condition":{"type":"TextValueCondition","operator":"notEqual","value":"English"},"fieldId":"100431"},{"type":"ContactFieldCriterion","id":"390837","condition":{"type":"TextSetCondition","operator":"notIn","optionListId":"23673","quickListString":"USA,Canada"},"fieldId":"100012"},{"type":"ContactFieldCriterion","id":"390838","condition":{"type":"TextValueCondition","operator":"notBlank"},"fieldId":"100404"},{"type":"ContactFieldCriterion","id":"390839","condition":{"type":"TextValueCondition","operator":"notBlank"},"fieldId":"100770"},{"type":"ContactFieldCriterion","id":"390840","condition":{"type":"TextValueCondition","operator":"blank"},"fieldId":"100003"},{"type":"ContactFieldCriterion","id":"390841","condition":{"type":"TextValueCondition","operator":"equal","value":"glf.elq"},"fieldId":"100461"}],"scope":"local","statement":"390834 OR 390836 OR 390837 OR 390838 OR 390839 OR 390840 OR 390841"}},{"type":"ContactListSegmentElement","id":"21530","depth":"complete","count":"0","isIncluded":"false","lastCalculatedAt":"1517311015","list":{"type":"ContactList","currentStatus":"active","id":"8277","createdAt":"1427884066","createdBy":"20","depth":"complete","folderId":"9130","name":"SYSTEM - Phone Number Generic Cleaning Exceptions Phone1","permissions":["Retrieve","SetSecurity","Delete","Update"],"updatedAt":"1530623378","updatedBy":"58","count":"1119","dataLookupId":"1accd755-7bd7-466a-985f-a45ebc79656f","scope":"global"}},{"type":"ContactListSegmentElement","id":"21531","depth":"complete","count":"0","isIncluded":"false","lastCalculatedAt":"1517311015","list":{"type":"ContactList","currentStatus":"active","id":"8715","createdAt":"1434953093","createdBy":"20","depth":"complete","folderId":"9130","name":"SYSTEM - Phone Number Generic Cleaning Exceptions Phone2","permissions":["Retrieve","SetSecurity","Delete","Update"],"updatedAt":"1530623378","updatedBy":"58","count":"6184","dataLookupId":"6498e8d7-baae-4d4f-b58a-11f167a7c7c0","scope":"global"}},{"type":"ContactListSegmentElement","id":"21532","depth":"complete","count":"0","isIncluded":"false","lastCalculatedAt":"1517311015","list":{"type":"ContactList","currentStatus":"active","id":"7862","createdAt":"1422885634","createdBy":"20","depth":"complete","folderId":"9130","name":"SYSTEM - Phone Number Country Cleaning Wrong Numbers Phone1","permissions":["Retrieve","SetSecurity","Delete","Update"],"updatedAt":"1530623378","updatedBy":"58","count":"51184","dataLookupId":"9dcc4e3b-c712-4ab1-a38d-02e2a1312430","scope":"global"}},{"type":"ContactListSegmentElement","id":"21533","depth":"complete","count":"0","isIncluded":"false","lastCalculatedAt":"1517311015","list":{"type":"ContactList","currentStatus":"active","id":"7865","createdAt":"1422889542","createdBy":"20","depth":"complete","folderId":"9130","name":"SYSTEM - Phone Number Country Cleaning Wrong Numbers Phone2","permissions":["Retrieve","SetSecurity","Delete","Update"],"updatedAt":"1530623378","updatedBy":"58","count":"41869","dataLookupId":"2082fb5b-1b36-497e-b0e2-3f35ce74d052","scope":"global"}},{"type":"ContactFilterSegmentElement","id":"21534","depth":"complete","count":"0","isIncluded":"false","lastCalculatedAt":"1517311015","filter":{"type":"ContactFilter","currentStatus":"Draft","id":"125499","createdAt":"1490960826","createdBy":"55","depth":"complete","folderId":"400","name":"Workplace Exclusion","permissions":["Retrieve","SetSecurity","Delete","Update"],"updatedAt":"1530623378","updatedBy":"58","criteria":[{"type":"ContactFieldCriterion","id":"373480","condition":{"type":"TextValueCondition","operator":"equal","value":"Sales, Marketing and Merchandising"},"fieldId":"100084"},{"type":"ContactFieldCriterion","id":"373481","condition":{"type":"TextValueCondition","operator":"equal","value":"Others"},"fieldId":"100084"},{"type":"ContactFieldCriterion","id":"373482","condition":{"type":"TextValueCondition","operator":"equal","value":"Maintenance and Service"},"fieldId":"100084"},{"type":"ContactFieldCriterion","id":"373483","condition":{"type":"TextValueCondition","operator":"equal","value":"IT / Information Technology"},"fieldId":"100084"}],"scope":"global","statement":"373480 OR 373481 OR 373482 OR 373483"}},{"type":"ContactFilterSegmentElement","id":"21535","depth":"complete","count":"0","isIncluded":"false","lastCalculatedAt":"1517311015","filter":{"type":"ContactFilter","currentStatus":"Draft","id":"125498","createdAt":"1490960803","createdBy":"55","depth":"complete","folderId":"400","name":"Industry Exclusion","permissions":["Retrieve","SetSecurity","Delete","Update"],"updatedAt":"1530623378","updatedBy":"58","criteria":[{"type":"ContactFieldCriterion","id":"373476","condition":{"type":"TextValueCondition","operator":"equal","value":"Transport and Logistics"},"fieldId":"100045"},{"type":"ContactFieldCriterion","id":"373477","condition":{"type":"TextValueCondition","operator":"equal","value":"Utilities and Municipalities"},"fieldId":"100045"},{"type":"ContactFieldCriterion","id":"373478","condition":{"type":"TextValueCondition","operator":"equal","value":"Retail"},"fieldId":"100045"},{"type":"ContactFieldCriterion","id":"373479","condition":{"type":"TextValueCondition","operator":"equal","value":"Pulp, Paper and Textile"},"fieldId":"100045"}],"scope":"global","statement":"373476 OR 373477 OR 373478 OR 373479"}},{"type":"ContactFilterSegmentElement","id":"21537","depth":"complete","count":"0","isIncluded":"false","lastCalculatedAt":"1517311227","filter":{"type":"ContactFilter","currentStatus":"Draft","id":"128045","createdAt":"1517310200","createdBy":"58","depth":"complete","folderId":"400","name":"TM_Status exclude","permissions":["Retrieve","SetSecurity","Delete","Update"],"updatedAt":"1530623378","updatedBy":"58","criteria":[{"type":"ContactFieldCriterion","id":"390755","condition":{"type":"TextValueCondition","operator":"equal","value":"Contact does not exist"},"fieldId":"100106"},{"type":"ContactFieldCriterion","id":"390756","condition":{"type":"TextValueCondition","operator":"equal","value":"Irrelevant Industry"},"fieldId":"100106"},{"type":"ContactFieldCriterion","id":"390757","condition":{"type":"TextValueCondition","operator":"equal","value":"Irrelevant Workplace"},"fieldId":"100106"},{"type":"ContactFieldCriterion","id":"390758","condition":{"type":"TextValueCondition","operator":"equal","value":"Wrong Number"},"fieldId":"100106"},{"type":"ContactFieldCriterion","id":"390759","condition":{"type":"TextValueCondition","operator":"equal","value":"Unsubscribe"},"fieldId":"100106"}],"scope":"global","statement":"390755 OR 390756 OR 390757 OR 390758 OR 390759"}}],"isStale":"True"}