{"type":"ContactSegment","currentStatus":"Draft","depth":"complete","folderId":"1463","name":"Append_Address_MissingValues_Monthly","permissions":["Retrieve","SetSecurity","Delete","Update"],"updatedAt":"1528895794","updatedBy":"20","elements":[{"type":"ContactFilterSegmentElement","id":"12178","depth":"complete","count":"174271","isIncluded":"true","lastCalculatedAt":"1468925041","filter":{"type":"ContactFilter","currentStatus":"Draft","id":"122821","createdAt":"1468925041","createdBy":"20","depth":"complete","folderId":"51","name":"Contacts without address","permissions":["Retrieve","SetSecurity","Delete","Update"],"updatedAt":"1528895807","updatedBy":"20","criteria":[{"type":"ContactFieldCriterion","id":"356220","condition":{"type":"TextValueCondition","operator":"equal","value":"Active"},"fieldId":"100089"},{"type":"ContactFieldCriterion","id":"356222","condition":{"type":"TextSetCondition","operator":"in","optionListId":"16240","quickListString":"Australia,China,India,Indonesia,Japan,Malaysia,Philippines,Singapore,South Korea,Taiwan,Thailand,Vietnam,Canada,USA,Austria,Belgium,Czech Republic,Croatia,Denmark,Finland,France,Germany,Greece,Hungary,Ireland,Italy,Norway,Poland,Portugal,Russia,Slovenia,Slovakia,Spain,Sweden,Switzerland,The Netherlands,Turkey,United Kingdom,Brazil,Chile,Mexico"},"fieldId":"100012"},{"type":"ContactFieldCriterion","id":"356223","condition":{"type":"TextValueCondition","operator":"blank"},"fieldId":"100006"},{"type":"ContactFieldCriterion","id":"356224","condition":{"type":"TextValueCondition","operator":"blank"},"fieldId":"100095"},{"type":"ContactFieldCriterion","id":"356565","condition":{"type":"TextValueCondition","operator":"blank"},"fieldId":"100011"},{"type":"ContactFieldCriterion","id":"356566","condition":{"type":"TextValueCondition","operator":"blank"},"fieldId":"100009"},{"type":"ContactFieldCriterion","id":"356567","condition":{"type":"TextValueCondition","operator":"blank"},"fieldId":"100012"},{"type":"ContactFieldCriterion","id":"381106","condition":{"type":"TextValueCondition","operator":"equal","value":"Blocked DACH Email"},"fieldId":"100090"},{"type":"ContactFieldCriterion","id":"386696","condition":{"type":"TextValueCondition","operator":"contains","value":"CASL"},"fieldId":"100090"}],"scope":"local","statement":"(356220 OR 381106 AND 386696) AND 356222 AND ((356223 AND 356224) OR 356565 OR 356566 OR 356567)"}},{"type":"ContactFilterSegmentElement","id":"19247","depth":"complete","count":"0","isIncluded":"true","lastCalculatedAt":"1499344017","filter":{"type":"ContactFilter","currentStatus":"Draft","id":"126393","createdAt":"1499344017","createdBy":"20","depth":"complete","folderId":"51","name":"New contacts with address","permissions":["Retrieve","SetSecurity","Delete","Update"],"updatedAt":"1528895807","updatedBy":"20","criteria":[{"type":"ContactFieldCriterion","id":"379068","condition":{"type":"TextValueCondition","operator":"equal","value":"Active"},"fieldId":"100089"},{"type":"ContactFieldCriterion","id":"379069","condition":{"type":"TextSetCondition","operator":"in","optionListId":"21319","quickListString":"Australia,China,India,Indonesia,Japan,Malaysia,Philippines,Singapore,South Korea,Taiwan,Thailand,Vietnam,Canada,USA,Austria,Belgium,Czech Republic,Croatia,Denmark,Finland,France,Germany,Greece,Hungary,Ireland,Italy,Norway,Poland,Portugal,Russia,Slovenia,Slovakia,Spain,Sweden,Switzerland,The Netherlands,Turkey,United Kingdom,Brazil,Chile,Mexico"},"fieldId":"100012"},{"type":"ContactFieldCriterion","id":"379070","condition":{"type":"TextValueCondition","operator":"notBlank"},"fieldId":"100006"},{"type":"ContactFieldCriterion","id":"379071","condition":{"type":"TextValueCondition","operator":"notBlank"},"fieldId":"100095"},{"type":"ContactFieldCriterion","id":"379072","condition":{"type":"TextValueCondition","operator":"notBlank"},"fieldId":"100011"},{"type":"ContactFieldCriterion","id":"379073","condition":{"type":"TextValueCondition","operator":"notBlank"},"fieldId":"100009"},{"type":"ContactFieldCriterion","id":"379074","condition":{"type":"TextValueCondition","operator":"notBlank"},"fieldId":"100012"},{"type":"ContactFieldCriterion","id":"379075","condition":{"type":"DateValueCondition","operator":"withinLast","value":{"type":"RelativeDate","offset":"3","timePeriod":"month"}},"fieldId":"100092"},{"type":"ContactFieldCriterion","id":"381107","condition":{"type":"TextValueCondition","operator":"equal","value":"Blocked DACH Email"},"fieldId":"100090"},{"type":"ContactFieldCriterion","id":"386699","condition":{"type":"TextValueCondition","operator":"contains","value":"CASL"},"fieldId":"100090"}],"scope":"local","statement":"(379068 OR 381107 OR 386699) AND 379069 AND (379070 OR 379071) AND 379072 AND 379073 AND 379074 AND 379075"}},{"type":"ContactFilterSegmentElement","id":"19425","depth":"complete","count":"0","isIncluded":"false","lastCalculatedAt":"1501061530","filter":{"type":"ContactFilter","currentStatus":"Draft","id":"126505","createdAt":"1501061530","createdBy":"20","depth":"complete","folderId":"51","name":"Filter Criteria 1","permissions":["Retrieve","SetSecurity","Delete","Update"],"updatedAt":"1528895807","updatedBy":"20","criteria":[{"type":"ContactFieldCriterion","id":"380100","condition":{"type":"TextValueCondition","operator":"equal","value":"Bioportfolio"},"fieldId":"100044"}],"scope":"local","statement":"380100"}},{"type":"ContactListSegmentElement","id":"21454","depth":"complete","count":"0","isIncluded":"false","lastCalculatedAt":"1517297160","list":{"type":"ContactList","currentStatus":"active","id":"17663","createdAt":"1511767590","createdBy":"18","depth":"complete","folderId":"18149","name":"SYSTEM - GNF Cold Leads Send for Append","permissions":["Retrieve","SetSecurity","Delete","Update"],"updatedAt":"1530694713","updatedBy":"18","count":"18083","dataLookupId":"719182b6-0c0e-4eb6-ac06-099ea1127c7c","scope":"global"}},{"type":"ContactFilterSegmentElement","id":"22123","depth":"complete","count":"0","isIncluded":"false","lastCalculatedAt":"1522061151","filter":{"type":"ContactFilter","currentStatus":"Draft","id":"128437","createdAt":"1522061151","createdBy":"20","depth":"complete","folderId":"51","name":"Master_ID is blank","permissions":["Retrieve","SetSecurity","Delete","Update"],"updatedAt":"1528895807","updatedBy":"20","criteria":[{"type":"ContactFieldCriterion","id":"393247","condition":{"type":"NumericValueCondition","operator":"less","value":"1"},"fieldId":"100087"}],"scope":"local","statement":"393247"}},{"type":"ContactFilterSegmentElement","id":"22650","depth":"complete","count":"0","isIncluded":"false","lastCalculatedAt":"1524726968","filter":{"type":"ContactFilter","currentStatus":"Draft","id":"128771","createdAt":"1524726968","createdBy":"20","depth":"complete","folderId":"51","name":"Filter Criteria 5","permissions":["Retrieve","SetSecurity","Delete","Update"],"updatedAt":"1528895807","updatedBy":"20","criteria":[{"type":"LinkedCustomObjectCriterion","id":"395502","customObjectId":"320","fieldConditions":[{"type":"FieldCondition","id":"395501","condition":{"type":"DateRangeCondition","end":{"type":"AbsoluteDate","seconds":"1529013540"},"operator":"between","start":{"type":"AbsoluteDate","seconds":"1528754400"}},"fieldId":"1055"}]}],"scope":"local","statement":"395502"}},{"type":"ContactFilterSegmentElement","id":"22651","depth":"complete","count":"0","isIncluded":"false","lastCalculatedAt":"1524727111","filter":{"type":"ContactFilter","currentStatus":"Draft","id":"128772","createdAt":"1524727111","createdBy":"20","depth":"complete","folderId":"51","name":"Filter Criteria 6","permissions":["Retrieve","SetSecurity","Delete","Update"],"updatedAt":"1528895807","updatedBy":"20","criteria":[{"type":"ContactFieldCriterion","id":"395503","condition":{"type":"TextValueCondition","operator":"doesNotEndWith","value":"9"},"fieldId":"100032"},{"type":"ContactFieldCriterion","id":"395504","condition":{"type":"TextValueCondition","operator":"doesNotEndWith","value":"0"},"fieldId":"100032"},{"type":"ContactFieldCriterion","id":"395508","condition":{"type":"TextValueCondition","operator":"doesNotEndWith","value":"1"},"fieldId":"100032"}],"scope":"local","statement":"395503 AND 395504 AND 395508"}},{"type":"ContactFilterSegmentElement","id":"23156","depth":"complete","count":"0","isIncluded":"false","lastCalculatedAt":"1528895663","filter":{"type":"ContactFilter","currentStatus":"Draft","id":"129046","createdAt":"1528895662","createdBy":"20","depth":"complete","folderId":"51","name":"Filter Criteria 7","permissions":["Retrieve","SetSecurity","Delete","Update"],"updatedAt":"1528895807","updatedBy":"20","criteria":[{"type":"LinkedCustomObjectCriterion","id":"397260","customObjectId":"320","fieldConditions":[{"type":"FieldCondition","id":"397259","condition":{"type":"DateValueCondition","operator":"withinLast","value":{"type":"RelativeDate","offset":"12","timePeriod":"month"}},"fieldId":"1054"}]}],"scope":"local","statement":"397260"}},{"type":"ContactFilterSegmentElement","id":"23157","depth":"complete","count":"0","isIncluded":"false","lastCalculatedAt":"1528895808","filter":{"type":"ContactFilter","currentStatus":"Draft","id":"129047","createdAt":"1528895807","createdBy":"20","depth":"complete","folderId":"51","name":"Filter Criteria 8","permissions":["Retrieve","SetSecurity","Delete","Update"],"updatedAt":"1528895807","updatedBy":"20","criteria":[{"type":"ContactFieldCriterion","id":"397261","condition":{"type":"TextSetCondition","operator":"in","optionListId":"24976","quickListString":"UK,Southern Europe,Western Europe,DACH,Nordic,Central Europe,Eastern Europe,Northern Europe"},"fieldId":"100068"},{"type":"ContactFieldCriterion","id":"397262","condition":{"type":"TextValueCondition","operator":"blank"},"fieldId":"100012"}],"scope":"local","statement":"397261 OR 397262"}}],"isStale":"True"}