{"type":"ContactSegment","currentStatus":"Draft","depth":"complete","folderId":"1463","name":"Append_IndustryCodes_MissingValues_Monthly","permissions":["Retrieve","SetSecurity","Delete","Update"],"updatedAt":"1528897404","updatedBy":"20","elements":[{"type":"ContactFilterSegmentElement","id":"12365","depth":"complete","count":"398366","isIncluded":"true","lastCalculatedAt":"1470140672","filter":{"type":"ContactFilter","currentStatus":"Draft","id":"122896","createdAt":"1470140672","createdBy":"20","depth":"complete","folderId":"51","name":"Filter Criteria 1","permissions":["Retrieve","SetSecurity","Delete","Update"],"updatedAt":"1528897404","updatedBy":"20","criteria":[{"type":"ContactFieldCriterion","id":"356801","condition":{"type":"TextValueCondition","operator":"equal","value":"Active"},"fieldId":"100089"},{"type":"ContactFieldCriterion","id":"371427","condition":{"type":"TextValueCondition","operator":"blank"},"fieldId":"100045"},{"type":"ContactFieldCriterion","id":"371428","condition":{"type":"TextValueCondition","operator":"blank"},"fieldId":"100096"},{"type":"ContactFieldCriterion","id":"381101","condition":{"type":"TextValueCondition","operator":"blank"},"fieldId":"100170"},{"type":"ContactFieldCriterion","id":"381102","condition":{"type":"TextValueCondition","operator":"blank"},"fieldId":"100169"},{"type":"ContactFieldCriterion","id":"386691","condition":{"type":"TextValueCondition","operator":"contains","value":"CASL"},"fieldId":"100090"},{"type":"ContactFieldCriterion","id":"386692","condition":{"type":"TextValueCondition","operator":"contains","value":"DACH"},"fieldId":"100090"}],"scope":"local","statement":"(356801 OR 386692 OR 386691) AND (371427 OR 371428 OR (381102 AND 381101))"}},{"type":"ContactFilterSegmentElement","id":"18350","depth":"complete","count":"0","isIncluded":"false","lastCalculatedAt":"1493105030","filter":{"type":"ContactFilter","currentStatus":"Draft","id":"125728","createdAt":"1493105030","createdBy":"56","depth":"complete","folderId":"51","name":"Filter Criteria 7","permissions":["Retrieve","SetSecurity","Delete","Update"],"updatedAt":"1528897404","updatedBy":"20","criteria":[{"type":"ContactFieldCriterion","id":"374772","condition":{"type":"TextValueCondition","operator":"notBlank"},"fieldId":"100170"},{"type":"ContactFieldCriterion","id":"374774","condition":{"type":"TextValueCondition","operator":"matchesWildcardPattern","value":"????"},"fieldId":"100169"}],"scope":"local","statement":"374772 OR 374774"}},{"type":"ContactFilterSegmentElement","id":"19696","depth":"complete","count":"0","isIncluded":"false","lastCalculatedAt":"1502801304","filter":{"type":"ContactFilter","currentStatus":"Draft","id":"126662","createdAt":"1502801304","createdBy":"20","depth":"complete","folderId":"51","name":"Filter Criteria 11","permissions":["Retrieve","SetSecurity","Delete","Update"],"updatedAt":"1528897404","updatedBy":"20","criteria":[{"type":"LinkedCustomObjectCriterion","id":"381103","customObjectId":"320","fieldConditions":[{"type":"FieldCondition","id":"381100","condition":{"type":"DateRangeCondition","end":{"type":"AbsoluteDate","seconds":"1524779940"},"operator":"between","start":{"type":"AbsoluteDate","seconds":"1524520800"}},"fieldId":"1043"}]}],"scope":"local","statement":"381103"}},{"type":"ContactListSegmentElement","id":"21453","depth":"complete","count":"0","isIncluded":"false","lastCalculatedAt":"1517297106","list":{"type":"ContactList","currentStatus":"active","id":"17663","createdAt":"1511767590","createdBy":"18","depth":"complete","folderId":"18149","name":"SYSTEM - GNF Cold Leads Send for Append","permissions":["Retrieve","SetSecurity","Delete","Update"],"updatedAt":"1530694713","updatedBy":"18","count":"18083","dataLookupId":"719182b6-0c0e-4eb6-ac06-099ea1127c7c","scope":"global"}},{"type":"ContactFilterSegmentElement","id":"22121","depth":"complete","count":"0","isIncluded":"false","lastCalculatedAt":"1522057179","filter":{"type":"ContactFilter","currentStatus":"Draft","id":"128435","createdAt":"1522057179","createdBy":"20","depth":"complete","folderId":"51","name":"Master_ID is blank","permissions":["Retrieve","SetSecurity","Delete","Update"],"updatedAt":"1528897404","updatedBy":"20","criteria":[{"type":"ContactFieldCriterion","id":"393244","condition":{"type":"NumericValueCondition","operator":"less","value":"1"},"fieldId":"100087"}],"scope":"local","statement":"393244"}},{"type":"ContactFilterSegmentElement","id":"22636","depth":"complete","count":"0","isIncluded":"false","lastCalculatedAt":"1524645500","filter":{"type":"ContactFilter","currentStatus":"Draft","id":"128762","createdAt":"1524645500","createdBy":"20","depth":"complete","folderId":"51","name":"Filter Criteria 12","permissions":["Retrieve","SetSecurity","Delete","Update"],"updatedAt":"1528897404","updatedBy":"20","criteria":[{"type":"LinkedCustomObjectCriterion","id":"395465","customObjectId":"320","fieldConditions":[{"type":"FieldCondition","id":"397263","condition":{"type":"DateRangeCondition","end":{"type":"AbsoluteDate","seconds":"1529013540"},"operator":"between","start":{"type":"AbsoluteDate","seconds":"1528754400"}},"fieldId":"1044"}]}],"scope":"local","statement":"395465"}},{"type":"ContactFilterSegmentElement","id":"23155","depth":"complete","count":"0","isIncluded":"false","lastCalculatedAt":"1528894771","filter":{"type":"ContactFilter","currentStatus":"Draft","id":"129044","createdAt":"1528894771","createdBy":"20","depth":"complete","folderId":"51","name":"Filter Criteria 13","permissions":["Retrieve","SetSecurity","Delete","Update"],"updatedAt":"1528897404","updatedBy":"20","criteria":[{"type":"ContactFieldCriterion","id":"397256","condition":{"type":"TextValueCondition","operator":"doesNotEndWith","value":"3"},"fieldId":"100032"},{"type":"ContactFieldCriterion","id":"397257","condition":{"type":"TextValueCondition","operator":"doesNotEndWith","value":"4"},"fieldId":"100032"},{"type":"ContactFieldCriterion","id":"397258","condition":{"type":"TextValueCondition","operator":"doesNotEndWith","value":"5"},"fieldId":"100032"}],"scope":"local","statement":"397256 AND 397257 AND 397258"}},{"type":"ContactFilterSegmentElement","id":"23158","depth":"complete","count":"0","isIncluded":"false","lastCalculatedAt":"1528897404","filter":{"type":"ContactFilter","currentStatus":"Draft","id":"129049","createdAt":"1528897404","createdBy":"20","depth":"complete","folderId":"51","name":"Filter Criteria 14","permissions":["Retrieve","SetSecurity","Delete","Update"],"updatedAt":"1528897404","updatedBy":"20","criteria":[{"type":"LinkedCustomObjectCriterion","id":"397265","customObjectId":"320","fieldConditions":[{"type":"FieldCondition","id":"397264","condition":{"type":"DateValueCondition","operator":"withinLast","value":{"type":"RelativeDate","offset":"12","timePeriod":"month"}},"fieldId":"1042"}]}],"scope":"local","statement":"397265"}}],"isStale":"True"}