{"type":"ContactSegment","currentStatus":"Draft","depth":"complete","folderId":"1463","name":"TMK_TM_1703_EN(EU)_All_All_All_All_All_TeleQueue_CCP_Nurturing","permissions":["Retrieve","SetSecurity","Delete","Update"],"updatedAt":"1504612798","updatedBy":"58","elements":[{"type":"ContactFilterSegmentElement","id":"17814","depth":"complete","count":"0","isIncluded":"true","lastCalculatedAt":"1490615106","filter":{"type":"ContactFilter","currentStatus":"Draft","id":"125368","createdAt":"1490615106","createdBy":"55","depth":"complete","folderId":"51","name":"Filter Criteria 1","permissions":["Retrieve","SetSecurity","Delete","Update"],"updatedAt":"1504612799","updatedBy":"58","criteria":[{"type":"EmailClickThroughCriterion","id":"372627","activityRestriction":{"type":"NumericValueCondition","operator":"notLess","value":"1"},"timeRestriction":{"type":"DateValueCondition","operator":"withinLast","value":{"type":"RelativeDate","offset":"1","timePeriod":"week"}}},{"type":"ContactFieldCriterion","id":"372639","condition":{"type":"TextSetCondition","operator":"in","optionListId":"21083","quickListString":"201709,201710,201711"},"fieldId":"100580"},{"type":"LinkedCustomObjectCriterion","id":"372640","customObjectId":"322","fieldConditions":[{"type":"FieldCondition","id":"372638","condition":{"type":"DateValueCondition","operator":"withinNext","value":{"type":"RelativeDate","offset":"1","timePeriod":"week"}},"fieldId":"1123"}]},{"type":"ContactFieldCriterion","id":"373975","condition":{"type":"TextValueCondition","operator":"equal","value":"English"},"fieldId":"100431"},{"type":"ContactFieldCriterion","id":"373976","condition":{"type":"TextValueCondition","operator":"equal","value":"United Kingdom"},"fieldId":"100012"},{"type":"EmailOpenCriterion","id":"374010","activityRestriction":{"type":"NumericValueCondition","operator":"notLess","value":"2"},"timeRestriction":{"type":"DateValueCondition","operator":"withinLast","value":{"type":"RelativeDate","offset":"5","timePeriod":"week"}}}],"scope":"local","statement":"(374010 OR 372627 OR 372639 OR 372640) AND 373975 AND 373976"}},{"type":"ContactFilterSegmentElement","id":"17815","depth":"complete","count":"0","isIncluded":"false","lastCalculatedAt":"1490615107","filter":{"type":"ContactFilter","currentStatus":"Draft","id":"125369","createdAt":"1490615106","createdBy":"55","depth":"complete","folderId":"51","name":"Filter Criteria 2","permissions":["Retrieve","SetSecurity","Delete","Update"],"updatedAt":"1504612799","updatedBy":"58","criteria":[{"type":"ContactFieldCriterion","id":"372616","condition":{"type":"TextValueCondition","operator":"notEqual","value":"Active"},"fieldId":"100089"},{"type":"ContactFieldCriterion","id":"372617","condition":{"type":"TextSetCondition","operator":"in","optionListId":"20414","quickListString":"Bioportfolio,IFS,TA Literature Research"},"fieldId":"100044"},{"type":"ContactFieldCriterion","id":"372618","condition":{"type":"TextValueCondition","operator":"notBlank"},"fieldId":"100404"},{"type":"ContactFieldCriterion","id":"372619","condition":{"type":"TextValueCondition","operator":"notBlank"},"fieldId":"100770"},{"type":"ContactFieldCriterion","id":"372620","condition":{"type":"TextValueCondition","operator":"notBlank"},"fieldId":"100790"},{"type":"ContactFieldCriterion","id":"372621","condition":{"type":"TextValueCondition","operator":"notBlank"},"fieldId":"100778"},{"type":"ContactFieldCriterion","id":"372622","condition":{"type":"TextValueCondition","operator":"notBlank"},"fieldId":"100788"},{"type":"ContactFieldCriterion","id":"372623","condition":{"type":"TextValueCondition","operator":"blank"},"fieldId":"100013"},{"type":"ContactFieldCriterion","id":"372624","condition":{"type":"TextValueCondition","operator":"blank"},"fieldId":"100174"},{"type":"ContactFieldCriterion","id":"376956","condition":{"type":"TextValueCondition","operator":"notBlank"},"fieldId":"100789"}],"scope":"local","statement":"372616 OR 372617 OR 372618 OR 372619 OR 372621 OR 372622 OR 376956 OR 372620 OR (372623 AND 372624)"}},{"type":"ContactListSegmentElement","id":"17816","depth":"complete","count":"0","isIncluded":"false","lastCalculatedAt":"1490615107","list":{"type":"ContactList","currentStatus":"active","id":"8277","createdAt":"1427884066","createdBy":"20","depth":"complete","folderId":"9130","name":"SYSTEM - Phone Number Generic Cleaning Exceptions Phone1","permissions":["Retrieve","SetSecurity","Delete","Update"],"updatedAt":"1530623378","updatedBy":"58","count":"1119","dataLookupId":"1accd755-7bd7-466a-985f-a45ebc79656f","scope":"global"}},{"type":"ContactListSegmentElement","id":"17817","depth":"complete","count":"0","isIncluded":"false","lastCalculatedAt":"1490615107","list":{"type":"ContactList","currentStatus":"active","id":"8715","createdAt":"1434953093","createdBy":"20","depth":"complete","folderId":"9130","name":"SYSTEM - Phone Number Generic Cleaning Exceptions Phone2","permissions":["Retrieve","SetSecurity","Delete","Update"],"updatedAt":"1530623378","updatedBy":"58","count":"6184","dataLookupId":"6498e8d7-baae-4d4f-b58a-11f167a7c7c0","scope":"global"}},{"type":"ContactListSegmentElement","id":"17818","depth":"complete","count":"0","isIncluded":"false","lastCalculatedAt":"1490615107","list":{"type":"ContactList","currentStatus":"active","id":"7862","createdAt":"1422885634","createdBy":"20","depth":"complete","folderId":"9130","name":"SYSTEM - Phone Number Country Cleaning Wrong Numbers Phone1","permissions":["Retrieve","SetSecurity","Delete","Update"],"updatedAt":"1530623378","updatedBy":"58","count":"51184","dataLookupId":"9dcc4e3b-c712-4ab1-a38d-02e2a1312430","scope":"global"}},{"type":"ContactListSegmentElement","id":"17819","depth":"complete","count":"0","isIncluded":"false","lastCalculatedAt":"1490615107","list":{"type":"ContactList","currentStatus":"active","id":"7865","createdAt":"1422889542","createdBy":"20","depth":"complete","folderId":"9130","name":"SYSTEM - Phone Number Country Cleaning Wrong Numbers Phone2","permissions":["Retrieve","SetSecurity","Delete","Update"],"updatedAt":"1530623378","updatedBy":"58","count":"41869","dataLookupId":"2082fb5b-1b36-497e-b0e2-3f35ce74d052","scope":"global"}},{"type":"ContactFilterSegmentElement","id":"17820","depth":"complete","count":"0","isIncluded":"false","lastCalculatedAt":"1490616737","filter":{"type":"ContactFilter","currentStatus":"Draft","id":"125370","createdAt":"1490616737","createdBy":"55","depth":"complete","folderId":"51","name":"Workplace Exclusion","permissions":["Retrieve","SetSecurity","Delete","Update"],"updatedAt":"1504612799","updatedBy":"58","criteria":[{"type":"ContactFieldCriterion","id":"372628","condition":{"type":"TextValueCondition","operator":"equal","value":"Sales, Marketing and Merchandising"},"fieldId":"100084"},{"type":"ContactFieldCriterion","id":"372629","condition":{"type":"TextValueCondition","operator":"equal","value":"Others"},"fieldId":"100084"},{"type":"ContactFieldCriterion","id":"372630","condition":{"type":"TextValueCondition","operator":"equal","value":"Maintenance and Service"},"fieldId":"100084"},{"type":"ContactFieldCriterion","id":"372631","condition":{"type":"TextValueCondition","operator":"equal","value":"IT / Information Technology"},"fieldId":"100084"},{"type":"ContactFieldCriterion","id":"372632","condition":{"type":"TextValueCondition","operator":"equal","value":"Procurement, Finance and Admin"},"fieldId":"100084"},{"type":"ContactFieldCriterion","id":"372633","condition":{"type":"TextValueCondition","operator":"doesNotContain","value":"procurement"},"fieldId":"100048"}],"scope":"local","statement":"372628 OR 372629 OR 372630 OR 372631 OR (372632 AND 372633)"}},{"type":"ContactFilterSegmentElement","id":"17821","depth":"complete","count":"0","isIncluded":"false","lastCalculatedAt":"1490616737","filter":{"type":"ContactFilter","currentStatus":"Draft","id":"125371","createdAt":"1490616737","createdBy":"55","depth":"complete","folderId":"51","name":"Industry Exclusion","permissions":["Retrieve","SetSecurity","Delete","Update"],"updatedAt":"1504612799","updatedBy":"58","criteria":[{"type":"ContactFieldCriterion","id":"372634","condition":{"type":"TextValueCondition","operator":"equal","value":"Transport and Logistics"},"fieldId":"100045"},{"type":"ContactFieldCriterion","id":"372635","condition":{"type":"TextValueCondition","operator":"equal","value":"Utilities and Municipalities"},"fieldId":"100045"},{"type":"ContactFieldCriterion","id":"372636","condition":{"type":"TextValueCondition","operator":"equal","value":"Retail"},"fieldId":"100045"},{"type":"ContactFieldCriterion","id":"372637","condition":{"type":"TextValueCondition","operator":"equal","value":"Pulp, Paper and Textile"},"fieldId":"100045"}],"scope":"local","statement":"372634 OR 372635 OR 372636 OR 372637"}}],"isStale":"True"}