{"type":"ContactSegment","currentStatus":"Draft","depth":"complete","folderId":"1463","name":"Email_Validation_App_Contacts","permissions":["Retrieve","SetSecurity","Delete","Update"],"updatedAt":"1530685212","updatedBy":"20","elements":[{"type":"ContactFilterSegmentElement","id":"13548","depth":"complete","count":"21259","isIncluded":"true","lastCalculatedAt":"1475746102","filter":{"type":"ContactFilter","currentStatus":"Draft","id":"123506","createdAt":"1475746102","createdBy":"20","depth":"complete","folderId":"51","name":"New contacts","permissions":["Retrieve","SetSecurity","Delete","Update"],"updatedAt":"1530685212","updatedBy":"20","criteria":[{"type":"ContactFieldCriterion","id":"361150","condition":{"type":"TextValueCondition","operator":"equal","value":"Active"},"fieldId":"100089"},{"type":"ContactFieldCriterion","id":"361151","condition":{"type":"TextValueCondition","operator":"notEqual","value":"glf.elq"},"fieldId":"100461"},{"type":"ContactFieldCriterion","id":"361301","condition":{"type":"DateValueCondition","operator":"withinLast","value":{"type":"RelativeDate","offset":"12","timePeriod":"month"}},"fieldId":"100092"},{"type":"ContactFieldCriterion","id":"361302","condition":{"type":"TextValueCondition","operator":"blank"},"fieldId":"100482"}],"scope":"local","statement":"361150 AND 361151 AND 361301 AND 361302"}},{"type":"ContactFilterSegmentElement","id":"17931","depth":"complete","count":"0","isIncluded":"true","lastCalculatedAt":"1490859248","filter":{"type":"ContactFilter","currentStatus":"Draft","id":"125472","createdAt":"1490859248","createdBy":"20","depth":"complete","folderId":"51","name":"Suspected spam traps","permissions":["Retrieve","SetSecurity","Delete","Update"],"updatedAt":"1530685212","updatedBy":"20","criteria":[{"type":"ContactFieldCriterion","id":"373234","condition":{"type":"TextValueCondition","operator":"equal","value":"Active"},"fieldId":"100089"},{"type":"ContactFieldCriterion","id":"373235","condition":{"type":"TextValueCondition","operator":"blank"},"fieldId":"100482"},{"type":"ContactFieldCriterion","id":"390574","condition":{"type":"TextValueCondition","operator":"notEqual","value":"glf.elq"},"fieldId":"100461"},{"type":"LinkedCustomObjectCriterion","id":"390648","customObjectId":"318","fieldConditions":[{"type":"FieldCondition","id":"390647","condition":{"type":"DateValueCondition","operator":"notWithinLast","value":{"type":"RelativeDate","offset":"12","timePeriod":"month"}},"fieldId":"1000"}]},{"type":"ContactFieldCriterion","id":"390649","condition":{"type":"TextValueCondition","operator":"endsWith","value":"26"},"fieldId":"100032"},{"type":"ContactFieldCriterion","id":"391858","condition":{"type":"TextValueCondition","operator":"endsWith","value":"36"},"fieldId":"100032"},{"type":"ContactFieldCriterion","id":"397659","condition":{"type":"TextValueCondition","operator":"endsWith","value":"46"},"fieldId":"100032"}],"scope":"local","statement":"373234 AND 390574 AND (373235 OR 390648) AND (390649 OR 391858 OR 397659)"}}],"isStale":"True"}