{"type":"ContactSegment","currentStatus":"Draft","depth":"complete","folderId":"1463","name":"Contacts EME Welcome","permissions":["Retrieve","SetSecurity","Delete","Update"],"updatedAt":"1491983214","updatedBy":"18","elements":[{"type":"ContactFilterSegmentElement","id":"7885","depth":"complete","count":"5103","isIncluded":"true","lastCalculatedAt":"1438771468","filter":{"type":"ContactFilter","currentStatus":"Draft","id":"119881","createdAt":"1438771467","createdBy":"18","depth":"complete","folderId":"51","name":"Contacts Received Welcome Emails","permissions":["Retrieve","SetSecurity","Delete","Update"],"updatedAt":"1491983214","updatedBy":"18","criteria":[{"type":"LinkedCustomObjectCriterion","id":"336306","customObjectId":"295","fieldConditions":[{"type":"FieldCondition","id":"367081","condition":{"type":"DateRangeCondition","end":{"type":"AbsoluteDate","seconds":"1483225140"},"operator":"between","start":{"type":"AbsoluteDate","seconds":"1475272800"}},"fieldId":"892"}]},{"type":"ContactFieldCriterion","id":"374464","condition":{"type":"TextValueCondition","operator":"equal","value":"Engineering, Machinery & Equipment Manufacturing"},"fieldId":"100045"}],"scope":"local","statement":"336306 AND 374464"}},{"type":"ContactFilterSegmentElement","id":"7886","depth":"complete","count":"262","isIncluded":"true","lastCalculatedAt":"1438771468","filter":{"type":"ContactFilter","currentStatus":"Draft","id":"119882","createdAt":"1438771468","createdBy":"18","depth":"complete","folderId":"51","name":"Leads EME","permissions":["Retrieve","SetSecurity","Delete","Update"],"updatedAt":"1491983214","updatedBy":"18","criteria":[{"type":"ContactFieldCriterion","id":"336307","condition":{"type":"TextValueCondition","operator":"equal","value":"Engineering, Machinery & Equipment Manufacturing"},"fieldId":"100045"},{"type":"ContactFieldCriterion","id":"336308","condition":{"type":"DateRangeCondition","end":{"type":"AbsoluteDate","seconds":"1467323940"},"operator":"between","start":{"type":"AbsoluteDate","seconds":"1435701600"}},"fieldId":"100092"},{"type":"ContactFieldCriterion","id":"336309","condition":{"type":"TextValueCondition","operator":"equal","value":"Lead"},"fieldId":"100090"},{"type":"ContactFieldCriterion","id":"336310","condition":{"type":"DateRangeCondition","end":{"type":"AbsoluteDate","seconds":"1490997540"},"operator":"between","start":{"type":"AbsoluteDate","seconds":"1475272800"}},"fieldId":"100634"},{"type":"ContactFieldCriterion","id":"336312","condition":{"type":"TextSetCondition","operator":"in","optionListId":"20735","quickListString":"eCDB_duplicate_1611,eCDB_duplicate_1703"},"fieldId":"100090"},{"type":"ContactFieldCriterion","id":"336368","condition":{"type":"TextValueCondition","operator":"notEqual","value":"glf.elq"},"fieldId":"100461"}],"scope":"local","statement":"336307 AND 336308 AND 336368 AND ((336309 AND 336310) OR 336312)"}},{"type":"ContactFilterSegmentElement","id":"7887","depth":"complete","count":"53344","isIncluded":"true","lastCalculatedAt":"1438771469","filter":{"type":"ContactFilter","currentStatus":"Draft","id":"119883","createdAt":"1438771468","createdBy":"18","depth":"complete","folderId":"51","name":"# contacts EME","permissions":["Retrieve","SetSecurity","Delete","Update"],"updatedAt":"1491983214","updatedBy":"18","criteria":[{"type":"ContactFieldCriterion","id":"336313","condition":{"type":"TextValueCondition","operator":"equal","value":"Engineering, Machinery & Equipment Manufacturing"},"fieldId":"100045"},{"type":"ContactFieldCriterion","id":"336314","condition":{"type":"DateRangeCondition","end":{"type":"AbsoluteDate","seconds":"1467323940"},"operator":"between","start":{"type":"AbsoluteDate","seconds":"1435701600"}},"fieldId":"100092"},{"type":"ContactFieldCriterion","id":"336369","condition":{"type":"TextValueCondition","operator":"notEqual","value":"glf.elq"},"fieldId":"100461"}],"scope":"local","statement":"336313 AND 336314 AND 336369"}},{"type":"ContactListSegmentElement","id":"14940","depth":"complete","count":"0","isIncluded":"true","lastCalculatedAt":"1484142423","list":{"type":"ContactList","currentStatus":"active","id":"12358","createdAt":"1484142396","createdBy":"20","depth":"complete","description":"Result from trimming filter # contacts EME with 1 element","folderId":"48","name":"Contacts not through welc","permissions":["Retrieve","SetSecurity","Delete","Update"],"updatedAt":"1491983214","updatedBy":"18","count":"29393","dataLookupId":"38ccfcf3-c1da-4531-9aff-5dd4a206cc40","scope":"local"}},{"type":"ContactListSegmentElement","id":"14941","depth":"complete","count":"0","isIncluded":"true","lastCalculatedAt":"1484142423","list":{"type":"ContactList","currentStatus":"active","id":"12359","createdAt":"1484142406","createdBy":"20","depth":"complete","description":"Result from trimming filter Leads EME with 1 element","folderId":"48","name":"Leads not through welc","permissions":["Retrieve","SetSecurity","Delete","Update"],"updatedAt":"1491983214","updatedBy":"18","count":"196","dataLookupId":"b520cea7-d6bc-427f-aa81-b3a5d077dbb0","scope":"local"}}],"isStale":"True"}