{"type":"ContactSegment","currentStatus":"Draft","depth":"complete","folderId":"1463","name":"Contacts TLH Welcome","permissions":["Retrieve","SetSecurity","Delete","Update"],"updatedAt":"1491979783","updatedBy":"18","elements":[{"type":"ContactFilterSegmentElement","id":"5708","depth":"complete","count":"11100","isIncluded":"true","lastCalculatedAt":"1418203708","filter":{"type":"ContactFilter","currentStatus":"Draft","id":"118352","createdAt":"1418203706","createdBy":"18","depth":"complete","folderId":"51","name":"Contacts Received Welcome Emails","permissions":["Retrieve","SetSecurity","Delete","Update"],"updatedAt":"1491979783","updatedBy":"18","criteria":[{"type":"LinkedCustomObjectCriterion","id":"336241","customObjectId":"295","fieldConditions":[{"type":"FieldCondition","id":"367051","condition":{"type":"DateRangeCondition","end":{"type":"AbsoluteDate","seconds":"1483225140"},"operator":"between","start":{"type":"AbsoluteDate","seconds":"1475272800"}},"fieldId":"850"}]},{"type":"ContactFieldCriterion","id":"350698","condition":{"type":"TextValueCondition","operator":"equal","value":"Testing Labs and Health Institutes"},"fieldId":"100045"}],"scope":"local","statement":"336241 AND 350698"}},{"type":"ContactFilterSegmentElement","id":"5709","depth":"complete","count":"345","isIncluded":"true","lastCalculatedAt":"1418205405","filter":{"type":"ContactFilter","currentStatus":"Draft","id":"118353","createdAt":"1418205403","createdBy":"18","depth":"complete","folderId":"51","name":"Leads TLH","permissions":["Retrieve","SetSecurity","Delete","Update"],"updatedAt":"1491979783","updatedBy":"18","criteria":[{"type":"ContactFieldCriterion","id":"326571","condition":{"type":"TextValueCondition","operator":"equal","value":"Testing Labs and Health Institutes"},"fieldId":"100045"},{"type":"ContactFieldCriterion","id":"326572","condition":{"type":"DateRangeCondition","end":{"type":"AbsoluteDate","seconds":"1467323940"},"operator":"between","start":{"type":"AbsoluteDate","seconds":"1435701600"}},"fieldId":"100092"},{"type":"ContactFieldCriterion","id":"326573","condition":{"type":"TextValueCondition","operator":"equal","value":"Lead"},"fieldId":"100090"},{"type":"ContactFieldCriterion","id":"326574","condition":{"type":"DateRangeCondition","end":{"type":"AbsoluteDate","seconds":"1490997540"},"operator":"between","start":{"type":"AbsoluteDate","seconds":"1475272800"}},"fieldId":"100634"},{"type":"ContactFieldCriterion","id":"336432","condition":{"type":"TextValueCondition","operator":"notEqual","value":"glf.elq"},"fieldId":"100461"},{"type":"ContactFieldCriterion","id":"351169","condition":{"type":"TextSetCondition","operator":"in","optionListId":"20733","quickListString":"eCDB_duplicate_1611,eCDB_duplicate_1703"},"fieldId":"100090"}],"scope":"local","statement":"326571 AND 326572 AND 336432 AND ((326573 AND 326574) OR 351169)"}},{"type":"ContactFilterSegmentElement","id":"5710","depth":"complete","count":"49987","isIncluded":"true","lastCalculatedAt":"1418205686","filter":{"type":"ContactFilter","currentStatus":"Draft","id":"118354","createdAt":"1418205685","createdBy":"18","depth":"complete","folderId":"51","name":"# contacts TLH","permissions":["Retrieve","SetSecurity","Delete","Update"],"updatedAt":"1491979783","updatedBy":"18","criteria":[{"type":"ContactFieldCriterion","id":"326575","condition":{"type":"TextValueCondition","operator":"equal","value":"Testing Labs and Health Institutes"},"fieldId":"100045"},{"type":"ContactFieldCriterion","id":"326576","condition":{"type":"DateRangeCondition","end":{"type":"AbsoluteDate","seconds":"1467323940"},"operator":"between","start":{"type":"AbsoluteDate","seconds":"1435701600"}},"fieldId":"100092"},{"type":"ContactFieldCriterion","id":"336433","condition":{"type":"TextValueCondition","operator":"notEqual","value":"glf.elq"},"fieldId":"100461"},{"type":"ContactFieldCriterion","id":"350694","condition":{"type":"TextSetCondition","operator":"notIn","optionListId":"15348","quickListString":"bioportfolio,sqfi,ifs,ta literature research"},"fieldId":"100044"}],"scope":"local","statement":"326575 AND 326576 AND 336433 AND 350694"}},{"type":"ContactListSegmentElement","id":"14929","depth":"complete","count":"0","isIncluded":"true","lastCalculatedAt":"1484140536","list":{"type":"ContactList","currentStatus":"active","id":"12347","createdAt":"1484140506","createdBy":"20","depth":"complete","description":"Result from trimming filter # contacts TLH with 1 element","folderId":"48","name":"Contacts not through welc","permissions":["Retrieve","SetSecurity","Delete","Update"],"updatedAt":"1491979783","updatedBy":"18","count":"20674","dataLookupId":"44a0db9b-d019-4471-b071-bf6b8b8820d9","scope":"local"}},{"type":"ContactListSegmentElement","id":"14930","depth":"complete","count":"0","isIncluded":"true","lastCalculatedAt":"1484140536","list":{"type":"ContactList","currentStatus":"active","id":"12348","createdAt":"1484140517","createdBy":"20","depth":"complete","description":"Result from trimming filter Leads TLH with 1 element","folderId":"48","name":"Leads not through welc","permissions":["Retrieve","SetSecurity","Delete","Update"],"updatedAt":"1491979783","updatedBy":"18","count":"271","dataLookupId":"16218732-f1ad-4b1d-9a59-2ea0fe90d0fd","scope":"local"}}],"isStale":"True"}