{"type":"ContactSegment","currentStatus":"Draft","depth":"complete","folderId":"1463","name":"TMK_TM_XXXX_NA_All_All_All_All_All_CCPQualification","permissions":["Retrieve","SetSecurity","Delete","Update"],"updatedAt":"1522127636","updatedBy":"58","elements":[{"type":"ContactFilterSegmentElement","id":"21495","depth":"complete","count":"0","isIncluded":"true","lastCalculatedAt":"1517310560","filter":{"type":"ContactFilter","currentStatus":"Draft","id":"128047","createdAt":"1517310559","createdBy":"58","depth":"complete","folderId":"51","name":"Filter Criteria 1","permissions":["Retrieve","SetSecurity","Delete","Update"],"updatedAt":"1522127636","updatedBy":"58","criteria":[{"type":"ContactFieldCriterion","id":"390762","condition":{"type":"TextValueCondition","operator":"notBlank"},"fieldId":"100013"},{"type":"ContactFieldCriterion","id":"390763","condition":{"type":"TextValueCondition","operator":"blank"},"fieldId":"100792"},{"type":"ContactFieldCriterion","id":"390764","condition":{"type":"TextValueCondition","operator":"notBlank"},"fieldId":"100174"},{"type":"ContactFieldCriterion","id":"390765","condition":{"type":"TextValueCondition","operator":"blank"},"fieldId":"100084"},{"type":"ContactFieldCriterion","id":"390766","condition":{"type":"TextValueCondition","operator":"blank"},"fieldId":"100789"},{"type":"ContactFieldCriterion","id":"390767","condition":{"type":"TextValueCondition","operator":"blank"},"fieldId":"100790"},{"type":"ContactFieldCriterion","id":"390768","condition":{"type":"TextValueCondition","operator":"blank"},"fieldId":"100045"},{"type":"ContactFieldCriterion","id":"390769","condition":{"type":"TextValueCondition","operator":"blank"},"fieldId":"100791"}],"scope":"local","statement":"390763 AND 390769 AND 390767 AND 390766 AND (390762 OR 390764) AND (390765 OR 390768)"}},{"type":"ContactFilterSegmentElement","id":"21496","depth":"complete","count":"0","isIncluded":"false","lastCalculatedAt":"1517310560","filter":{"type":"ContactFilter","currentStatus":"Draft","id":"128048","createdAt":"1517310560","createdBy":"58","depth":"complete","folderId":"51","name":"Filter Criteria 2","permissions":["Retrieve","SetSecurity","Delete","Update"],"updatedAt":"1522127636","updatedBy":"58","criteria":[{"type":"ContactFieldCriterion","id":"390770","condition":{"type":"TextValueCondition","operator":"notEqual","value":"Active"},"fieldId":"100089"},{"type":"ContactFieldCriterion","id":"390772","condition":{"type":"TextSetCondition","operator":"notIn","optionListId":"23674","quickListString":"English,Spanish,French"},"fieldId":"100431"},{"type":"ContactFieldCriterion","id":"390773","condition":{"type":"TextSetCondition","operator":"notIn","optionListId":"23662","quickListString":"USA,Canada,Mexico"},"fieldId":"100012"},{"type":"ContactFieldCriterion","id":"390774","condition":{"type":"TextValueCondition","operator":"notBlank"},"fieldId":"100404"},{"type":"ContactFieldCriterion","id":"390775","condition":{"type":"TextValueCondition","operator":"notBlank"},"fieldId":"100770"},{"type":"ContactFieldCriterion","id":"390776","condition":{"type":"TextValueCondition","operator":"blank"},"fieldId":"100003"},{"type":"ContactFieldCriterion","id":"390777","condition":{"type":"TextValueCondition","operator":"equal","value":"glf.elq"},"fieldId":"100461"}],"scope":"local","statement":"390770 OR 390772 OR 390773 OR 390774 OR 390775 OR 390776 OR 390777"}},{"type":"ContactListSegmentElement","id":"21497","depth":"complete","count":"0","isIncluded":"false","lastCalculatedAt":"1517310560","list":{"type":"ContactList","currentStatus":"active","id":"8277","createdAt":"1427884066","createdBy":"20","depth":"complete","folderId":"9130","name":"SYSTEM - Phone Number Generic Cleaning Exceptions Phone1","permissions":["Retrieve","SetSecurity","Delete","Update"],"updatedAt":"1530623378","updatedBy":"58","count":"1119","dataLookupId":"1accd755-7bd7-466a-985f-a45ebc79656f","scope":"global"}},{"type":"ContactListSegmentElement","id":"21498","depth":"complete","count":"0","isIncluded":"false","lastCalculatedAt":"1517310560","list":{"type":"ContactList","currentStatus":"active","id":"8715","createdAt":"1434953093","createdBy":"20","depth":"complete","folderId":"9130","name":"SYSTEM - Phone Number Generic Cleaning Exceptions Phone2","permissions":["Retrieve","SetSecurity","Delete","Update"],"updatedAt":"1530623378","updatedBy":"58","count":"6184","dataLookupId":"6498e8d7-baae-4d4f-b58a-11f167a7c7c0","scope":"global"}},{"type":"ContactListSegmentElement","id":"21499","depth":"complete","count":"0","isIncluded":"false","lastCalculatedAt":"1517310560","list":{"type":"ContactList","currentStatus":"active","id":"7862","createdAt":"1422885634","createdBy":"20","depth":"complete","folderId":"9130","name":"SYSTEM - Phone Number Country Cleaning Wrong Numbers Phone1","permissions":["Retrieve","SetSecurity","Delete","Update"],"updatedAt":"1530623378","updatedBy":"58","count":"51184","dataLookupId":"9dcc4e3b-c712-4ab1-a38d-02e2a1312430","scope":"global"}},{"type":"ContactListSegmentElement","id":"21500","depth":"complete","count":"0","isIncluded":"false","lastCalculatedAt":"1517310560","list":{"type":"ContactList","currentStatus":"active","id":"7865","createdAt":"1422889542","createdBy":"20","depth":"complete","folderId":"9130","name":"SYSTEM - Phone Number Country Cleaning Wrong Numbers Phone2","permissions":["Retrieve","SetSecurity","Delete","Update"],"updatedAt":"1530623378","updatedBy":"58","count":"41869","dataLookupId":"2082fb5b-1b36-497e-b0e2-3f35ce74d052","scope":"global"}},{"type":"ContactFilterSegmentElement","id":"21501","depth":"complete","count":"0","isIncluded":"false","lastCalculatedAt":"1517310560","filter":{"type":"ContactFilter","currentStatus":"Draft","id":"125499","createdAt":"1490960826","createdBy":"55","depth":"complete","folderId":"400","name":"Workplace Exclusion","permissions":["Retrieve","SetSecurity","Delete","Update"],"updatedAt":"1530623378","updatedBy":"58","criteria":[{"type":"ContactFieldCriterion","id":"373480","condition":{"type":"TextValueCondition","operator":"equal","value":"Sales, Marketing and Merchandising"},"fieldId":"100084"},{"type":"ContactFieldCriterion","id":"373481","condition":{"type":"TextValueCondition","operator":"equal","value":"Others"},"fieldId":"100084"},{"type":"ContactFieldCriterion","id":"373482","condition":{"type":"TextValueCondition","operator":"equal","value":"Maintenance and Service"},"fieldId":"100084"},{"type":"ContactFieldCriterion","id":"373483","condition":{"type":"TextValueCondition","operator":"equal","value":"IT / Information Technology"},"fieldId":"100084"}],"scope":"global","statement":"373480 OR 373481 OR 373482 OR 373483"}},{"type":"ContactFilterSegmentElement","id":"21502","depth":"complete","count":"0","isIncluded":"false","lastCalculatedAt":"1517310560","filter":{"type":"ContactFilter","currentStatus":"Draft","id":"125498","createdAt":"1490960803","createdBy":"55","depth":"complete","folderId":"400","name":"Industry Exclusion","permissions":["Retrieve","SetSecurity","Delete","Update"],"updatedAt":"1530623378","updatedBy":"58","criteria":[{"type":"ContactFieldCriterion","id":"373476","condition":{"type":"TextValueCondition","operator":"equal","value":"Transport and Logistics"},"fieldId":"100045"},{"type":"ContactFieldCriterion","id":"373477","condition":{"type":"TextValueCondition","operator":"equal","value":"Utilities and Municipalities"},"fieldId":"100045"},{"type":"ContactFieldCriterion","id":"373478","condition":{"type":"TextValueCondition","operator":"equal","value":"Retail"},"fieldId":"100045"},{"type":"ContactFieldCriterion","id":"373479","condition":{"type":"TextValueCondition","operator":"equal","value":"Pulp, Paper and Textile"},"fieldId":"100045"}],"scope":"global","statement":"373476 OR 373477 OR 373478 OR 373479"}},{"type":"ContactFilterSegmentElement","id":"21519","depth":"complete","count":"0","isIncluded":"false","lastCalculatedAt":"1517310783","filter":{"type":"ContactFilter","currentStatus":"Draft","id":"128045","createdAt":"1517310200","createdBy":"58","depth":"complete","folderId":"400","name":"TM_Status exclude","permissions":["Retrieve","SetSecurity","Delete","Update"],"updatedAt":"1530623378","updatedBy":"58","criteria":[{"type":"ContactFieldCriterion","id":"390755","condition":{"type":"TextValueCondition","operator":"equal","value":"Contact does not exist"},"fieldId":"100106"},{"type":"ContactFieldCriterion","id":"390756","condition":{"type":"TextValueCondition","operator":"equal","value":"Irrelevant Industry"},"fieldId":"100106"},{"type":"ContactFieldCriterion","id":"390757","condition":{"type":"TextValueCondition","operator":"equal","value":"Irrelevant Workplace"},"fieldId":"100106"},{"type":"ContactFieldCriterion","id":"390758","condition":{"type":"TextValueCondition","operator":"equal","value":"Wrong Number"},"fieldId":"100106"},{"type":"ContactFieldCriterion","id":"390759","condition":{"type":"TextValueCondition","operator":"equal","value":"Unsubscribe"},"fieldId":"100106"}],"scope":"global","statement":"390755 OR 390756 OR 390757 OR 390758 OR 390759"}}],"isStale":"True"}