{"type":"ContactSegment","currentStatus":"Draft","depth":"complete","folderId":"1463","name":"TeleQueue - Non Existing Contacts","permissions":["Retrieve","SetSecurity","Delete","Update"],"updatedAt":"1502278587","updatedBy":"58","elements":[{"type":"ContactFilterSegmentElement","id":"18343","depth":"complete","count":"0","isIncluded":"true","lastCalculatedAt":"1492609055","filter":{"type":"ContactFilter","currentStatus":"Draft","id":"125265","createdAt":"1490093307","createdBy":"55","depth":"complete","folderId":"17105","name":"TeleQueue - InProgress","permissions":["Retrieve","SetSecurity","Delete","Update"],"updatedAt":"1502278587","updatedBy":"58","criteria":[{"type":"LinkedCustomObjectCriterion","id":"371657","customObjectId":"322","fieldConditions":[{"type":"FieldCondition","id":"371656","condition":{"type":"TextValueCondition","operator":"equal","value":"TQ_InProgress"},"fieldId":"1118"}]},{"type":"LinkedCustomObjectCriterion","id":"374745","customObjectId":"322","fieldConditions":[{"type":"FieldCondition","id":"374744","condition":{"type":"DateValueCondition","operator":"less","value":{"type":"NamedDate","isAnyYear":"false","value":"Today"}},"fieldId":"1122"}]},{"type":"LinkedCustomObjectCriterion","id":"377595","customObjectId":"322","fieldConditions":[{"type":"FieldCondition","id":"377590","condition":{"type":"TextValueCondition","operator":"equal","value":"TQ_InProgress"},"fieldId":"1118"}]},{"type":"LinkedCustomObjectCriterion","id":"377596","customObjectId":"322","fieldConditions":[{"type":"FieldCondition","id":"377591","condition":{"type":"NumberValueCondition","operator":"equal","value":"0"},"fieldId":"1124"}]},{"type":"LinkedCustomObjectCriterion","id":"377597","customObjectId":"322","fieldConditions":[{"type":"FieldCondition","id":"377592","condition":{"type":"DateValueCondition","operator":"blank"},"fieldId":"1121"}]},{"type":"LinkedCustomObjectCriterion","id":"377598","customObjectId":"322","fieldConditions":[{"type":"FieldCondition","id":"377593","condition":{"type":"DateValueCondition","operator":"blank"},"fieldId":"1122"}]},{"type":"LinkedCustomObjectCriterion","id":"377599","customObjectId":"322","fieldConditions":[{"type":"FieldCondition","id":"377594","condition":{"type":"DateValueCondition","operator":"less","value":{"type":"NamedDate","isAnyYear":"false","value":"Yesterday"}},"fieldId":"1153"}]}],"scope":"global","statement":"(371657 AND 374745) OR (377595 AND 377596 AND 377598 AND 377597 AND 377599)"}},{"type":"ContactFilterSegmentElement","id":"19596","depth":"complete","count":"0","isIncluded":"false","lastCalculatedAt":"1502278369","filter":{"type":"ContactFilter","currentStatus":"Draft","id":"126606","createdAt":"1502278369","createdBy":"58","depth":"complete","folderId":"51","name":"Filter Criteria 1","permissions":["Retrieve","SetSecurity","Delete","Update"],"updatedAt":"1502278587","updatedBy":"58","criteria":[{"type":"LinkedCustomObjectCriterion","id":"380641","customObjectId":"322","fieldConditions":[{"type":"FieldCondition","id":"380640","condition":{"type":"TextValueCondition","operator":"notEqual","value":"NurturingEnglish"},"fieldId":"1119"}]}],"scope":"local","statement":"380641"}}],"isStale":"True"}