{"type":"ContactSegment","currentStatus":"Draft","depth":"complete","folderId":"1463","name":"TeleQueue Template","permissions":["Retrieve","SetSecurity","Delete","Update"],"updatedAt":"1517318443","updatedBy":"58","elements":[{"type":"ContactFilterSegmentElement","id":"21538","depth":"complete","count":"0","isIncluded":"true","lastCalculatedAt":"1517318360","filter":{"type":"ContactFilter","currentStatus":"Draft","id":"128058","createdAt":"1517318360","createdBy":"58","depth":"complete","folderId":"51","name":"Filter Criteria 1","permissions":["Retrieve","SetSecurity","Delete","Update"],"updatedAt":"1517318443","updatedBy":"58","criteria":[{"type":"EmailClickThroughCriterion","id":"390845","activityRestriction":{"type":"NumericValueCondition","operator":"notLess","value":"1"},"timeRestriction":{"type":"DateValueCondition","operator":"withinLast","value":{"type":"RelativeDate","offset":"1","timePeriod":"week"}}},{"type":"ContactFieldCriterion","id":"390848","condition":{"type":"TextValueCondition","operator":"equal","value":"English"},"fieldId":"100431"},{"type":"ContactFieldCriterion","id":"390849","condition":{"type":"TextValueCondition","operator":"equal","value":"United Kingdom"},"fieldId":"100012"},{"type":"EmailOpenCriterion","id":"390850","activityRestriction":{"type":"NumericValueCondition","operator":"notLess","value":"2"},"timeRestriction":{"type":"DateValueCondition","operator":"withinLast","value":{"type":"RelativeDate","offset":"5","timePeriod":"week"}}}],"scope":"local","statement":"(390850 OR 390845) AND 390848 AND 390849"}},{"type":"ContactFilterSegmentElement","id":"21539","depth":"complete","count":"0","isIncluded":"false","lastCalculatedAt":"1517318360","filter":{"type":"ContactFilter","currentStatus":"Draft","id":"128059","createdAt":"1517318360","createdBy":"58","depth":"complete","folderId":"51","name":"Filter Criteria 2","permissions":["Retrieve","SetSecurity","Delete","Update"],"updatedAt":"1517318443","updatedBy":"58","criteria":[{"type":"ContactFieldCriterion","id":"390851","condition":{"type":"TextValueCondition","operator":"notEqual","value":"Active"},"fieldId":"100089"},{"type":"ContactFieldCriterion","id":"390853","condition":{"type":"TextValueCondition","operator":"notBlank"},"fieldId":"100404"},{"type":"ContactFieldCriterion","id":"390854","condition":{"type":"TextValueCondition","operator":"notBlank"},"fieldId":"100770"},{"type":"ContactFieldCriterion","id":"390855","condition":{"type":"TextValueCondition","operator":"notBlank"},"fieldId":"100790"},{"type":"ContactFieldCriterion","id":"390856","condition":{"type":"TextValueCondition","operator":"notBlank"},"fieldId":"100778"},{"type":"ContactFieldCriterion","id":"390857","condition":{"type":"TextValueCondition","operator":"notBlank"},"fieldId":"100788"},{"type":"ContactFieldCriterion","id":"390858","condition":{"type":"TextValueCondition","operator":"blank"},"fieldId":"100013"},{"type":"ContactFieldCriterion","id":"390859","condition":{"type":"TextValueCondition","operator":"blank"},"fieldId":"100174"},{"type":"ContactFieldCriterion","id":"390860","condition":{"type":"TextValueCondition","operator":"notBlank"},"fieldId":"100789"}],"scope":"local","statement":"390851 OR 390853 OR 390854 OR 390856 OR 390857 OR 390860 OR 390855 OR (390858 AND 390859)"}},{"type":"ContactListSegmentElement","id":"21540","depth":"complete","count":"0","isIncluded":"false","lastCalculatedAt":"1517318360","list":{"type":"ContactList","currentStatus":"active","id":"8277","createdAt":"1427884066","createdBy":"20","depth":"complete","folderId":"9130","name":"SYSTEM - Phone Number Generic Cleaning Exceptions Phone1","permissions":["Retrieve","SetSecurity","Delete","Update"],"updatedAt":"1530623378","updatedBy":"58","count":"1119","dataLookupId":"1accd755-7bd7-466a-985f-a45ebc79656f","scope":"global"}},{"type":"ContactListSegmentElement","id":"21541","depth":"complete","count":"0","isIncluded":"false","lastCalculatedAt":"1517318360","list":{"type":"ContactList","currentStatus":"active","id":"8715","createdAt":"1434953093","createdBy":"20","depth":"complete","folderId":"9130","name":"SYSTEM - Phone Number Generic Cleaning Exceptions Phone2","permissions":["Retrieve","SetSecurity","Delete","Update"],"updatedAt":"1530623378","updatedBy":"58","count":"6184","dataLookupId":"6498e8d7-baae-4d4f-b58a-11f167a7c7c0","scope":"global"}},{"type":"ContactListSegmentElement","id":"21542","depth":"complete","count":"0","isIncluded":"false","lastCalculatedAt":"1517318360","list":{"type":"ContactList","currentStatus":"active","id":"7862","createdAt":"1422885634","createdBy":"20","depth":"complete","folderId":"9130","name":"SYSTEM - Phone Number Country Cleaning Wrong Numbers Phone1","permissions":["Retrieve","SetSecurity","Delete","Update"],"updatedAt":"1530623378","updatedBy":"58","count":"51184","dataLookupId":"9dcc4e3b-c712-4ab1-a38d-02e2a1312430","scope":"global"}},{"type":"ContactListSegmentElement","id":"21543","depth":"complete","count":"0","isIncluded":"false","lastCalculatedAt":"1517318360","list":{"type":"ContactList","currentStatus":"active","id":"7865","createdAt":"1422889542","createdBy":"20","depth":"complete","folderId":"9130","name":"SYSTEM - Phone Number Country Cleaning Wrong Numbers Phone2","permissions":["Retrieve","SetSecurity","Delete","Update"],"updatedAt":"1530623378","updatedBy":"58","count":"41869","dataLookupId":"2082fb5b-1b36-497e-b0e2-3f35ce74d052","scope":"global"}},{"type":"ContactFilterSegmentElement","id":"21544","depth":"complete","count":"0","isIncluded":"false","lastCalculatedAt":"1517318360","filter":{"type":"ContactFilter","currentStatus":"Draft","id":"128060","createdAt":"1517318360","createdBy":"58","depth":"complete","folderId":"51","name":"Workplace Exclusion","permissions":["Retrieve","SetSecurity","Delete","Update"],"updatedAt":"1517318443","updatedBy":"58","criteria":[{"type":"ContactFieldCriterion","id":"390861","condition":{"type":"TextValueCondition","operator":"equal","value":"Sales, Marketing and Merchandising"},"fieldId":"100084"},{"type":"ContactFieldCriterion","id":"390862","condition":{"type":"TextValueCondition","operator":"equal","value":"Others"},"fieldId":"100084"},{"type":"ContactFieldCriterion","id":"390863","condition":{"type":"TextValueCondition","operator":"equal","value":"Maintenance and Service"},"fieldId":"100084"},{"type":"ContactFieldCriterion","id":"390864","condition":{"type":"TextValueCondition","operator":"equal","value":"IT / Information Technology"},"fieldId":"100084"},{"type":"ContactFieldCriterion","id":"390865","condition":{"type":"TextValueCondition","operator":"equal","value":"Procurement, Finance and Admin"},"fieldId":"100084"},{"type":"ContactFieldCriterion","id":"390866","condition":{"type":"TextValueCondition","operator":"doesNotContain","value":"procurement"},"fieldId":"100048"}],"scope":"local","statement":"390861 OR 390862 OR 390863 OR 390864 OR (390865 AND 390866)"}},{"type":"ContactFilterSegmentElement","id":"21545","depth":"complete","count":"0","isIncluded":"false","lastCalculatedAt":"1517318360","filter":{"type":"ContactFilter","currentStatus":"Draft","id":"128061","createdAt":"1517318360","createdBy":"58","depth":"complete","folderId":"51","name":"Industry Exclusion","permissions":["Retrieve","SetSecurity","Delete","Update"],"updatedAt":"1517318443","updatedBy":"58","criteria":[{"type":"ContactFieldCriterion","id":"390867","condition":{"type":"TextValueCondition","operator":"equal","value":"Transport and Logistics"},"fieldId":"100045"},{"type":"ContactFieldCriterion","id":"390868","condition":{"type":"TextValueCondition","operator":"equal","value":"Utilities and Municipalities"},"fieldId":"100045"},{"type":"ContactFieldCriterion","id":"390869","condition":{"type":"TextValueCondition","operator":"equal","value":"Retail"},"fieldId":"100045"},{"type":"ContactFieldCriterion","id":"390870","condition":{"type":"TextValueCondition","operator":"equal","value":"Pulp, Paper and Textile"},"fieldId":"100045"}],"scope":"local","statement":"390867 OR 390868 OR 390869 OR 390870"}}],"isStale":"True"}