{"type":"ContactSegment","currentStatus":"Draft","depth":"complete","folderId":"1463","name":"Append_General_GNF_Monthly_InfoGlobalData","permissions":["Retrieve","SetSecurity","Delete","Update"],"updatedAt":"1522914759","updatedBy":"20","elements":[{"type":"ContactListSegmentElement","id":"21487","depth":"complete","count":"0","isIncluded":"true","lastCalculatedAt":"1517308538","list":{"type":"ContactList","currentStatus":"active","id":"17663","createdAt":"1511767590","createdBy":"18","depth":"complete","folderId":"18149","name":"SYSTEM - GNF Cold Leads Send for Append","permissions":["Retrieve","SetSecurity","Delete","Update"],"updatedAt":"1530694713","updatedBy":"18","count":"18083","dataLookupId":"719182b6-0c0e-4eb6-ac06-099ea1127c7c","scope":"global"}},{"type":"ContactFilterSegmentElement","id":"21488","depth":"complete","count":"0","isIncluded":"false","lastCalculatedAt":"1517308538","filter":{"type":"ContactFilter","currentStatus":"Draft","id":"128040","createdAt":"1517308538","createdBy":"20","depth":"complete","folderId":"51","name":"Exclude Inactive","permissions":["Retrieve","SetSecurity","Delete","Update"],"updatedAt":"1522914759","updatedBy":"20","criteria":[{"type":"ContactFieldCriterion","id":"390744","condition":{"type":"TextValueCondition","operator":"equal","value":"Inactive"},"fieldId":"100089"},{"type":"ContactFieldCriterion","id":"392855","condition":{"type":"TextSetCondition","operator":"notIn","optionListId":"24123","quickListString":"Blocked DACH Email,CASL Canada"},"fieldId":"100090"}],"scope":"local","statement":"390744 AND 392855"}},{"type":"ContactFilterSegmentElement","id":"21489","depth":"complete","count":"0","isIncluded":"false","lastCalculatedAt":"1517308538","filter":{"type":"ContactFilter","currentStatus":"Draft","id":"128041","createdAt":"1517308538","createdBy":"20","depth":"complete","folderId":"51","name":"Exclude Append L6M","permissions":["Retrieve","SetSecurity","Delete","Update"],"updatedAt":"1522914759","updatedBy":"20","criteria":[{"type":"LinkedCustomObjectCriterion","id":"390745","customObjectId":"320","fieldConditions":[{"type":"FieldCondition","id":"390748","condition":{"type":"DateValueCondition","operator":"withinLast","value":{"type":"RelativeDate","offset":"6","timePeriod":"month"}},"fieldId":"1463"}]}],"scope":"local","statement":"390745"}},{"type":"ContactFilterSegmentElement","id":"21490","depth":"complete","count":"0","isIncluded":"false","lastCalculatedAt":"1517308539","filter":{"type":"ContactFilter","currentStatus":"Draft","id":"128042","createdAt":"1517308538","createdBy":"20","depth":"complete","folderId":"51","name":"Exclude Simultaneous Append","permissions":["Retrieve","SetSecurity","Delete","Update"],"updatedAt":"1522914759","updatedBy":"20","criteria":[{"type":"LinkedCustomObjectCriterion","id":"390746","customObjectId":"320","fieldConditions":[{"type":"FieldCondition","id":"390749","condition":{"type":"DateValueCondition","operator":"withinLast","value":{"type":"RelativeDate","offset":"6","timePeriod":"month"}},"fieldId":"1462"}]},{"type":"LinkedCustomObjectCriterion","id":"390747","customObjectId":"320","fieldConditions":[{"type":"FieldCondition","id":"390750","condition":{"type":"DateValueCondition","operator":"blank"},"fieldId":"1464"}]}],"scope":"local","statement":"390746 AND 390747"}},{"type":"ContactFilterSegmentElement","id":"21491","depth":"complete","count":"0","isIncluded":"false","lastCalculatedAt":"1517308675","filter":{"type":"ContactFilter","currentStatus":"Draft","id":"128043","createdAt":"1517308675","createdBy":"20","depth":"complete","folderId":"51","name":"Exclude Blank Master_ID","permissions":["Retrieve","SetSecurity","Delete","Update"],"updatedAt":"1522914759","updatedBy":"20","criteria":[{"type":"ContactFieldCriterion","id":"390751","condition":{"type":"NumericValueCondition","operator":"less","value":"1"},"fieldId":"100087"}],"scope":"local","statement":"390751"}}],"isStale":"True"}