{"type":"ContactSegment","currentStatus":"Active","depth":"complete","folderId":"1463","name":"SYSTEM - Pending Contacts","permissions":["Retrieve","SetSecurity","Delete","Update"],"updatedAt":"1504528290","updatedBy":"18","elements":[{"type":"ContactListSegmentElement","id":"19920","depth":"complete","count":"0","isIncluded":"true","lastCalculatedAt":"1504528291","list":{"type":"ContactList","currentStatus":"active","id":"17236","createdAt":"1504525151","createdBy":"18","depth":"complete","folderId":"8189","name":"SYSTEM - New Contacts Pending","permissions":["Retrieve","SetSecurity","Delete","Update"],"updatedAt":"1530633726","updatedBy":"18","count":"67238","dataLookupId":"cfbd38f4-ee1c-4b3a-941c-9b2a254872fd","scope":"global"}}],"isStale":"True"}