{"type":"ContactSegment","currentStatus":"Draft","depth":"complete","folderId":"1463","name":"TMK_TM_1703_FR(EU)_All_All_All_All_All_TeleQueue_CCP_Nurturing","permissions":["Retrieve","SetSecurity","Delete","Update"],"updatedAt":"1490626195","updatedBy":"55","elements":[{"type":"ContactFilterSegmentElement","id":"17864","depth":"complete","count":"0","isIncluded":"true","lastCalculatedAt":"1490626076","filter":{"type":"ContactFilter","currentStatus":"Draft","id":"125403","createdAt":"1490626076","createdBy":"55","depth":"complete","folderId":"51","name":"Filter Criteria 1","permissions":["Retrieve","SetSecurity","Delete","Update"],"updatedAt":"1490626195","updatedBy":"55","criteria":[{"type":"EmailClickThroughCriterion","id":"372930","activityRestriction":{"type":"NumericValueCondition","operator":"notLess","value":"1"},"timeRestriction":{"type":"DateValueCondition","operator":"withinLast","value":{"type":"RelativeDate","offset":"1","timePeriod":"week"}}},{"type":"ContactFieldCriterion","id":"372931","condition":{"type":"TextSetCondition","operator":"in","optionListId":"20474","quickListString":"201703,201704"},"fieldId":"100580"},{"type":"LinkedCustomObjectCriterion","id":"372932","customObjectId":"322","fieldConditions":[{"type":"FieldCondition","id":"372928","condition":{"type":"DateValueCondition","operator":"withinNext","value":{"type":"RelativeDate","offset":"1","timePeriod":"week"}},"fieldId":"1123"}]},{"type":"EmailOpenCriterion","id":"372933","activityRestriction":{"type":"NumericValueCondition","operator":"notLess","value":"2"},"timeRestriction":{"type":"DateValueCondition","operator":"withinLast","value":{"type":"RelativeDate","offset":"7","timePeriod":"day"}}}],"scope":"local","statement":"372930 OR 372931 OR 372932 OR 372933"}},{"type":"ContactFilterSegmentElement","id":"17865","depth":"complete","count":"0","isIncluded":"false","lastCalculatedAt":"1490626076","filter":{"type":"ContactFilter","currentStatus":"Draft","id":"125404","createdAt":"1490626076","createdBy":"55","depth":"complete","folderId":"51","name":"Filter Criteria 2","permissions":["Retrieve","SetSecurity","Delete","Update"],"updatedAt":"1490626195","updatedBy":"55","criteria":[{"type":"ContactFieldCriterion","id":"372934","condition":{"type":"TextValueCondition","operator":"notEqual","value":"Active"},"fieldId":"100089"},{"type":"ContactFieldCriterion","id":"372935","condition":{"type":"TextSetCondition","operator":"in","optionListId":"20475","quickListString":"Bioportfolio,IFS,TA Literature Research"},"fieldId":"100044"},{"type":"ContactFieldCriterion","id":"372936","condition":{"type":"TextValueCondition","operator":"notBlank"},"fieldId":"100404"},{"type":"ContactFieldCriterion","id":"372937","condition":{"type":"TextValueCondition","operator":"notBlank"},"fieldId":"100770"},{"type":"ContactFieldCriterion","id":"372938","condition":{"type":"TextValueCondition","operator":"notBlank"},"fieldId":"100775"},{"type":"ContactFieldCriterion","id":"372939","condition":{"type":"TextValueCondition","operator":"notBlank"},"fieldId":"100778"},{"type":"ContactFieldCriterion","id":"372940","condition":{"type":"TextValueCondition","operator":"notBlank"},"fieldId":"100788"},{"type":"ContactFieldCriterion","id":"372941","condition":{"type":"TextValueCondition","operator":"blank"},"fieldId":"100013"},{"type":"ContactFieldCriterion","id":"372942","condition":{"type":"TextValueCondition","operator":"blank"},"fieldId":"100174"},{"type":"ContactFieldCriterion","id":"372943","condition":{"type":"TextSetCondition","operator":"notIn","optionListId":"20476","quickListString":"France,Switzerland"},"fieldId":"100012"},{"type":"ContactFieldCriterion","id":"372944","condition":{"type":"TextValueCondition","operator":"notEqual","value":"French"},"fieldId":"100431"},{"type":"LinkedCustomObjectCriterion","id":"372945","customObjectId":"322","fieldConditions":[{"type":"FieldCondition","id":"372929","condition":{"type":"DateValueCondition","operator":"withinLast","value":{"type":"RelativeDate","offset":"12","timePeriod":"month"}},"fieldId":"1153"}]}],"scope":"local","statement":"372943 OR 372944 OR 372934 OR 372935 OR 372936 OR 372937 OR 372938 OR 372939 OR 372940 OR 372945 OR (372941 AND 372942)"}},{"type":"ContactListSegmentElement","id":"17866","depth":"complete","count":"0","isIncluded":"false","lastCalculatedAt":"1490626076","list":{"type":"ContactList","currentStatus":"active","id":"8277","createdAt":"1427884066","createdBy":"20","depth":"complete","folderId":"9130","name":"SYSTEM - Phone Number Generic Cleaning Exceptions Phone1","permissions":["Retrieve","SetSecurity","Delete","Update"],"updatedAt":"1530623378","updatedBy":"58","count":"1119","dataLookupId":"1accd755-7bd7-466a-985f-a45ebc79656f","scope":"global"}},{"type":"ContactListSegmentElement","id":"17867","depth":"complete","count":"0","isIncluded":"false","lastCalculatedAt":"1490626076","list":{"type":"ContactList","currentStatus":"active","id":"8715","createdAt":"1434953093","createdBy":"20","depth":"complete","folderId":"9130","name":"SYSTEM - Phone Number Generic Cleaning Exceptions Phone2","permissions":["Retrieve","SetSecurity","Delete","Update"],"updatedAt":"1530623378","updatedBy":"58","count":"6184","dataLookupId":"6498e8d7-baae-4d4f-b58a-11f167a7c7c0","scope":"global"}},{"type":"ContactListSegmentElement","id":"17868","depth":"complete","count":"0","isIncluded":"false","lastCalculatedAt":"1490626076","list":{"type":"ContactList","currentStatus":"active","id":"7862","createdAt":"1422885634","createdBy":"20","depth":"complete","folderId":"9130","name":"SYSTEM - Phone Number Country Cleaning Wrong Numbers Phone1","permissions":["Retrieve","SetSecurity","Delete","Update"],"updatedAt":"1530623378","updatedBy":"58","count":"51184","dataLookupId":"9dcc4e3b-c712-4ab1-a38d-02e2a1312430","scope":"global"}},{"type":"ContactListSegmentElement","id":"17869","depth":"complete","count":"0","isIncluded":"false","lastCalculatedAt":"1490626076","list":{"type":"ContactList","currentStatus":"active","id":"7865","createdAt":"1422889542","createdBy":"20","depth":"complete","folderId":"9130","name":"SYSTEM - Phone Number Country Cleaning Wrong Numbers Phone2","permissions":["Retrieve","SetSecurity","Delete","Update"],"updatedAt":"1530623378","updatedBy":"58","count":"41869","dataLookupId":"2082fb5b-1b36-497e-b0e2-3f35ce74d052","scope":"global"}},{"type":"ContactFilterSegmentElement","id":"17870","depth":"complete","count":"0","isIncluded":"false","lastCalculatedAt":"1490626076","filter":{"type":"ContactFilter","currentStatus":"Draft","id":"125405","createdAt":"1490626076","createdBy":"55","depth":"complete","folderId":"51","name":"Workplace Exclusion","permissions":["Retrieve","SetSecurity","Delete","Update"],"updatedAt":"1490626195","updatedBy":"55","criteria":[{"type":"ContactFieldCriterion","id":"372946","condition":{"type":"TextValueCondition","operator":"equal","value":"Sales, Marketing and Merchandising"},"fieldId":"100084"},{"type":"ContactFieldCriterion","id":"372947","condition":{"type":"TextValueCondition","operator":"equal","value":"Others"},"fieldId":"100084"},{"type":"ContactFieldCriterion","id":"372948","condition":{"type":"TextValueCondition","operator":"equal","value":"Maintenance and Service"},"fieldId":"100084"},{"type":"ContactFieldCriterion","id":"372949","condition":{"type":"TextValueCondition","operator":"equal","value":"IT / Information Technology"},"fieldId":"100084"},{"type":"ContactFieldCriterion","id":"372950","condition":{"type":"TextValueCondition","operator":"equal","value":"Procurement, Finance and Admin"},"fieldId":"100084"},{"type":"ContactFieldCriterion","id":"372951","condition":{"type":"TextValueCondition","operator":"doesNotContain","value":"procurement"},"fieldId":"100048"}],"scope":"local","statement":"372946 OR 372947 OR 372948 OR 372949 OR (372950 AND 372951)"}},{"type":"ContactFilterSegmentElement","id":"17871","depth":"complete","count":"0","isIncluded":"false","lastCalculatedAt":"1490626076","filter":{"type":"ContactFilter","currentStatus":"Draft","id":"125406","createdAt":"1490626076","createdBy":"55","depth":"complete","folderId":"51","name":"Industry Exclusion","permissions":["Retrieve","SetSecurity","Delete","Update"],"updatedAt":"1490626195","updatedBy":"55","criteria":[{"type":"ContactFieldCriterion","id":"372952","condition":{"type":"TextValueCondition","operator":"equal","value":"Transport and Logistics"},"fieldId":"100045"},{"type":"ContactFieldCriterion","id":"372953","condition":{"type":"TextValueCondition","operator":"equal","value":"Utilities and Municipalities"},"fieldId":"100045"},{"type":"ContactFieldCriterion","id":"372954","condition":{"type":"TextValueCondition","operator":"equal","value":"Retail"},"fieldId":"100045"},{"type":"ContactFieldCriterion","id":"372955","condition":{"type":"TextValueCondition","operator":"equal","value":"Pulp, Paper and Textile"},"fieldId":"100045"}],"scope":"local","statement":"372952 OR 372953 OR 372954 OR 372955"}}],"isStale":"True"}