{"type":"ContactSegment","currentStatus":"Active","depth":"complete","folderId":"1463","name":"OTH_1802_All_All_All_ANA_TA_LAB_TAVoucher","permissions":["Retrieve","SetSecurity","Delete","Update"],"sourceTemplateId":"60","updatedAt":"1524041797","updatedBy":"20","elements":[{"type":"ContactFilterSegmentElement","id":"21820","depth":"complete","count":"0","isIncluded":"true","lastCalculatedAt":"1519303128","filter":{"type":"ContactFilter","currentStatus":"Draft","id":"128252","createdAt":"1519303128","createdBy":"20","depth":"complete","folderId":"51","name":"Filter Criteria 1","permissions":["Retrieve","SetSecurity","Delete","Update"],"updatedAt":"1524041797","updatedBy":"20","criteria":[{"type":"ContactFieldCriterion","id":"392282","condition":{"type":"TextValueCondition","operator":"equal","value":"Active"},"fieldId":"100089"},{"type":"EmailOpenCriterion","id":"392290","activityRestriction":{"type":"NumericValueCondition","operator":"notLess","value":"1"},"timeRestriction":{"type":"DateValueCondition","operator":"withinLast","value":{"type":"RelativeDate","offset":"3","timePeriod":"month"}},"campaignIds":["4686","4688","4770","4973","4982"]}],"scope":"local","statement":"392282 AND 392290"}},{"type":"ContactFilterSegmentElement","id":"21821","depth":"complete","count":"0","isIncluded":"false","lastCalculatedAt":"1519304920","filter":{"type":"ContactFilter","currentStatus":"Draft","id":"128253","createdAt":"1519304920","createdBy":"20","depth":"complete","folderId":"51","name":"Filter Criteria 2","permissions":["Retrieve","SetSecurity","Delete","Update"],"updatedAt":"1524041797","updatedBy":"20","criteria":[{"type":"EmailSentCriterion","id":"392291","activityRestriction":{"type":"NumericValueCondition","operator":"notLess","value":"1"},"timeRestriction":{"type":"DateValueCondition","operator":"withinLast","value":{"type":"RelativeDate","offset":"12","timePeriod":"month"}},"campaignIds":["4870"]}],"scope":"local","statement":"392291"}}],"isStale":"True"}