{"type":"ContactSegment","currentStatus":"Draft","depth":"complete","folderId":"1463","name":"Append_Function_ExistingValues_Check_Quaterly","permissions":["Retrieve","SetSecurity","Delete","Update"],"updatedAt":"1518686778","updatedBy":"20","elements":[{"type":"ContactFilterSegmentElement","id":"18337","depth":"complete","count":"0","isIncluded":"true","lastCalculatedAt":"1492601124","filter":{"type":"ContactFilter","currentStatus":"Draft","id":"125713","createdAt":"1492601124","createdBy":"20","depth":"complete","folderId":"51","name":"Filter Criteria 1","permissions":["Retrieve","SetSecurity","Delete","Update"],"updatedAt":"1518686778","updatedBy":"20","criteria":[{"type":"ContactFieldCriterion","id":"374728","condition":{"type":"TextValueCondition","operator":"equal","value":"Active"},"fieldId":"100089"},{"type":"ContactFieldCriterion","id":"374729","condition":{"type":"TextValueCondition","operator":"notBlank"},"fieldId":"100048"},{"type":"ContactFieldCriterion","id":"374733","condition":{"type":"TextValueCondition","operator":"notBlank"},"fieldId":"100084"},{"type":"ContactFieldCriterion","id":"392050","condition":{"type":"TextValueCondition","operator":"endsWith","value":"2"},"fieldId":"100032"},{"type":"ContactFieldCriterion","id":"392051","condition":{"type":"TextValueCondition","operator":"endsWith","value":"3"},"fieldId":"100032"}],"scope":"local","statement":"374728 AND 374729 AND 374733 AND (392050 OR 392051)"}},{"type":"ContactFilterSegmentElement","id":"18338","depth":"complete","count":"0","isIncluded":"false","lastCalculatedAt":"1492601125","filter":{"type":"ContactFilter","currentStatus":"Draft","id":"125714","createdAt":"1492601124","createdBy":"20","depth":"complete","folderId":"51","name":"Filter Criteria 2","permissions":["Retrieve","SetSecurity","Delete","Update"],"updatedAt":"1518686778","updatedBy":"20","criteria":[{"type":"LinkedCustomObjectCriterion","id":"374730","customObjectId":"320","fieldConditions":[{"type":"FieldCondition","id":"379060","condition":{"type":"DateValueCondition","operator":"withinLast","value":{"type":"RelativeDate","offset":"12","timePeriod":"month"}},"fieldId":"1047"}]}],"scope":"local","statement":"374730"}},{"type":"ContactFilterSegmentElement","id":"18340","depth":"complete","count":"0","isIncluded":"false","lastCalculatedAt":"1492601125","filter":{"type":"ContactFilter","currentStatus":"Draft","id":"125716","createdAt":"1492601125","createdBy":"20","depth":"complete","folderId":"51","name":"Filter Criteria 4","permissions":["Retrieve","SetSecurity","Delete","Update"],"updatedAt":"1518686778","updatedBy":"20","criteria":[{"type":"LinkedCustomObjectCriterion","id":"374732","customObjectId":"320","fieldConditions":[{"type":"FieldCondition","id":"374727","condition":{"type":"DateValueCondition","operator":"withinLast","value":{"type":"RelativeDate","offset":"12","timePeriod":"month"}},"fieldId":"1046"}]}],"scope":"local","statement":"374732"}},{"type":"ContactFilterSegmentElement","id":"19432","depth":"complete","count":"0","isIncluded":"false","lastCalculatedAt":"1501139981","filter":{"type":"ContactFilter","currentStatus":"Draft","id":"126516","createdAt":"1501139981","createdBy":"20","depth":"complete","folderId":"51","name":"Filter Criteria 5","permissions":["Retrieve","SetSecurity","Delete","Update"],"updatedAt":"1518686778","updatedBy":"20","criteria":[{"type":"LinkedCustomObjectCriterion","id":"380114","customObjectId":"320","fieldConditions":[{"type":"FieldCondition","id":"380113","condition":{"type":"DateValueCondition","operator":"withinLast","value":{"type":"RelativeDate","offset":"12","timePeriod":"month"}},"fieldId":"1048"}]}],"scope":"local","statement":"380114"}},{"type":"ContactListSegmentElement","id":"21785","depth":"complete","count":"0","isIncluded":"false","lastCalculatedAt":"1518685793","list":{"type":"ContactList","currentStatus":"active","id":"17663","createdAt":"1511767590","createdBy":"18","depth":"complete","folderId":"18149","name":"SYSTEM - GNF Cold Leads Send for Append","permissions":["Retrieve","SetSecurity","Delete","Update"],"updatedAt":"1530694713","updatedBy":"18","count":"18083","dataLookupId":"719182b6-0c0e-4eb6-ac06-099ea1127c7c","scope":"global"}},{"type":"ContactFilterSegmentElement","id":"21786","depth":"complete","count":"0","isIncluded":"false","lastCalculatedAt":"1518686032","filter":{"type":"ContactFilter","currentStatus":"Draft","id":"128219","createdAt":"1518686032","createdBy":"20","depth":"complete","folderId":"51","name":"Filter Criteria 6","permissions":["Retrieve","SetSecurity","Delete","Update"],"updatedAt":"1518686778","updatedBy":"20","criteria":[{"type":"ContactFieldCriterion","id":"392052","condition":{"type":"NumericValueCondition","operator":"less","value":"1"},"fieldId":"100087"}],"scope":"local","statement":"392052"}}],"isStale":"True"}