{"type":"ContactSegment","currentStatus":"Draft","depth":"complete","folderId":"1463","name":"Append_EmailAddress_SpamTrapCheck_Quarterly","permissions":["Retrieve","SetSecurity","Delete","Update"],"updatedAt":"1516795903","updatedBy":"20","elements":[{"type":"ContactFilterSegmentElement","id":"19249","depth":"complete","count":"0","isIncluded":"true","lastCalculatedAt":"1499345977","filter":{"type":"ContactFilter","currentStatus":"Draft","id":"126396","createdAt":"1499345977","createdBy":"20","depth":"complete","folderId":"51","name":"Potential spam traps","permissions":["Retrieve","SetSecurity","Delete","Update"],"updatedAt":"1516795903","updatedBy":"20","criteria":[{"type":"ContactFieldCriterion","id":"379083","condition":{"type":"TextValueCondition","operator":"equal","value":"Active"},"fieldId":"100089"},{"type":"EmailOpenCriterion","id":"379089","activityRestriction":{"type":"ZeroCondition"},"timeRestriction":{"type":"DateValueCondition","operator":"withinLast","value":{"type":"RelativeDate","offset":"12","timePeriod":"month"}}},{"type":"ContactFieldCriterion","id":"379090","condition":{"type":"TextValueCondition","operator":"equal","value":"Unknown"},"fieldId":"100482"},{"type":"EmailSentCriterion","id":"385460","activityRestriction":{"type":"NumericValueCondition","operator":"notLess","value":"1"},"timeRestriction":{"type":"DateRangeCondition","end":{"type":"AbsoluteDate","seconds":"1516057140"},"operator":"between","start":{"type":"AbsoluteDate","seconds":"1515452400"}},"campaignIds":["4595","4632","4613","4635","4612","4634","4614","4636","4601","4633"]}],"scope":"local","statement":"379083 AND 385460 AND 379089 AND 379090"}}],"isStale":"True"}