{"type":"ContactSegment","currentStatus":"Draft","depth":"complete","folderId":"1463","name":"To reactivate contacts","permissions":["Retrieve","SetSecurity","Delete","Update"],"updatedAt":"1509977210","updatedBy":"66","elements":[{"type":"ContactFilterSegmentElement","id":"15590","depth":"complete","count":"0","isIncluded":"true","lastCalculatedAt":"1487163181","filter":{"type":"ContactFilter","currentStatus":"Draft","id":"124656","createdAt":"1487163181","createdBy":"56","depth":"complete","folderId":"51","name":"Filter Criteria 1","permissions":["Retrieve","SetSecurity","Delete","Update"],"updatedAt":"1509977210","updatedBy":"66","criteria":[{"type":"ContactFieldCriterion","id":"369434","condition":{"type":"TextValueCondition","operator":"equal","value":"country not covered"},"fieldId":"100090"},{"type":"ContactFieldCriterion","id":"369435","condition":{"type":"TextValueCondition","operator":"notEqual","value":"glf.elq"},"fieldId":"100461"}],"scope":"local","statement":"369434 AND 369435"}}],"isStale":"True"}