{"type":"ContactSegment","currentStatus":"Draft","depth":"complete","folderId":"1463","name":"Contacts FAB Nurturing","permissions":["Retrieve","SetSecurity","Delete","Update"],"updatedAt":"1491988572","updatedBy":"18","elements":[{"type":"ContactFilterSegmentElement","id":"8059","depth":"complete","count":"389","isIncluded":"true","lastCalculatedAt":"1439539203","filter":{"type":"ContactFilter","currentStatus":"Draft","id":"119975","createdAt":"1439539202","createdBy":"18","depth":"complete","folderId":"51","name":"Leads FAB","permissions":["Retrieve","SetSecurity","Delete","Update"],"updatedAt":"1491988572","updatedBy":"18","criteria":[{"type":"ContactFieldCriterion","id":"337072","condition":{"type":"TextValueCondition","operator":"equal","value":"Food and Beverage"},"fieldId":"100045"},{"type":"ContactFieldCriterion","id":"337073","condition":{"type":"DateRangeCondition","end":{"type":"AbsoluteDate","seconds":"1467323940"},"operator":"between","start":{"type":"AbsoluteDate","seconds":"1435701600"}},"fieldId":"100092"},{"type":"ContactFieldCriterion","id":"337074","condition":{"type":"TextValueCondition","operator":"equal","value":"Lead"},"fieldId":"100090"},{"type":"ContactFieldCriterion","id":"337075","condition":{"type":"DateRangeCondition","end":{"type":"AbsoluteDate","seconds":"1490997540"},"operator":"between","start":{"type":"AbsoluteDate","seconds":"1475272800"}},"fieldId":"100634"},{"type":"ContactFieldCriterion","id":"337078","condition":{"type":"TextValueCondition","operator":"notEqual","value":"glf.elq"},"fieldId":"100461"},{"type":"ContactFieldCriterion","id":"351266","condition":{"type":"TextSetCondition","operator":"in","optionListId":"20744","quickListString":"eCDB_duplicate_1611,eCDB_duplicate_1703"},"fieldId":"100090"}],"scope":"local","statement":"337072 AND 337073 AND 337078 AND ((337074 AND 337075) OR 351266)"}},{"type":"ContactFilterSegmentElement","id":"8060","depth":"complete","count":"54824","isIncluded":"true","lastCalculatedAt":"1439539204","filter":{"type":"ContactFilter","currentStatus":"Draft","id":"119976","createdAt":"1439539203","createdBy":"18","depth":"complete","folderId":"51","name":"# Contacts FAB","permissions":["Retrieve","SetSecurity","Delete","Update"],"updatedAt":"1491988572","updatedBy":"18","criteria":[{"type":"ContactFieldCriterion","id":"337079","condition":{"type":"TextValueCondition","operator":"equal","value":"Food and Beverage"},"fieldId":"100045"},{"type":"ContactFieldCriterion","id":"337080","condition":{"type":"DateRangeCondition","end":{"type":"AbsoluteDate","seconds":"1467323940"},"operator":"between","start":{"type":"AbsoluteDate","seconds":"1435701600"}},"fieldId":"100092"},{"type":"ContactFieldCriterion","id":"337081","condition":{"type":"TextValueCondition","operator":"notEqual","value":"glf.elq"},"fieldId":"100461"}],"scope":"local","statement":"337079 AND 337080 AND 337081"}},{"type":"ContactFilterSegmentElement","id":"8061","depth":"complete","count":"518","isIncluded":"true","lastCalculatedAt":"1439539206","filter":{"type":"ContactFilter","currentStatus":"Draft","id":"119977","createdAt":"1439539204","createdBy":"18","depth":"complete","folderId":"51","name":"Contacts through Nrt","permissions":["Retrieve","SetSecurity","Delete","Update"],"updatedAt":"1491988572","updatedBy":"18","criteria":[{"type":"LinkedCustomObjectCriterion","id":"337082","customObjectId":"302","fieldConditions":[{"type":"FieldCondition","id":"367029","condition":{"type":"DateRangeCondition","end":{"type":"AbsoluteDate","seconds":"1483225140"},"operator":"between","start":{"type":"AbsoluteDate","seconds":"1475272800"}},"fieldId":"903"}]},{"type":"ContactFieldCriterion","id":"337127","condition":{"type":"TextValueCondition","operator":"equal","value":"Food and Beverage"},"fieldId":"100045"}],"scope":"local","statement":"337082 AND 337127"}},{"type":"ContactListSegmentElement","id":"14919","depth":"complete","count":"0","isIncluded":"true","lastCalculatedAt":"1484138282","list":{"type":"ContactList","currentStatus":"active","id":"12336","createdAt":"1484138244","createdBy":"20","depth":"complete","description":"Result from trimming filter # Contacts FAB with 1 element","folderId":"48","name":"# Contacts not through nurt","permissions":["Retrieve","SetSecurity","Delete","Update"],"updatedAt":"1491988572","updatedBy":"18","count":"30346","dataLookupId":"136aa139-b002-4143-99a7-bd9db2790b4b","scope":"local"}},{"type":"ContactListSegmentElement","id":"14920","depth":"complete","count":"0","isIncluded":"true","lastCalculatedAt":"1484138282","list":{"type":"ContactList","currentStatus":"active","id":"12337","createdAt":"1484138260","createdBy":"20","depth":"complete","description":"Result from trimming filter Leads FAB with 1 element","folderId":"48","name":"# Leads not through nurt","permissions":["Retrieve","SetSecurity","Delete","Update"],"updatedAt":"1491988572","updatedBy":"18","count":"286","dataLookupId":"48ad1a6d-9a93-4bdb-bab3-30a4d8ecaeff","scope":"local"}}],"isStale":"True"}