{"type":"ContactSegment","currentStatus":"Active","depth":"complete","folderId":"1463","name":"MPL_1707_All_All_All_All_All_All_SRYNurt","permissions":["Retrieve","SetSecurity","Delete","Update"],"updatedAt":"1499250746","updatedBy":"20","elements":[{"type":"ContactFilterSegmentElement","id":"6482","depth":"complete","count":"114","isIncluded":"true","lastCalculatedAt":"1428404787","filter":{"type":"ContactFilter","currentStatus":"Draft","id":"119008","createdAt":"1428404782","createdBy":"20","depth":"complete","folderId":"51","name":"Plans within 7-12 months","permissions":["Retrieve","SetSecurity","Delete","Update"],"updatedAt":"1499250746","updatedBy":"20","criteria":[{"type":"ContactFieldCriterion","id":"330619","condition":{"type":"TextValueCondition","operator":"equal","value":"Active"},"fieldId":"100089"},{"type":"ContactFieldCriterion","id":"330620","condition":{"type":"TextSetCondition","operator":"notIn","optionListId":"12306","quickListString":"IFS,TA Literature Research"},"fieldId":"100044"},{"type":"ContactFieldCriterion","id":"330621","condition":{"type":"TextValueCondition","operator":"notEqual","value":"glf.elq"},"fieldId":"100461"},{"type":"ContactFieldCriterion","id":"330622","condition":{"type":"TextValueCondition","operator":"blank"},"fieldId":"100493"},{"type":"ContactFieldCriterion","id":"330624","condition":{"type":"TextValueCondition","operator":"contains","value":"7-12"},"fieldId":"100577"},{"type":"EmailSentCriterion","id":"330625","activityRestriction":{"type":"ZeroCondition"},"timeRestriction":{"type":"DateValueCondition","operator":"greater","value":{"type":"AbsoluteDate","seconds":"1420153140"}},"emailIds":["14359","14360","14357","14358","14356"]},{"type":"EmailSentCriterion","id":"330626","activityRestriction":{"type":"ZeroCondition"},"timeRestriction":{"type":"DateValueCondition","operator":"withinLast","value":{"type":"RelativeDate","offset":"2","timePeriod":"day"}}},{"type":"ContactFieldCriterion","id":"330631","condition":{"type":"DateValueCondition","operator":"greater","value":{"type":"AbsoluteDate","seconds":"1427925540"}},"fieldId":"100682"}],"scope":"local","statement":"330619 AND 330620 AND 330621 AND 330622 AND 330624 AND 330625 AND 330626 AND 330631"}},{"type":"ContactFilterSegmentElement","id":"6483","depth":"complete","count":"18","isIncluded":"true","lastCalculatedAt":"1428404793","filter":{"type":"ContactFilter","currentStatus":"Draft","id":"119009","createdAt":"1428404792","createdBy":"20","depth":"complete","folderId":"51","name":"Plans within 13-24 months","permissions":["Retrieve","SetSecurity","Delete","Update"],"updatedAt":"1499250746","updatedBy":"20","criteria":[{"type":"ContactFieldCriterion","id":"330632","condition":{"type":"TextValueCondition","operator":"equal","value":"Active"},"fieldId":"100089"},{"type":"ContactFieldCriterion","id":"330633","condition":{"type":"TextSetCondition","operator":"notIn","optionListId":"12308","quickListString":"IFS,TA Literature Research"},"fieldId":"100044"},{"type":"ContactFieldCriterion","id":"330634","condition":{"type":"TextValueCondition","operator":"notEqual","value":"glf.elq"},"fieldId":"100461"},{"type":"ContactFieldCriterion","id":"330635","condition":{"type":"TextValueCondition","operator":"blank"},"fieldId":"100493"},{"type":"ContactFieldCriterion","id":"330637","condition":{"type":"TextValueCondition","operator":"contains","value":"13-24"},"fieldId":"100577"},{"type":"EmailSentCriterion","id":"330638","activityRestriction":{"type":"ZeroCondition"},"timeRestriction":{"type":"DateValueCondition","operator":"withinLast","value":{"type":"RelativeDate","offset":"2","timePeriod":"day"}}},{"type":"EmailSentCriterion","id":"330639","activityRestriction":{"type":"ZeroCondition"},"timeRestriction":{"type":"DateValueCondition","operator":"greater","value":{"type":"AbsoluteDate","seconds":"1420153140"}},"emailIds":["14359","14360","14357","14358","14356"]},{"type":"ContactFieldCriterion","id":"330643","condition":{"type":"DateValueCondition","operator":"greater","value":{"type":"AbsoluteDate","seconds":"1427925540"}},"fieldId":"100682"}],"scope":"local","statement":"330632 AND 330633 AND 330634 AND 330635 AND 330637 AND 330638 AND 330639 AND 330643"}},{"type":"ContactFilterSegmentElement","id":"6484","depth":"complete","count":"326","isIncluded":"true","lastCalculatedAt":"1428404800","filter":{"type":"ContactFilter","currentStatus":"Draft","id":"119010","createdAt":"1428404798","createdBy":"20","depth":"complete","folderId":"51","name":"Plans but no timescale","permissions":["Retrieve","SetSecurity","Delete","Update"],"updatedAt":"1499250746","updatedBy":"20","criteria":[{"type":"ContactFieldCriterion","id":"330645","condition":{"type":"TextValueCondition","operator":"equal","value":"Active"},"fieldId":"100089"},{"type":"ContactFieldCriterion","id":"330646","condition":{"type":"TextSetCondition","operator":"notIn","optionListId":"12309","quickListString":"IFS,TA Literature Research"},"fieldId":"100044"},{"type":"ContactFieldCriterion","id":"330647","condition":{"type":"TextValueCondition","operator":"notEqual","value":"glf.elq"},"fieldId":"100461"},{"type":"ContactFieldCriterion","id":"330648","condition":{"type":"TextValueCondition","operator":"blank"},"fieldId":"100493"},{"type":"ContactFieldCriterion","id":"330650","condition":{"type":"TextValueCondition","operator":"contains","value":"Yes but no timescale"},"fieldId":"100577"},{"type":"ContactFieldCriterion","id":"330657","condition":{"type":"DateValueCondition","operator":"greater","value":{"type":"AbsoluteDate","seconds":"1427925540"}},"fieldId":"100682"},{"type":"EmailSentCriterion","id":"330700","activityRestriction":{"type":"ZeroCondition"},"timeRestriction":{"type":"DateValueCondition","operator":"withinLast","value":{"type":"RelativeDate","offset":"2","timePeriod":"day"}}},{"type":"EmailSentCriterion","id":"330701","activityRestriction":{"type":"ZeroCondition"},"timeRestriction":{"type":"DateValueCondition","operator":"greater","value":{"type":"AbsoluteDate","seconds":"1420153140"}},"emailIds":["14359","14360","14357","14358","14356"]}],"scope":"local","statement":"330645 AND 330646 AND 330647 AND 330648 AND 330650 AND 330657 AND 330700 AND 330701"}},{"type":"ContactFilterSegmentElement","id":"19230","depth":"complete","count":"0","isIncluded":"false","lastCalculatedAt":"1499249432","filter":{"type":"ContactFilter","currentStatus":"Draft","id":"126366","createdAt":"1499249432","createdBy":"20","depth":"complete","folderId":"51","name":"Filter Criteria 1","permissions":["Retrieve","SetSecurity","Delete","Update"],"updatedAt":"1499250746","updatedBy":"20","criteria":[{"type":"EmailSentCriterion","id":"379007","activityRestriction":{"type":"NumericValueCondition","operator":"notLess","value":"1"},"timeRestriction":{"type":"DateValueCondition","operator":"withinLast","value":{"type":"RelativeDate","offset":"24","timePeriod":"month"}},"campaignIds":["1748"]}],"scope":"local","statement":"379007"}},{"type":"ContactFilterSegmentElement","id":"19233","depth":"complete","count":"0","isIncluded":"false","lastCalculatedAt":"1499250625","filter":{"type":"ContactFilter","currentStatus":"Draft","id":"126369","createdAt":"1499250625","createdBy":"20","depth":"complete","folderId":"51","name":"Filter Criteria 2","permissions":["Retrieve","SetSecurity","Delete","Update"],"updatedAt":"1499250746","updatedBy":"20","criteria":[{"type":"EmailSentCriterion","id":"379011","activityRestriction":{"type":"NumericValueCondition","operator":"notLess","value":"1"},"timeRestriction":{"type":"DateValueCondition","operator":"withinLast","value":{"type":"RelativeDate","offset":"24","timePeriod":"month"}},"emailIds":["14359","14360","14357","14358","14356"]}],"scope":"local","statement":"379011"}}],"isStale":"True"}