{"type":"ContactSegment","currentStatus":"Draft","depth":"complete","folderId":"1463","name":"Contacts MPE Welcome","permissions":["Retrieve","SetSecurity","Delete","Update"],"updatedAt":"1491980229","updatedBy":"18","elements":[{"type":"ContactFilterSegmentElement","id":"7874","depth":"complete","count":"6807","isIncluded":"true","lastCalculatedAt":"1438766298","filter":{"type":"ContactFilter","currentStatus":"Draft","id":"119875","createdAt":"1438766297","createdBy":"18","depth":"complete","folderId":"51","name":"Contacts Received Welcome Emails","permissions":["Retrieve","SetSecurity","Delete","Update"],"updatedAt":"1491980229","updatedBy":"18","criteria":[{"type":"LinkedCustomObjectCriterion","id":"336277","customObjectId":"295","fieldConditions":[{"type":"FieldCondition","id":"367079","condition":{"type":"DateRangeCondition","end":{"type":"AbsoluteDate","seconds":"1475272740"},"operator":"between","start":{"type":"AbsoluteDate","seconds":"1467324000"}},"fieldId":"888"}]},{"type":"ContactFieldCriterion","id":"374463","condition":{"type":"TextValueCondition","operator":"equal","value":"Metal, Plastic and Electronics Components"},"fieldId":"100045"}],"scope":"local","statement":"336277 AND 374463"}},{"type":"ContactFilterSegmentElement","id":"7875","depth":"complete","count":"220","isIncluded":"true","lastCalculatedAt":"1438766299","filter":{"type":"ContactFilter","currentStatus":"Draft","id":"119876","createdAt":"1438766298","createdBy":"18","depth":"complete","folderId":"51","name":"Leads MPE","permissions":["Retrieve","SetSecurity","Delete","Update"],"updatedAt":"1491980229","updatedBy":"18","criteria":[{"type":"ContactFieldCriterion","id":"336278","condition":{"type":"TextValueCondition","operator":"equal","value":"Metal, Plastic and Electronics Components"},"fieldId":"100045"},{"type":"ContactFieldCriterion","id":"336279","condition":{"type":"DateRangeCondition","end":{"type":"AbsoluteDate","seconds":"1467323940"},"operator":"between","start":{"type":"AbsoluteDate","seconds":"1435701600"}},"fieldId":"100092"},{"type":"ContactFieldCriterion","id":"336280","condition":{"type":"TextValueCondition","operator":"equal","value":"Lead"},"fieldId":"100090"},{"type":"ContactFieldCriterion","id":"336281","condition":{"type":"DateRangeCondition","end":{"type":"AbsoluteDate","seconds":"1490997540"},"operator":"between","start":{"type":"AbsoluteDate","seconds":"1475272800"}},"fieldId":"100634"},{"type":"ContactFieldCriterion","id":"336284","condition":{"type":"TextSetCondition","operator":"in","optionListId":"20734","quickListString":"eCDB_duplicate_1611,eCDB_duplicate_1703"},"fieldId":"100090"},{"type":"ContactFieldCriterion","id":"336382","condition":{"type":"TextValueCondition","operator":"notEqual","value":"glf.elq"},"fieldId":"100461"}],"scope":"local","statement":"336278 AND 336382 AND 336279 AND ((336280 AND 336281) OR 336284)"}},{"type":"ContactFilterSegmentElement","id":"7876","depth":"complete","count":"51277","isIncluded":"true","lastCalculatedAt":"1438766300","filter":{"type":"ContactFilter","currentStatus":"Draft","id":"119877","createdAt":"1438766299","createdBy":"18","depth":"complete","folderId":"51","name":"# contacts MPE","permissions":["Retrieve","SetSecurity","Delete","Update"],"updatedAt":"1491980229","updatedBy":"18","criteria":[{"type":"ContactFieldCriterion","id":"336285","condition":{"type":"TextValueCondition","operator":"equal","value":"Metal, Plastic and Electronics Components"},"fieldId":"100045"},{"type":"ContactFieldCriterion","id":"336286","condition":{"type":"DateRangeCondition","end":{"type":"AbsoluteDate","seconds":"1467323940"},"operator":"between","start":{"type":"AbsoluteDate","seconds":"1435701600"}},"fieldId":"100092"},{"type":"ContactFieldCriterion","id":"336383","condition":{"type":"TextValueCondition","operator":"notEqual","value":"glf.elq"},"fieldId":"100461"}],"scope":"local","statement":"336285 AND 336286 AND 336383"}},{"type":"ContactListSegmentElement","id":"14938","depth":"complete","count":"0","isIncluded":"true","lastCalculatedAt":"1484142004","list":{"type":"ContactList","currentStatus":"active","id":"12356","createdAt":"1484141969","createdBy":"20","depth":"complete","description":"Result from trimming filter # contacts MPE with 1 element","folderId":"48","name":"Contacts not through welc","permissions":["Retrieve","SetSecurity","Delete","Update"],"updatedAt":"1491980229","updatedBy":"18","count":"29511","dataLookupId":"f77e31bd-a966-4dbb-ba54-b2c91f8f4105","scope":"local"}},{"type":"ContactListSegmentElement","id":"14939","depth":"complete","count":"0","isIncluded":"true","lastCalculatedAt":"1484142004","list":{"type":"ContactList","currentStatus":"active","id":"12357","createdAt":"1484141981","createdBy":"20","depth":"complete","description":"Result from trimming filter Leads MPE with 1 element","folderId":"48","name":"Leads not through welc","permissions":["Retrieve","SetSecurity","Delete","Update"],"updatedAt":"1491980229","updatedBy":"18","count":"166","dataLookupId":"402dc407-b901-4dfb-96b8-151a52527017","scope":"local"}}],"isStale":"True"}