{"type":"ContactSegment","currentStatus":"Active","depth":"complete","folderId":"1463","name":"SYSTEM - Character encoding for survey links","permissions":["Retrieve","SetSecurity","Delete","Update"],"updatedAt":"1487678865","updatedBy":"20","elements":[{"type":"ContactFilterSegmentElement","id":"15628","depth":"complete","count":"0","isIncluded":"true","lastCalculatedAt":"1487449980","filter":{"type":"ContactFilter","currentStatus":"Draft","id":"124691","createdAt":"1487449980","createdBy":"20","depth":"complete","folderId":"51","name":"Filter Criteria 1","permissions":["Retrieve","SetSecurity","Delete","Update"],"updatedAt":"1487678865","updatedBy":"20","criteria":[{"type":"ContactFieldCriterion","id":"369544","condition":{"type":"TextValueCondition","operator":"equal","value":"Active"},"fieldId":"100089"}],"scope":"local","statement":"369544"}},{"type":"ContactFilterSegmentElement","id":"15629","depth":"complete","count":"0","isIncluded":"false","lastCalculatedAt":"1487449980","filter":{"type":"ContactFilter","currentStatus":"Draft","id":"124692","createdAt":"1487449980","createdBy":"20","depth":"complete","folderId":"51","name":"Filter Criteria 2","permissions":["Retrieve","SetSecurity","Delete","Update"],"updatedAt":"1487678865","updatedBy":"20","criteria":[{"type":"LinkedCustomObjectCriterion","id":"369545","customObjectId":"323"}],"scope":"local","statement":"369545"}}],"isStale":"True"}