{"type":"ContactSegment","currentStatus":"Active","depth":"complete","folderId":"1463","name":"EMT_EMK_XXXX_All_All_All_All_All_All_WebsiteVisitTrigger(Updated)","permissions":["Retrieve","SetSecurity","Delete","Update"],"updatedAt":"1524035747","updatedBy":"53","elements":[{"type":"ContactFilterSegmentElement","id":"8490","depth":"complete","count":"215","isIncluded":"true","lastCalculatedAt":"1443622713","filter":{"type":"ContactFilter","currentStatus":"Draft","id":"120287","createdAt":"1443622707","createdBy":"17","depth":"complete","folderId":"51","name":"Filter Criteria 1","permissions":["Retrieve","SetSecurity","Delete","Update"],"updatedAt":"1524035747","updatedBy":"53","criteria":[{"type":"ContactFieldCriterion","id":"339173","condition":{"type":"TextValueCondition","operator":"equal","value":"Active"},"fieldId":"100089"},{"type":"ContactFieldCriterion","id":"339174","condition":{"type":"TextValueCondition","operator":"notEqual","value":"glf.elq"},"fieldId":"100461"},{"type":"ContactFieldCriterion","id":"339176","condition":{"type":"TextSetCondition","operator":"notIn","optionListId":"22715","quickListString":"Bioportfolio,IFS,TA Literature Research,SQFI"},"fieldId":"100044"},{"type":"ContactFieldCriterion","id":"339187","condition":{"type":"DateValueCondition","operator":"withinLast","value":{"type":"RelativeDate","offset":"1","timePeriod":"day"}},"fieldId":"100049"},{"type":"ContactFieldCriterion","id":"386027","condition":{"type":"TextValueCondition","operator":"doesNotContain","value":"Welcome"},"fieldId":"100493"},{"type":"ContactFieldCriterion","id":"386028","condition":{"type":"TextValueCondition","operator":"doesNotContain","value":"Nurture"},"fieldId":"100493"},{"type":"ContactFieldCriterion","id":"386029","condition":{"type":"TextValueCondition","operator":"doesNotContain","value":"Dormant"},"fieldId":"100493"}],"scope":"local","statement":"339173 AND 339174 AND 339176 AND 339187 AND 386027 AND 386028 AND 386029"}},{"type":"ContactFilterSegmentElement","id":"22469","depth":"complete","count":"0","isIncluded":"false","lastCalculatedAt":"1523975769","filter":{"type":"ContactFilter","currentStatus":"Draft","id":"128654","createdAt":"1523975769","createdBy":"53","depth":"complete","folderId":"51","name":"GDPR Legitimate Interest","permissions":["Retrieve","SetSecurity","Delete","Update"],"updatedAt":"1524035748","updatedBy":"53","criteria":[{"type":"ContactFieldCriterion","id":"394754","condition":{"type":"TextValueCondition","operator":"notBlank"},"fieldId":"100045"},{"type":"ContactFieldCriterion","id":"394755","condition":{"type":"TextSetCondition","operator":"in","optionListId":"24439","quickListString":"Research & Development,Production and Processing,Quality Management,General Lab,Maintenance and Service,Facility Managemen,tPackaging and Filling,Receiving and Warehouse,Dealers and Distributors,Retail,Packaging and Filing"},"fieldId":"100084"},{"type":"ContactFieldCriterion","id":"394781","condition":{"type":"TextValueCondition","operator":"equal","value":"Engineering, Process Development and Scale-Up"},"fieldId":"100084"},{"type":"ContactFieldCriterion","id":"394782","condition":{"type":"TextValueCondition","operator":"equal","value":"Logistics, Shipping and Mail"},"fieldId":"100084"},{"type":"ContactFieldCriterion","id":"394783","condition":{"type":"TextValueCondition","operator":"equal","value":"IT / Information Technology"},"fieldId":"100084"},{"type":"ContactFieldCriterion","id":"394784","condition":{"type":"TextValueCondition","operator":"equal","value":"Procurement, Finance and Admin"},"fieldId":"100084"},{"type":"ContactFieldCriterion","id":"394785","condition":{"type":"TextValueCondition","operator":"equal","value":"Sales, Marketing and Merchandising"},"fieldId":"100084"}],"scope":"local","statement":"394754 AND (394755 OR 394781 OR 394782 OR 394783 OR 394784 OR 394785)"}}],"isStale":"True"}