{"type":"ContactSegment","currentStatus":"Draft","depth":"complete","folderId":"1463","name":"To reactivate contacts","permissions":["Retrieve","SetSecurity","Delete","Update"],"updatedAt":"1526377406","updatedBy":"66","elements":[{"type":"ContactFilterSegmentElement","id":"21262","depth":"complete","count":"0","isIncluded":"true","lastCalculatedAt":"1516284839","filter":{"type":"ContactFilter","currentStatus":"Draft","id":"127870","createdAt":"1516284839","createdBy":"66","depth":"complete","folderId":"51","name":"Filter Criteria 1","permissions":["Retrieve","SetSecurity","Delete","Update"],"updatedAt":"1526377406","updatedBy":"66","criteria":[{"type":"ContactFieldCriterion","id":"389725","condition":{"type":"TextValueCondition","operator":"equal","value":"country not covered"},"fieldId":"100090"},{"type":"ContactFieldCriterion","id":"389726","condition":{"type":"TextValueCondition","operator":"notEqual","value":"glf.elq"},"fieldId":"100461"}],"scope":"local","statement":"389725 AND 389726"}}],"isStale":"True"}