{"type":"ContactSegment","currentStatus":"Draft","depth":"complete","folderId":"1463","name":"Append_EmailAddress_Private_Quarterly","permissions":["Retrieve","SetSecurity","Delete","Update"],"updatedAt":"1528892601","updatedBy":"20","elements":[{"type":"ContactFilterSegmentElement","id":"9768","depth":"complete","count":"16202","isIncluded":"true","lastCalculatedAt":"1455797650","filter":{"type":"ContactFilter","currentStatus":"Draft","id":"121215","createdAt":"1455797649","createdBy":"20","depth":"complete","folderId":"51","name":"With Private Email Address","permissions":["Retrieve","SetSecurity","Delete","Update"],"updatedAt":"1528892601","updatedBy":"20","criteria":[{"type":"ContactFieldCriterion","id":"345567","condition":{"type":"TextValueCondition","operator":"equal","value":"Active"},"fieldId":"100089"},{"type":"ContactFieldCriterion","id":"345568","condition":{"type":"TextValueCondition","operator":"contains","value":"hotmail"},"fieldId":"100461"},{"type":"ContactFieldCriterion","id":"373231","condition":{"type":"TextValueCondition","operator":"contains","value":"gmail"},"fieldId":"100461"},{"type":"ContactFieldCriterion","id":"373232","condition":{"type":"TextValueCondition","operator":"contains","value":"yahoo"},"fieldId":"100461"},{"type":"ContactFieldCriterion","id":"373233","condition":{"type":"TextValueCondition","operator":"contains","value":"aol"},"fieldId":"100461"}],"scope":"local","statement":"345567 AND (345568 OR 373231 OR 373232 OR 373233)"}},{"type":"ContactFilterSegmentElement","id":"19864","depth":"complete","count":"0","isIncluded":"true","lastCalculatedAt":"1504251966","filter":{"type":"ContactFilter","currentStatus":"Draft","id":"126768","createdAt":"1504251966","createdBy":"20","depth":"complete","folderId":"51","name":"With generic email address","permissions":["Retrieve","SetSecurity","Delete","Update"],"updatedAt":"1528892601","updatedBy":"20","criteria":[{"type":"ContactFieldCriterion","id":"381871","condition":{"type":"TextValueCondition","operator":"equal","value":"Active"},"fieldId":"100089"},{"type":"ContactFieldCriterion","id":"381872","condition":{"type":"TextValueCondition","operator":"contains","value":"info"},"fieldId":"100001"},{"type":"ContactFieldCriterion","id":"381873","condition":{"type":"TextValueCondition","operator":"contains","value":"sales"},"fieldId":"100001"},{"type":"ContactFieldCriterion","id":"381874","condition":{"type":"TextValueCondition","operator":"contains","value":"marketing"},"fieldId":"100001"},{"type":"ContactFieldCriterion","id":"381875","condition":{"type":"TextValueCondition","operator":"contains","value":"venta"},"fieldId":"100001"}],"scope":"local","statement":"381871 AND (381872 OR 381873 OR 381874 OR 381875)"}},{"type":"ContactFilterSegmentElement","id":"20872","depth":"complete","count":"0","isIncluded":"false","lastCalculatedAt":"1512484083","filter":{"type":"ContactFilter","currentStatus":"Draft","id":"127588","createdAt":"1512484083","createdBy":"20","depth":"complete","folderId":"51","name":"Filter Criteria 1","permissions":["Retrieve","SetSecurity","Delete","Update"],"updatedAt":"1528892601","updatedBy":"20","criteria":[{"type":"LinkedCustomObjectCriterion","id":"388162","customObjectId":"320","fieldConditions":[{"type":"FieldCondition","id":"397245","condition":{"type":"DateValueCondition","operator":"withinLast","value":{"type":"RelativeDate","offset":"12","timePeriod":"month"}},"fieldId":"1037"}]}],"scope":"local","statement":"388162"}},{"type":"ContactListSegmentElement","id":"23150","depth":"complete","count":"0","isIncluded":"false","lastCalculatedAt":"1528892602","list":{"type":"ContactList","currentStatus":"active","id":"17663","createdAt":"1511767590","createdBy":"18","depth":"complete","folderId":"18149","name":"SYSTEM - GNF Cold Leads Send for Append","permissions":["Retrieve","SetSecurity","Delete","Update"],"updatedAt":"1530694713","updatedBy":"18","count":"18083","dataLookupId":"719182b6-0c0e-4eb6-ac06-099ea1127c7c","scope":"global"}},{"type":"ContactFilterSegmentElement","id":"23151","depth":"complete","count":"0","isIncluded":"false","lastCalculatedAt":"1528892602","filter":{"type":"ContactFilter","currentStatus":"Draft","id":"129040","createdAt":"1528892602","createdBy":"20","depth":"complete","folderId":"51","name":"Master_ID blank","permissions":["Retrieve","SetSecurity","Delete","Update"],"updatedAt":"1528892602","updatedBy":"20","criteria":[{"type":"ContactFieldCriterion","id":"397250","condition":{"type":"NumericValueCondition","operator":"less","value":"1"},"fieldId":"100087"}],"scope":"local","statement":"397250"}},{"type":"ContactFilterSegmentElement","id":"23152","depth":"complete","count":"0","isIncluded":"false","lastCalculatedAt":"1528892602","filter":{"type":"ContactFilter","currentStatus":"Draft","id":"129041","createdAt":"1528892602","createdBy":"20","depth":"complete","folderId":"51","name":"Filter Criteria 2","permissions":["Retrieve","SetSecurity","Delete","Update"],"updatedAt":"1528892602","updatedBy":"20","criteria":[{"type":"ContactFieldCriterion","id":"397251","condition":{"type":"TextSetCondition","operator":"in","optionListId":"24975","quickListString":"UK,Southern Europe,Western Europe,DACH,Nordic,Central Europe,Eastern Europe,Northern Europe"},"fieldId":"100068"},{"type":"ContactFieldCriterion","id":"397252","condition":{"type":"TextValueCondition","operator":"blank"},"fieldId":"100012"}],"scope":"local","statement":"397251 OR 397252"}}],"isStale":"True"}