{"type":"ContactSegment","currentStatus":"Draft","depth":"complete","folderId":"1463","name":"Append_IndustryCodesNonresponsives_Check_Quarterly","permissions":["Retrieve","SetSecurity","Delete","Update"],"updatedAt":"1522065509","updatedBy":"20","elements":[{"type":"ContactFilterSegmentElement","id":"18992","depth":"complete","count":"0","isIncluded":"true","lastCalculatedAt":"1497960717","filter":{"type":"ContactFilter","currentStatus":"Draft","id":"126189","createdAt":"1497960717","createdBy":"20","depth":"complete","folderId":"51","name":"Filter Criteria 4","permissions":["Retrieve","SetSecurity","Delete","Update"],"updatedAt":"1522065509","updatedBy":"20","criteria":[{"type":"ContactFieldCriterion","id":"377924","condition":{"type":"TextValueCondition","operator":"equal","value":"Active"},"fieldId":"100089"},{"type":"ContactFieldCriterion","id":"377925","condition":{"type":"TextValueCondition","operator":"notEqual","value":"glf.elq"},"fieldId":"100001"},{"type":"ContactFieldCriterion","id":"377928","condition":{"type":"TextValueCondition","operator":"notBlank"},"fieldId":"100045"},{"type":"ContactFieldCriterion","id":"377929","condition":{"type":"TextValueCondition","operator":"notBlank"},"fieldId":"100096"},{"type":"ContactFieldCriterion","id":"392048","condition":{"type":"TextValueCondition","operator":"endsWith","value":"6"},"fieldId":"100032"},{"type":"ContactFieldCriterion","id":"392049","condition":{"type":"TextValueCondition","operator":"endsWith","value":"7"},"fieldId":"100032"}],"scope":"local","statement":"377924 AND 377925 AND 377928 AND 377929 AND (392048 OR 392049)"}},{"type":"ContactFilterSegmentElement","id":"19245","depth":"complete","count":"0","isIncluded":"false","lastCalculatedAt":"1499337591","filter":{"type":"ContactFilter","currentStatus":"Draft","id":"126390","createdAt":"1499337591","createdBy":"20","depth":"complete","folderId":"51","name":"Filter Criteria 5","permissions":["Retrieve","SetSecurity","Delete","Update"],"updatedAt":"1522065509","updatedBy":"20","criteria":[{"type":"LinkedCustomObjectCriterion","id":"379057","customObjectId":"320","fieldConditions":[{"type":"FieldCondition","id":"380109","condition":{"type":"DateValueCondition","operator":"withinLast","value":{"type":"RelativeDate","offset":"12","timePeriod":"month"}},"fieldId":"1044"}]}],"scope":"local","statement":"379057"}},{"type":"ContactFilterSegmentElement","id":"19246","depth":"complete","count":"0","isIncluded":"false","lastCalculatedAt":"1499341837","filter":{"type":"ContactFilter","currentStatus":"Draft","id":"126392","createdAt":"1499341836","createdBy":"20","depth":"complete","folderId":"51","name":"Filter Criteria 6","permissions":["Retrieve","SetSecurity","Delete","Update"],"updatedAt":"1522065509","updatedBy":"20","criteria":[{"type":"LinkedCustomObjectCriterion","id":"379062","customObjectId":"320","fieldConditions":[{"type":"FieldCondition","id":"379061","condition":{"type":"DateValueCondition","operator":"withinLast","value":{"type":"RelativeDate","offset":"12","timePeriod":"month"}},"fieldId":"1043"}]}],"scope":"local","statement":"379062"}},{"type":"ContactFilterSegmentElement","id":"19431","depth":"complete","count":"0","isIncluded":"false","lastCalculatedAt":"1501138479","filter":{"type":"ContactFilter","currentStatus":"Draft","id":"126514","createdAt":"1501138479","createdBy":"20","depth":"complete","folderId":"51","name":"Filter Criteria 7","permissions":["Retrieve","SetSecurity","Delete","Update"],"updatedAt":"1522065509","updatedBy":"20","criteria":[{"type":"LinkedCustomObjectCriterion","id":"380111","customObjectId":"320","fieldConditions":[{"type":"FieldCondition","id":"380110","condition":{"type":"DateValueCondition","operator":"withinLast","value":{"type":"RelativeDate","offset":"12","timePeriod":"month"}},"fieldId":"1042"}]}],"scope":"local","statement":"380111"}},{"type":"ContactListSegmentElement","id":"21784","depth":"complete","count":"0","isIncluded":"false","lastCalculatedAt":"1518685087","list":{"type":"ContactList","currentStatus":"active","id":"17663","createdAt":"1511767590","createdBy":"18","depth":"complete","folderId":"18149","name":"SYSTEM - GNF Cold Leads Send for Append","permissions":["Retrieve","SetSecurity","Delete","Update"],"updatedAt":"1530694713","updatedBy":"18","count":"18083","dataLookupId":"719182b6-0c0e-4eb6-ac06-099ea1127c7c","scope":"global"}},{"type":"ContactFilterSegmentElement","id":"21787","depth":"complete","count":"0","isIncluded":"false","lastCalculatedAt":"1518686081","filter":{"type":"ContactFilter","currentStatus":"Draft","id":"128220","createdAt":"1518686080","createdBy":"20","depth":"complete","folderId":"51","name":"Filter Criteria 8","permissions":["Retrieve","SetSecurity","Delete","Update"],"updatedAt":"1522065509","updatedBy":"20","criteria":[{"type":"ContactFieldCriterion","id":"392053","condition":{"type":"NumericValueCondition","operator":"less","value":"1"},"fieldId":"100087"}],"scope":"local","statement":"392053"}}],"isStale":"True"}