{"type":"ContactSegment","currentStatus":"Draft","depth":"complete","folderId":"1463","name":"Contacts TRA Welcome","permissions":["Retrieve","SetSecurity","Delete","Update"],"updatedAt":"1491983548","updatedBy":"18","elements":[{"type":"ContactFilterSegmentElement","id":"7894","depth":"complete","count":"1752","isIncluded":"true","lastCalculatedAt":"1438772703","filter":{"type":"ContactFilter","currentStatus":"Draft","id":"119887","createdAt":"1438772701","createdBy":"18","depth":"complete","folderId":"51","name":"Contacts Received Welcome Emails","permissions":["Retrieve","SetSecurity","Delete","Update"],"updatedAt":"1491983549","updatedBy":"18","criteria":[{"type":"LinkedCustomObjectCriterion","id":"336333","customObjectId":"295","fieldConditions":[{"type":"FieldCondition","id":"367083","condition":{"type":"DateRangeCondition","end":{"type":"AbsoluteDate","seconds":"1483225140"},"operator":"between","start":{"type":"AbsoluteDate","seconds":"1475272800"}},"fieldId":"893"}]},{"type":"ContactFieldCriterion","id":"356406","condition":{"type":"TextValueCondition","operator":"equal","value":"Transport and Logistics"},"fieldId":"100045"}],"scope":"local","statement":"336333 AND 356406"}},{"type":"ContactFilterSegmentElement","id":"7895","depth":"complete","count":"95","isIncluded":"true","lastCalculatedAt":"1438772706","filter":{"type":"ContactFilter","currentStatus":"Draft","id":"119888","createdAt":"1438772703","createdBy":"18","depth":"complete","folderId":"51","name":"Leads TRA","permissions":["Retrieve","SetSecurity","Delete","Update"],"updatedAt":"1491983549","updatedBy":"18","criteria":[{"type":"ContactFieldCriterion","id":"336334","condition":{"type":"TextValueCondition","operator":"equal","value":"Transport and Logistics"},"fieldId":"100045"},{"type":"ContactFieldCriterion","id":"336335","condition":{"type":"DateRangeCondition","end":{"type":"AbsoluteDate","seconds":"1467323940"},"operator":"between","start":{"type":"AbsoluteDate","seconds":"1435701600"}},"fieldId":"100092"},{"type":"ContactFieldCriterion","id":"336336","condition":{"type":"TextValueCondition","operator":"equal","value":"Lead"},"fieldId":"100090"},{"type":"ContactFieldCriterion","id":"336337","condition":{"type":"DateRangeCondition","end":{"type":"AbsoluteDate","seconds":"1490997540"},"operator":"between","start":{"type":"AbsoluteDate","seconds":"1475272800"}},"fieldId":"100634"},{"type":"ContactFieldCriterion","id":"336339","condition":{"type":"TextValueCondition","operator":"equal","value":"eCDB_duplicate_1611"},"fieldId":"100090"},{"type":"ContactFieldCriterion","id":"336354","condition":{"type":"TextValueCondition","operator":"notEqual","value":"glf.elq"},"fieldId":"100461"},{"type":"ContactFieldCriterion","id":"374468","condition":{"type":"TextValueCondition","operator":"equal","value":"eCDB_duplicate_1703"},"fieldId":"100090"}],"scope":"local","statement":"336334 AND 336335 AND 336354 AND ((336336 AND 336337) OR 374468 AND 336339)"}},{"type":"ContactFilterSegmentElement","id":"7896","depth":"complete","count":"18969","isIncluded":"true","lastCalculatedAt":"1438772709","filter":{"type":"ContactFilter","currentStatus":"Draft","id":"119889","createdAt":"1438772706","createdBy":"18","depth":"complete","folderId":"51","name":"# contacts TRA","permissions":["Retrieve","SetSecurity","Delete","Update"],"updatedAt":"1491983549","updatedBy":"18","criteria":[{"type":"ContactFieldCriterion","id":"336340","condition":{"type":"TextValueCondition","operator":"equal","value":"Transport and Logistics"},"fieldId":"100045"},{"type":"ContactFieldCriterion","id":"336341","condition":{"type":"DateRangeCondition","end":{"type":"AbsoluteDate","seconds":"1467323940"},"operator":"between","start":{"type":"AbsoluteDate","seconds":"1435701600"}},"fieldId":"100092"},{"type":"ContactFieldCriterion","id":"336355","condition":{"type":"TextValueCondition","operator":"notEqual","value":"glf.elq"},"fieldId":"100461"}],"scope":"local","statement":"336340 AND 336341 AND 336355"}},{"type":"ContactListSegmentElement","id":"14942","depth":"complete","count":"0","isIncluded":"true","lastCalculatedAt":"1484142821","list":{"type":"ContactList","currentStatus":"active","id":"12360","createdAt":"1484142796","createdBy":"20","depth":"complete","description":"Result from trimming filter # contacts TRA with 1 element","folderId":"48","name":"Contacts not through welc","permissions":["Retrieve","SetSecurity","Delete","Update"],"updatedAt":"1491983549","updatedBy":"18","count":"11764","dataLookupId":"989f2f08-29f4-4150-816f-b26a7ce3c9ac","scope":"local"}},{"type":"ContactListSegmentElement","id":"14943","depth":"complete","count":"0","isIncluded":"true","lastCalculatedAt":"1484142821","list":{"type":"ContactList","currentStatus":"active","id":"12361","createdAt":"1484142805","createdBy":"20","depth":"complete","description":"Result from trimming filter Leads TRA with 1 element","folderId":"48","name":"Leads not through welc","permissions":["Retrieve","SetSecurity","Delete","Update"],"updatedAt":"1491983549","updatedBy":"18","count":"58","dataLookupId":"5f2d157c-d135-49c4-80c0-03206d402ac0","scope":"local"}}],"isStale":"True"}