{"type":"ContactSegment","currentStatus":"Draft","depth":"complete","folderId":"1463","name":"Alexandra_Control Print Academia Life Science Original","permissions":["Retrieve","SetSecurity","Delete","Update"],"updatedAt":"1521648605","updatedBy":"20","elements":[{"type":"ContactFilterSegmentElement","id":"22042","depth":"complete","count":"0","isIncluded":"true","lastCalculatedAt":"1521648026","filter":{"type":"ContactFilter","currentStatus":"Draft","id":"127850","createdAt":"1516271667","createdBy":"20","depth":"complete","folderId":"18341","name":"Mailer1804 - LAB Academia Life Science Mailer General","permissions":["Retrieve","SetSecurity","Delete","Update"],"updatedAt":"1523546296","updatedBy":"20","criteria":[{"type":"ContactFieldCriterion","id":"389598","condition":{"type":"TextValueCondition","operator":"equal","value":"Academia, Sciences & Education"},"fieldId":"100045"},{"type":"ContactFieldCriterion","id":"389599","condition":{"type":"TextValueCondition","operator":"contains","value":"chemistry"},"fieldId":"100168"},{"type":"ContactFieldCriterion","id":"389600","condition":{"type":"TextValueCondition","operator":"doesNotContain","value":"LAB Academia Chemistry Physics Mailer"},"fieldId":"100782"},{"type":"ContactFieldCriterion","id":"389729","condition":{"type":"TextSetCondition","operator":"in","optionListId":"24369","quickListString":"General Lab,Research & Development,Quality Management"},"fieldId":"100084"},{"type":"ContactFieldCriterion","id":"389730","condition":{"type":"TextValueCondition","operator":"blank"},"fieldId":"100084"}],"scope":"global","statement":"389598 AND (389729 OR 389730) AND 389599 AND 389600"}},{"type":"ContactFilterSegmentElement","id":"22043","depth":"complete","count":"0","isIncluded":"true","lastCalculatedAt":"1521648027","filter":{"type":"ContactFilter","currentStatus":"Draft","id":"128384","createdAt":"1521648026","createdBy":"20","depth":"complete","folderId":"51","name":"Copy of SYSTEM - Feeder Printed Mailers_Contacts 1","permissions":["Retrieve","SetSecurity","Delete","Update"],"updatedAt":"1521648605","updatedBy":"20","criteria":[{"type":"ContactFieldCriterion","id":"392939","condition":{"type":"NumericValueCondition","operator":"notBlank","value":""},"fieldId":"100087"},{"type":"ContactFieldCriterion","id":"392940","condition":{"type":"TextValueCondition","operator":"equal","value":"active"},"fieldId":"100089"},{"type":"ContactFieldCriterion","id":"392941","condition":{"type":"TextValueCondition","operator":"notBlank"},"fieldId":"100003"},{"type":"ContactFieldCriterion","id":"392942","condition":{"type":"TextValueCondition","operator":"notBlank"},"fieldId":"100006"},{"type":"ContactFieldCriterion","id":"392943","condition":{"type":"TextValueCondition","operator":"notBlank"},"fieldId":"100095"},{"type":"ContactFieldCriterion","id":"392944","condition":{"type":"TextValueCondition","operator":"blank"},"fieldId":"100491"},{"type":"ContactFieldCriterion","id":"392945","condition":{"type":"TextValueCondition","operator":"notBlank"},"fieldId":"100011"},{"type":"ContactFieldCriterion","id":"392946","condition":{"type":"TextValueCondition","operator":"notBlank"},"fieldId":"100009"},{"type":"ContactFieldCriterion","id":"392947","condition":{"type":"TextSetCondition","operator":"in","optionListId":"24133","quickListString":"Australia,Austria,Belgium,Brazil,Canada,China,Croatia,Czech Republic,Denmark,France,Germany,Hungary,India,Indonesia,Ireland,Italy,Japan,Malaysia,Mexico,New Zealand,Norway,Philippines,Poland,Portugal,Russia,Singapore,Slovakia,Slovenia,South Korea,Spain,Sweden,Switzerland,Taiwan,Thailand,The Netherlands,Turkey,United Kingdom,USA,Vietnam"},"fieldId":"100012"},{"type":"ContactFieldCriterion","id":"392948","condition":{"type":"TextSetCondition","operator":"in","optionListId":"24134","quickListString":"Blocked DACH Email,CASL Canada"},"fieldId":"100090"},{"type":"ContactFieldCriterion","id":"392949","condition":{"type":"DateValueCondition","operator":"withinLast","value":{"type":"RelativeDate","offset":"24","timePeriod":"month"}},"fieldId":"100092"},{"type":"ContactFieldCriterion","id":"392950","condition":{"type":"TextValueCondition","operator":"equal","value":"glf.elq"},"fieldId":"100461"},{"type":"EmailOpenCriterion","id":"392951","activityRestriction":{"type":"NumericValueCondition","operator":"notLess","value":"1"},"timeRestriction":{"type":"DateValueCondition","operator":"withinLast","value":{"type":"RelativeDate","offset":"24","timePeriod":"month"}}},{"type":"EmailClickThroughCriterion","id":"392952","activityRestriction":{"type":"NumericValueCondition","operator":"notLess","value":"1"},"timeRestriction":{"type":"DateValueCondition","operator":"withinLast","value":{"type":"RelativeDate","offset":"24","timePeriod":"month"}}}],"scope":"local","statement":"392939 AND (392950 OR 392951 OR 392952) AND 392949 AND (392940 OR 392948) AND 392941 AND (392942 OR 392943) AND 392944 AND 392945 AND 392946 AND 392947"}},{"type":"ContactFilterSegmentElement","id":"22044","depth":"complete","count":"0","isIncluded":"false","lastCalculatedAt":"1521648027","filter":{"type":"ContactFilter","currentStatus":"Draft","id":"119183","createdAt":"1430113229","createdBy":"18","depth":"complete","folderId":"5821","name":"Printed Mailers - Remove unwanted selected for campaign","permissions":["Retrieve","SetSecurity","Delete","Update"],"updatedAt":"1526461068","updatedBy":"20","criteria":[{"type":"ContactFieldCriterion","id":"331856","condition":{"type":"TextSetCondition","operator":"in","optionListId":"24760","quickListString":"3rd party,low potential,Dormant"},"fieldId":"100493"},{"type":"ContactFieldCriterion","id":"392985","condition":{"type":"TextValueCondition","operator":"contains","value":"Dormant"},"fieldId":"100493"},{"type":"ContactFieldCriterion","id":"396066","condition":{"type":"TextValueCondition","operator":"equal","value":"SST Validation"},"fieldId":"100493"}],"scope":"global","statement":"331856 OR 392985 OR 396066"}},{"type":"ContactFilterSegmentElement","id":"22045","depth":"complete","count":"0","isIncluded":"false","lastCalculatedAt":"1521648027","filter":{"type":"ContactFilter","currentStatus":"Draft","id":"128385","createdAt":"1521648027","createdBy":"20","depth":"complete","folderId":"51","name":"Filter Criteria 1","permissions":["Retrieve","SetSecurity","Delete","Update"],"updatedAt":"1521648605","updatedBy":"20","criteria":[{"type":"ContactFieldCriterion","id":"392953","condition":{"type":"TextValueCondition","operator":"equal","value":"Bioportfolio"},"fieldId":"100044"}],"scope":"local","statement":"392953"}},{"type":"ContactFilterSegmentElement","id":"22046","depth":"complete","count":"0","isIncluded":"false","lastCalculatedAt":"1521648027","filter":{"type":"ContactFilter","currentStatus":"Draft","id":"121761","createdAt":"1458835916","createdBy":"18","depth":"complete","folderId":"5821","name":"Printed Mailer - Non relevant workplaces","permissions":["Retrieve","SetSecurity","Delete","Update"],"updatedAt":"1526461068","updatedBy":"20","criteria":[{"type":"ContactFieldCriterion","id":"349578","condition":{"type":"TextValueCondition","operator":"equal","value":"Dealers and distributors"},"fieldId":"100084"},{"type":"ContactFieldCriterion","id":"349579","condition":{"type":"TextValueCondition","operator":"equal","value":"IT / Information Technology"},"fieldId":"100084"},{"type":"ContactFieldCriterion","id":"349580","condition":{"type":"TextValueCondition","operator":"equal","value":"Others"},"fieldId":"100084"},{"type":"ContactFieldCriterion","id":"349581","condition":{"type":"TextValueCondition","operator":"equal","value":"Retail"},"fieldId":"100084"},{"type":"ContactFieldCriterion","id":"349582","condition":{"type":"TextValueCondition","operator":"equal","value":"Sales, Marketing and Merchandising"},"fieldId":"100084"}],"scope":"global","statement":"349578 OR 349579 OR 349580 OR 349581 OR 349582"}},{"type":"ContactFilterSegmentElement","id":"22047","depth":"complete","count":"0","isIncluded":"false","lastCalculatedAt":"1521648027","filter":{"type":"ContactFilter","currentStatus":"Draft","id":"121529","createdAt":"1458629045","createdBy":"18","depth":"complete","folderId":"5821","name":"Printed Mailers - Prospects for Newsletters","permissions":["Retrieve","SetSecurity","Delete","Update"],"updatedAt":"1526461068","updatedBy":"20","criteria":[{"type":"ContactFieldCriterion","id":"347614","condition":{"type":"TextValueCondition","operator":"equal","value":"glf.elq"},"fieldId":"100461"},{"type":"ContactFieldCriterion","id":"347615","condition":{"type":"TextValueCondition","operator":"blank"},"fieldId":"100464"},{"type":"ContactFieldCriterion","id":"347616","condition":{"type":"TextValueCondition","operator":"blank"},"fieldId":"100465"},{"type":"ContactFieldCriterion","id":"347617","condition":{"type":"TextValueCondition","operator":"blank"},"fieldId":"100467"},{"type":"ContactFieldCriterion","id":"347618","condition":{"type":"TextValueCondition","operator":"blank"},"fieldId":"100469"},{"type":"ContactFieldCriterion","id":"347619","condition":{"type":"TextValueCondition","operator":"blank"},"fieldId":"100466"},{"type":"ContactFieldCriterion","id":"347620","condition":{"type":"TextValueCondition","operator":"blank"},"fieldId":"100470"},{"type":"ContactFieldCriterion","id":"347621","condition":{"type":"TextValueCondition","operator":"blank"},"fieldId":"100468"},{"type":"ContactFieldCriterion","id":"347622","condition":{"type":"TextValueCondition","operator":"blank"},"fieldId":"100631"}],"scope":"global","statement":"347614 AND 347615 AND 347616 AND 347617 AND 347618 AND 347619 AND 347620 AND 347621 AND 347622"}},{"type":"ContactFilterSegmentElement","id":"22048","depth":"complete","count":"0","isIncluded":"false","lastCalculatedAt":"1521648027","filter":{"type":"ContactFilter","currentStatus":"Draft","id":"128386","createdAt":"1521648027","createdBy":"20","depth":"complete","folderId":"51","name":"Copy of SYSTEM - Remove unwanted Functions 1","permissions":["Retrieve","SetSecurity","Delete","Update"],"updatedAt":"1521648605","updatedBy":"20","criteria":[{"type":"ContactFieldCriterion","id":"392954","condition":{"type":"TextValueCondition","operator":"contains","value":"marketing"},"fieldId":"100048"},{"type":"ContactFieldCriterion","id":"392955","condition":{"type":"TextValueCondition","operator":"contains","value":"sales"},"fieldId":"100048"},{"type":"ContactFieldCriterion","id":"392956","condition":{"type":"TextValueCondition","operator":"contains","value":"adminis"},"fieldId":"100048"},{"type":"ContactFieldCriterion","id":"392957","condition":{"type":"TextValueCondition","operator":"contains","value":"human resources"},"fieldId":"100048"},{"type":"ContactFieldCriterion","id":"392958","condition":{"type":"TextValueCondition","operator":"contains","value":"hr"},"fieldId":"100048"},{"type":"ContactFieldCriterion","id":"392959","condition":{"type":"TextValueCondition","operator":"contains","value":"controller"},"fieldId":"100048"},{"type":"ContactFieldCriterion","id":"392960","condition":{"type":"TextValueCondition","operator":"contains","value":"CFO"},"fieldId":"100048"},{"type":"ContactFieldCriterion","id":"392961","condition":{"type":"TextValueCondition","operator":"contains","value":"finance"},"fieldId":"100048"},{"type":"ContactFieldCriterion","id":"392962","condition":{"type":"TextValueCondition","operator":"contains","value":"secretary"},"fieldId":"100048"}],"scope":"local","statement":"392954 OR 392955 OR 392956 OR 392957 OR 392958 OR 392959 OR 392960 OR 392961 OR 392962"}},{"type":"ContactFilterSegmentElement","id":"22049","depth":"complete","count":"0","isIncluded":"false","lastCalculatedAt":"1521648027","filter":{"type":"ContactFilter","currentStatus":"Draft","id":"128387","createdAt":"1521648027","createdBy":"20","depth":"complete","folderId":"51","name":"Filter Criteria 2","permissions":["Retrieve","SetSecurity","Delete","Update"],"updatedAt":"1521648605","updatedBy":"20","criteria":[{"type":"ContactFieldCriterion","id":"392963","condition":{"type":"TextValueCondition","operator":"contains","value":"TA Card"},"fieldId":"100803"},{"type":"ContactFieldCriterion","id":"392964","condition":{"type":"TextValueCondition","operator":"contains","value":"AutoChem"},"fieldId":"100803"}],"scope":"local","statement":"392963 OR 392964"}},{"type":"ContactFilterSegmentElement","id":"22050","depth":"complete","count":"0","isIncluded":"false","lastCalculatedAt":"1521648027","filter":{"type":"ContactFilter","currentStatus":"Draft","id":"128388","createdAt":"1521648027","createdBy":"20","depth":"complete","folderId":"51","name":"Copy of Printed Mailers - No mailer 2013 - 2015 1","permissions":["Retrieve","SetSecurity","Delete","Update"],"updatedAt":"1521648605","updatedBy":"20","criteria":[{"type":"ContactFieldCriterion","id":"392965","condition":{"type":"TextValueCondition","operator":"notBlank"},"fieldId":"100054"},{"type":"ContactFieldCriterion","id":"392966","condition":{"type":"TextValueCondition","operator":"notBlank"},"fieldId":"100057"},{"type":"ContactFieldCriterion","id":"392967","condition":{"type":"TextValueCondition","operator":"notBlank"},"fieldId":"100695"},{"type":"ContactFieldCriterion","id":"392968","condition":{"type":"TextValueCondition","operator":"notBlank"},"fieldId":"100696"},{"type":"ContactFieldCriterion","id":"392969","condition":{"type":"TextValueCondition","operator":"notBlank"},"fieldId":"100697"},{"type":"ContactFieldCriterion","id":"392970","condition":{"type":"TextValueCondition","operator":"notBlank"},"fieldId":"100698"},{"type":"ContactFieldCriterion","id":"392971","condition":{"type":"TextValueCondition","operator":"notBlank"},"fieldId":"100699"},{"type":"ContactFieldCriterion","id":"392972","condition":{"type":"TextValueCondition","operator":"notBlank"},"fieldId":"100700"},{"type":"ContactFieldCriterion","id":"392973","condition":{"type":"TextValueCondition","operator":"notBlank"},"fieldId":"100701"},{"type":"ContactFieldCriterion","id":"392974","condition":{"type":"TextValueCondition","operator":"notBlank"},"fieldId":"100702"},{"type":"ContactFieldCriterion","id":"392975","condition":{"type":"TextValueCondition","operator":"notBlank"},"fieldId":"100703"},{"type":"ContactFieldCriterion","id":"392976","condition":{"type":"TextValueCondition","operator":"notBlank"},"fieldId":"100704"}],"scope":"local","statement":"392965 OR 392966 OR 392967 OR 392968 OR 392969 OR 392970 OR 392971 OR 392972 OR 392973 OR 392974 OR 392975 OR 392976"}},{"type":"ContactFilterSegmentElement","id":"22051","depth":"complete","count":"0","isIncluded":"false","lastCalculatedAt":"1521648028","filter":{"type":"ContactFilter","currentStatus":"Draft","id":"128389","createdAt":"1521648027","createdBy":"20","depth":"complete","folderId":"51","name":"Copy of Printed Mailers - No mailer 2016 - 2018 1","permissions":["Retrieve","SetSecurity","Delete","Update"],"updatedAt":"1521648605","updatedBy":"20","criteria":[{"type":"ContactFieldCriterion","id":"392977","condition":{"type":"TextValueCondition","operator":"notBlank"},"fieldId":"100705"},{"type":"ContactFieldCriterion","id":"392978","condition":{"type":"TextValueCondition","operator":"notBlank"},"fieldId":"100706"},{"type":"ContactFieldCriterion","id":"392979","condition":{"type":"TextValueCondition","operator":"notBlank"},"fieldId":"100776"},{"type":"ContactFieldCriterion","id":"392980","condition":{"type":"TextValueCondition","operator":"notBlank"},"fieldId":"100777"},{"type":"ContactFieldCriterion","id":"392981","condition":{"type":"TextValueCondition","operator":"notBlank"},"fieldId":"100779"},{"type":"ContactFieldCriterion","id":"392982","condition":{"type":"TextValueCondition","operator":"notBlank"},"fieldId":"100780"},{"type":"ContactFieldCriterion","id":"392983","condition":{"type":"TextValueCondition","operator":"notBlank"},"fieldId":"100781"},{"type":"ContactFieldCriterion","id":"392984","condition":{"type":"TextValueCondition","operator":"notBlank"},"fieldId":"100782"},{"type":"ContactFieldCriterion","id":"392986","condition":{"type":"TextValueCondition","operator":"notBlank"},"fieldId":"100784"},{"type":"ContactFieldCriterion","id":"392987","condition":{"type":"TextValueCondition","operator":"notBlank"},"fieldId":"100785"}],"scope":"local","statement":"392977 OR 392978 OR 392979 OR 392980 OR 392981 OR 392982 OR 392983 OR 392984 OR 392986 OR 392987"}},{"type":"ContactFilterSegmentElement","id":"22052","depth":"complete","count":"0","isIncluded":"false","lastCalculatedAt":"1521648028","filter":{"type":"ContactFilter","currentStatus":"Draft","id":"121948","createdAt":"1460624148","createdBy":"18","depth":"complete","folderId":"13987","name":"Printed Mailers - AAE Non LAB Check","permissions":["Retrieve","SetSecurity","Delete","Update"],"updatedAt":"1526461069","updatedBy":"20","criteria":[{"type":"ContactFieldCriterion","id":"350591","condition":{"type":"TextValueCondition","operator":"blank"},"fieldId":"100467"},{"type":"ContactFieldCriterion","id":"350592","condition":{"type":"TextValueCondition","operator":"blank"},"fieldId":"100469"},{"type":"ContactFieldCriterion","id":"350593","condition":{"type":"TextValueCondition","operator":"blank"},"fieldId":"100465"},{"type":"ContactFieldCriterion","id":"350594","condition":{"type":"TextValueCondition","operator":"blank"},"fieldId":"100464"},{"type":"ContactFieldCriterion","id":"350595","condition":{"type":"TextValueCondition","operator":"equal","value":"1"},"fieldId":"100466"},{"type":"ContactFieldCriterion","id":"350596","condition":{"type":"TextValueCondition","operator":"equal","value":"1"},"fieldId":"100631"},{"type":"ContactFieldCriterion","id":"350597","condition":{"type":"TextValueCondition","operator":"equal","value":"1"},"fieldId":"100470"},{"type":"ContactFieldCriterion","id":"350598","condition":{"type":"TextValueCondition","operator":"equal","value":"1"},"fieldId":"100468"},{"type":"ContactFieldCriterion","id":"350603","condition":{"type":"TextSetCondition","operator":"notIn","optionListId":"24761","quickListString":"General Lab,Research & Development"},"fieldId":"100084"}],"scope":"global","statement":"350591 AND 350592 AND 350593 AND 350594 AND 350603 AND (350595 OR 350596 OR 350597 OR 350598)"}}],"isStale":"True"}