{"type":"ContactSegment","currentStatus":"Draft","depth":"complete","folderId":"1463","name":"FSX_CQX_PQX_FormSubmits","permissions":["Retrieve","SetSecurity","Delete","Update"],"updatedAt":"1529302715","updatedBy":"56","elements":[{"type":"ContactFilterSegmentElement","id":"11923","depth":"complete","count":"6","isIncluded":"true","lastCalculatedAt":"1467716404","filter":{"type":"ContactFilter","currentStatus":"Draft","id":"122582","createdAt":"1467716403","createdBy":"55","depth":"complete","folderId":"51","name":"Filter Criteria 1","permissions":["Retrieve","SetSecurity","Delete","Update"],"updatedAt":"1529302715","updatedBy":"56","criteria":[{"type":"FormSubmitCriterion","id":"365390","activityRestriction":{"type":"NumericValueCondition","operator":"notLess","value":"1"},"timeRestriction":{"type":"DateRangeCondition","end":{"type":"AbsoluteDate","seconds":"1529186340"},"operator":"between","start":{"type":"AbsoluteDate","seconds":"1522533600"}},"formIds":["1169"]},{"type":"EmailSentCriterion","id":"375682","activityRestriction":{"type":"NumericValueCondition","operator":"notLess","value":"1"},"timeRestriction":{"type":"DateRangeCondition","end":{"type":"AbsoluteDate","seconds":"1529186340"},"operator":"between","start":{"type":"AbsoluteDate","seconds":"1522533600"}},"emailIds":["34544"]}],"scope":"local","statement":"365390 AND 375682"}}],"isStale":"True"}