{"type":"ContactSegment","currentStatus":"Draft","depth":"complete","folderId":"1463","name":"Append_IndustryCodes_Check_Quarterly","permissions":["Retrieve","SetSecurity","Delete","Update"],"updatedAt":"1507729572","updatedBy":"20","elements":[{"type":"ContactFilterSegmentElement","id":"13325","depth":"complete","count":"993","isIncluded":"true","lastCalculatedAt":"1474961853","filter":{"type":"ContactFilter","currentStatus":"Draft","id":"123405","createdAt":"1474961853","createdBy":"20","depth":"complete","folderId":"51","name":"AAE,TLH,RAW,CHE","permissions":["Retrieve","SetSecurity","Delete","Update"],"updatedAt":"1507729572","updatedBy":"20","criteria":[{"type":"ContactFieldCriterion","id":"360241","condition":{"type":"TextValueCondition","operator":"equal","value":"Active"},"fieldId":"100089"},{"type":"ContactFieldCriterion","id":"360245","condition":{"type":"TextValueCondition","operator":"equal","value":"Academia, Sciences & Education"},"fieldId":"100045"},{"type":"ContactFieldCriterion","id":"360246","condition":{"type":"TextSetCondition","operator":"notIn","optionListId":"18145","quickListString":"Academia and Science,Education & Teaching"},"fieldId":"100096"},{"type":"ContactFieldCriterion","id":"360247","condition":{"type":"TextValueCondition","operator":"notBlank"},"fieldId":"100096"},{"type":"ContactFieldCriterion","id":"360260","condition":{"type":"TextValueCondition","operator":"equal","value":"Testing Labs and Health Institutes"},"fieldId":"100045"},{"type":"ContactFieldCriterion","id":"360261","condition":{"type":"TextSetCondition","operator":"notIn","optionListId":"18148","quickListString":"Testing Laboratories,Contract Research Organizations,Legal Metrology,National Institute of Health,Forensic Labs,Hospitals/Clinic"},"fieldId":"100096"},{"type":"ContactFieldCriterion","id":"360262","condition":{"type":"TextValueCondition","operator":"notEqual","value":"Standards, Legislation and Regulatory Bodies"},"fieldId":"100096"},{"type":"ContactFieldCriterion","id":"360263","condition":{"type":"TextValueCondition","operator":"equal","value":"Raw and Precious Materials"},"fieldId":"100045"},{"type":"ContactFieldCriterion","id":"360264","condition":{"type":"TextSetCondition","operator":"notIn","optionListId":"18149","quickListString":"Rubber,Metals and Mining,Aggregates"},"fieldId":"100096"},{"type":"ContactFieldCriterion","id":"360265","condition":{"type":"TextValueCondition","operator":"notEqual","value":"Glass, Ceramic and Stone"},"fieldId":"100096"},{"type":"ContactFieldCriterion","id":"360266","condition":{"type":"TextValueCondition","operator":"equal","value":"Chemical"},"fieldId":"100045"},{"type":"ContactFieldCriterion","id":"360267","condition":{"type":"TextSetCondition","operator":"notIn","optionListId":"18150","quickListString":"Fine and Specialty Chemicals,Bulk and Intermediate Chemicals,Refining and Petrochemicals,Polymers and Plastics"},"fieldId":"100096"},{"type":"ContactFieldCriterion","id":"360268","condition":{"type":"TextValueCondition","operator":"notEqual","value":"Dyes, Pigments and Inks"},"fieldId":"100096"}],"scope":"local","statement":"360241 AND ((360245 AND 360246) OR (360263 AND 360264 AND 360265) OR (360266 AND 360267 AND 360268) OR (360260 AND 360261 AND 360262)) AND 360247"}},{"type":"ContactFilterSegmentElement","id":"13329","depth":"complete","count":"2516","isIncluded":"true","lastCalculatedAt":"1474968696","filter":{"type":"ContactFilter","currentStatus":"Draft","id":"123408","createdAt":"1474968696","createdBy":"20","depth":"complete","folderId":"51","name":"FAB,PAB,MPE","permissions":["Retrieve","SetSecurity","Delete","Update"],"updatedAt":"1507729573","updatedBy":"20","criteria":[{"type":"ContactFieldCriterion","id":"360269","condition":{"type":"TextValueCondition","operator":"equal","value":"Active"},"fieldId":"100089"},{"type":"ContactFieldCriterion","id":"360270","condition":{"type":"TextValueCondition","operator":"notBlank"},"fieldId":"100096"},{"type":"ContactFieldCriterion","id":"360271","condition":{"type":"TextValueCondition","operator":"equal","value":"Food and Beverage"},"fieldId":"100045"},{"type":"ContactFieldCriterion","id":"360272","condition":{"type":"TextSetCondition","operator":"notIn","optionListId":"18151","quickListString":"Ready Meals,Dairy,Bakery and Confectionery,Water and Other Non-Alcoholic Beverages,Oil and Fats,Pet Food and Animal Feed"},"fieldId":"100096"},{"type":"ContactFieldCriterion","id":"360273","condition":{"type":"TextValueCondition","operator":"notEqual","value":"Meat, Poultry and Seafood"},"fieldId":"100096"},{"type":"ContactFieldCriterion","id":"360274","condition":{"type":"TextValueCondition","operator":"notEqual","value":"Beer, Wine and Other Alcoholic Beverages"},"fieldId":"100096"},{"type":"ContactFieldCriterion","id":"360275","condition":{"type":"TextValueCondition","operator":"notEqual","value":"Sugar, Starch and Yeast"},"fieldId":"100096"},{"type":"ContactFieldCriterion","id":"360276","condition":{"type":"TextValueCondition","operator":"notEqual","value":"Agriculture, Bulk Foods and Biofuel"},"fieldId":"100096"},{"type":"ContactFieldCriterion","id":"360277","condition":{"type":"TextValueCondition","operator":"equal","value":"Pharma and Biotechnology"},"fieldId":"100045"},{"type":"ContactFieldCriterion","id":"360278","condition":{"type":"TextSetCondition","operator":"notIn","optionListId":"18152","quickListString":"Pharma,Biotechnology,Cosmetics,Food Additives"},"fieldId":"100096"},{"type":"ContactFieldCriterion","id":"360279","condition":{"type":"TextValueCondition","operator":"equal","value":"Metal, Plastic and Electronics Components"},"fieldId":"100045"},{"type":"ContactFieldCriterion","id":"360280","condition":{"type":"TextSetCondition","operator":"notIn","optionListId":"18153","quickListString":"Metal Components,Plastic Components,Electronics and Electromechanical Devices"},"fieldId":"100096"},{"type":"ContactFieldCriterion","id":"360281","condition":{"type":"TextValueCondition","operator":"notEqual","value":"Automotive, Aerospace & Transport Equipment"},"fieldId":"100096"}],"scope":"local","statement":"360269 AND 360270 AND ((360271 AND 360272 AND 360273 AND 360274 AND 360275 AND 360276) OR (360277 AND 360278) OR (360279 AND 360280 AND 360281))"}},{"type":"ContactFilterSegmentElement","id":"13331","depth":"complete","count":"2207","isIncluded":"true","lastCalculatedAt":"1474969099","filter":{"type":"ContactFilter","currentStatus":"Draft","id":"123410","createdAt":"1474969099","createdBy":"20","depth":"complete","folderId":"51","name":"PPT,EME,UTM,RET,TRA","permissions":["Retrieve","SetSecurity","Delete","Update"],"updatedAt":"1507729573","updatedBy":"20","criteria":[{"type":"ContactFieldCriterion","id":"360284","condition":{"type":"TextValueCondition","operator":"equal","value":"Active"},"fieldId":"100089"},{"type":"ContactFieldCriterion","id":"360285","condition":{"type":"TextValueCondition","operator":"notBlank"},"fieldId":"100096"},{"type":"ContactFieldCriterion","id":"360286","condition":{"type":"TextValueCondition","operator":"equal","value":"Pulp, Paper and Textile"},"fieldId":"100045"},{"type":"ContactFieldCriterion","id":"360287","condition":{"type":"TextSetCondition","operator":"notIn","optionListId":"18154","quickListString":"Pulp and Paper and Forest Products,Textile"},"fieldId":"100096"},{"type":"ContactFieldCriterion","id":"360288","condition":{"type":"TextValueCondition","operator":"equal","value":"Engineering, Machinery & Equipment Manufacturing"},"fieldId":"100045"},{"type":"ContactFieldCriterion","id":"360289","condition":{"type":"TextSetCondition","operator":"notIn","optionListId":"18155","quickListString":"Systems and Equipment for Process Control,Equipment for Fermenters and Bioreactors,Equipment for Water Systems,Other Systems for Liquid Processing,Machinery for Manufacturing and Assembly,Machinery for Packaging and Filling,Machinery for Transportation and Logistics,Machinery for Laboratory Automation"},"fieldId":"100096"},{"type":"ContactFieldCriterion","id":"360290","condition":{"type":"TextValueCondition","operator":"notEqual","value":"Engineering, Procurement & Construction"},"fieldId":"100096"},{"type":"ContactFieldCriterion","id":"360291","condition":{"type":"TextValueCondition","operator":"equal","value":"Transport and Logistics"},"fieldId":"100045"},{"type":"ContactFieldCriterion","id":"360292","condition":{"type":"TextSetCondition","operator":"notIn","optionListId":"18156","quickListString":"Parcel Express,Freight and LTL,Air Cargo,Shipping and Mailing,Distribution Centers,Road Systems"},"fieldId":"100096"},{"type":"ContactFieldCriterion","id":"360293","condition":{"type":"TextValueCondition","operator":"equal","value":"Utilities and Municipalities"},"fieldId":"100045"},{"type":"ContactFieldCriterion","id":"360294","condition":{"type":"TextSetCondition","operator":"notIn","optionListId":"18157","quickListString":"Water Utilities,Power Generation,Waste Management"},"fieldId":"100096"},{"type":"ContactFieldCriterion","id":"360295","condition":{"type":"TextValueCondition","operator":"equal","value":"Retail"},"fieldId":"100045"},{"type":"ContactFieldCriterion","id":"360296","condition":{"type":"TextSetCondition","operator":"notIn","optionListId":"18158","quickListString":"Retail chains,Specialty Chains,Small Shops,Open Markets,Pharmacy"},"fieldId":"100096"}],"scope":"local","statement":"360284 AND 360285 AND ((360286 AND 360287) OR (360288 AND 360289 AND 360290) OR (360291 AND 360292) OR (360293 AND 360294) OR (360295 AND 360296))"}},{"type":"ContactFilterSegmentElement","id":"14987","depth":"complete","count":"4","isIncluded":"false","lastCalculatedAt":"1484670428","filter":{"type":"ContactFilter","currentStatus":"Draft","id":"124393","createdAt":"1484670428","createdBy":"20","depth":"complete","folderId":"51","name":"Filter Criteria 1","permissions":["Retrieve","SetSecurity","Delete","Update"],"updatedAt":"1507729573","updatedBy":"20","criteria":[{"type":"LinkedCustomObjectCriterion","id":"367385","customObjectId":"320","fieldConditions":[{"type":"FieldCondition","id":"377870","condition":{"type":"DateRangeCondition","end":{"type":"AbsoluteDate","seconds":"1507327140"},"operator":"between","start":{"type":"AbsoluteDate","seconds":"1507068000"}},"fieldId":"1042"}]}],"scope":"local","statement":"367385"}},{"type":"ContactFilterSegmentElement","id":"18984","depth":"complete","count":"0","isIncluded":"false","lastCalculatedAt":"1497960050","filter":{"type":"ContactFilter","currentStatus":"Draft","id":"126178","createdAt":"1497960050","createdBy":"20","depth":"complete","folderId":"51","name":"Filter Criteria 3","permissions":["Retrieve","SetSecurity","Delete","Update"],"updatedAt":"1507729573","updatedBy":"20","criteria":[{"type":"LinkedCustomObjectCriterion","id":"377874","customObjectId":"320","fieldConditions":[{"type":"FieldCondition","id":"385459","condition":{"type":"DateValueCondition","operator":"withinLast","value":{"type":"RelativeDate","offset":"12","timePeriod":"month"}},"fieldId":"1043"}]}],"scope":"local","statement":"377874"}}],"isStale":"True"}