{"type":"ContactSegment","currentStatus":"Draft","depth":"complete","folderId":"1463","name":"TMK_TM_XXXX_ROW_All_All_All_All_All_CCPQualification","permissions":["Retrieve","SetSecurity","Delete","Update"],"updatedAt":"1517311038","updatedBy":"58","elements":[{"type":"ContactFilterSegmentElement","id":"21511","depth":"complete","count":"0","isIncluded":"true","lastCalculatedAt":"1517310598","filter":{"type":"ContactFilter","currentStatus":"Draft","id":"128051","createdAt":"1517310598","createdBy":"58","depth":"complete","folderId":"51","name":"Filter Criteria 1","permissions":["Retrieve","SetSecurity","Delete","Update"],"updatedAt":"1517311038","updatedBy":"58","criteria":[{"type":"ContactFieldCriterion","id":"390794","condition":{"type":"TextValueCondition","operator":"notBlank"},"fieldId":"100013"},{"type":"ContactFieldCriterion","id":"390795","condition":{"type":"TextValueCondition","operator":"blank"},"fieldId":"100791"},{"type":"ContactFieldCriterion","id":"390796","condition":{"type":"TextValueCondition","operator":"blank"},"fieldId":"100792"},{"type":"ContactFieldCriterion","id":"390797","condition":{"type":"TextValueCondition","operator":"notBlank"},"fieldId":"100174"},{"type":"ContactFieldCriterion","id":"390798","condition":{"type":"TextValueCondition","operator":"blank"},"fieldId":"100045"},{"type":"ContactFieldCriterion","id":"390799","condition":{"type":"TextValueCondition","operator":"blank"},"fieldId":"100084"},{"type":"ContactFieldCriterion","id":"390800","condition":{"type":"TextValueCondition","operator":"blank"},"fieldId":"100789"},{"type":"ContactFieldCriterion","id":"390801","condition":{"type":"TextValueCondition","operator":"blank"},"fieldId":"100790"}],"scope":"local","statement":"390796 AND 390795 AND 390801 AND 390800 AND (390794 OR 390797) AND (390799 OR 390798)"}},{"type":"ContactFilterSegmentElement","id":"21512","depth":"complete","count":"0","isIncluded":"false","lastCalculatedAt":"1517310598","filter":{"type":"ContactFilter","currentStatus":"Draft","id":"128052","createdAt":"1517310598","createdBy":"58","depth":"complete","folderId":"51","name":"Filter Criteria 2","permissions":["Retrieve","SetSecurity","Delete","Update"],"updatedAt":"1517311038","updatedBy":"58","criteria":[{"type":"ContactFieldCriterion","id":"390802","condition":{"type":"TextValueCondition","operator":"notEqual","value":"Active"},"fieldId":"100089"},{"type":"ContactFieldCriterion","id":"390803","condition":{"type":"TextSetCondition","operator":"in","optionListId":"23665","quickListString":"Bioportfolio,IFS,TA Literature Research"},"fieldId":"100044"},{"type":"ContactFieldCriterion","id":"390804","condition":{"type":"TextSetCondition","operator":"notIn","optionListId":"23666","quickListString":"English,French,German,Italian,Portuguese,Spanish,Swedish,Russian,Polish"},"fieldId":"100431"},{"type":"ContactFieldCriterion","id":"390805","condition":{"type":"TextSetCondition","operator":"notIn","optionListId":"23667","quickListString":"Argentina,Australia,Austria,Belgium,Brazil,Chile,Denmark,France,Germany,Italy,Mexico,Norway,Poland,Portugal,Russia,Scotland,Spain,Sweden,Switzerland,The Netherlands,United Kingdom"},"fieldId":"100012"},{"type":"ContactFieldCriterion","id":"390806","condition":{"type":"TextValueCondition","operator":"notBlank"},"fieldId":"100404"},{"type":"ContactFieldCriterion","id":"390807","condition":{"type":"TextValueCondition","operator":"blank"},"fieldId":"100003"},{"type":"ContactFieldCriterion","id":"390808","condition":{"type":"TextValueCondition","operator":"notBlank"},"fieldId":"100770"},{"type":"ContactFieldCriterion","id":"390809","condition":{"type":"TextValueCondition","operator":"equal","value":"glf.elq"},"fieldId":"100461"}],"scope":"local","statement":"390802 OR 390803 OR 390804 OR 390805 OR 390806 OR 390807 OR 390808 OR 390809"}},{"type":"ContactListSegmentElement","id":"21513","depth":"complete","count":"0","isIncluded":"false","lastCalculatedAt":"1517310598","list":{"type":"ContactList","currentStatus":"active","id":"8277","createdAt":"1427884066","createdBy":"20","depth":"complete","folderId":"9130","name":"SYSTEM - Phone Number Generic Cleaning Exceptions Phone1","permissions":["Retrieve","SetSecurity","Delete","Update"],"updatedAt":"1530623378","updatedBy":"58","count":"1119","dataLookupId":"1accd755-7bd7-466a-985f-a45ebc79656f","scope":"global"}},{"type":"ContactListSegmentElement","id":"21514","depth":"complete","count":"0","isIncluded":"false","lastCalculatedAt":"1517310598","list":{"type":"ContactList","currentStatus":"active","id":"8715","createdAt":"1434953093","createdBy":"20","depth":"complete","folderId":"9130","name":"SYSTEM - Phone Number Generic Cleaning Exceptions Phone2","permissions":["Retrieve","SetSecurity","Delete","Update"],"updatedAt":"1530623378","updatedBy":"58","count":"6184","dataLookupId":"6498e8d7-baae-4d4f-b58a-11f167a7c7c0","scope":"global"}},{"type":"ContactListSegmentElement","id":"21515","depth":"complete","count":"0","isIncluded":"false","lastCalculatedAt":"1517310598","list":{"type":"ContactList","currentStatus":"active","id":"7862","createdAt":"1422885634","createdBy":"20","depth":"complete","folderId":"9130","name":"SYSTEM - Phone Number Country Cleaning Wrong Numbers Phone1","permissions":["Retrieve","SetSecurity","Delete","Update"],"updatedAt":"1530623378","updatedBy":"58","count":"51184","dataLookupId":"9dcc4e3b-c712-4ab1-a38d-02e2a1312430","scope":"global"}},{"type":"ContactListSegmentElement","id":"21516","depth":"complete","count":"0","isIncluded":"false","lastCalculatedAt":"1517310598","list":{"type":"ContactList","currentStatus":"active","id":"7865","createdAt":"1422889542","createdBy":"20","depth":"complete","folderId":"9130","name":"SYSTEM - Phone Number Country Cleaning Wrong Numbers Phone2","permissions":["Retrieve","SetSecurity","Delete","Update"],"updatedAt":"1530623378","updatedBy":"58","count":"41869","dataLookupId":"2082fb5b-1b36-497e-b0e2-3f35ce74d052","scope":"global"}},{"type":"ContactFilterSegmentElement","id":"21517","depth":"complete","count":"0","isIncluded":"false","lastCalculatedAt":"1517310598","filter":{"type":"ContactFilter","currentStatus":"Draft","id":"125498","createdAt":"1490960803","createdBy":"55","depth":"complete","folderId":"400","name":"Industry Exclusion","permissions":["Retrieve","SetSecurity","Delete","Update"],"updatedAt":"1530623378","updatedBy":"58","criteria":[{"type":"ContactFieldCriterion","id":"373476","condition":{"type":"TextValueCondition","operator":"equal","value":"Transport and Logistics"},"fieldId":"100045"},{"type":"ContactFieldCriterion","id":"373477","condition":{"type":"TextValueCondition","operator":"equal","value":"Utilities and Municipalities"},"fieldId":"100045"},{"type":"ContactFieldCriterion","id":"373478","condition":{"type":"TextValueCondition","operator":"equal","value":"Retail"},"fieldId":"100045"},{"type":"ContactFieldCriterion","id":"373479","condition":{"type":"TextValueCondition","operator":"equal","value":"Pulp, Paper and Textile"},"fieldId":"100045"}],"scope":"global","statement":"373476 OR 373477 OR 373478 OR 373479"}},{"type":"ContactFilterSegmentElement","id":"21518","depth":"complete","count":"0","isIncluded":"false","lastCalculatedAt":"1517310598","filter":{"type":"ContactFilter","currentStatus":"Draft","id":"125499","createdAt":"1490960826","createdBy":"55","depth":"complete","folderId":"400","name":"Workplace Exclusion","permissions":["Retrieve","SetSecurity","Delete","Update"],"updatedAt":"1530623378","updatedBy":"58","criteria":[{"type":"ContactFieldCriterion","id":"373480","condition":{"type":"TextValueCondition","operator":"equal","value":"Sales, Marketing and Merchandising"},"fieldId":"100084"},{"type":"ContactFieldCriterion","id":"373481","condition":{"type":"TextValueCondition","operator":"equal","value":"Others"},"fieldId":"100084"},{"type":"ContactFieldCriterion","id":"373482","condition":{"type":"TextValueCondition","operator":"equal","value":"Maintenance and Service"},"fieldId":"100084"},{"type":"ContactFieldCriterion","id":"373483","condition":{"type":"TextValueCondition","operator":"equal","value":"IT / Information Technology"},"fieldId":"100084"}],"scope":"global","statement":"373480 OR 373481 OR 373482 OR 373483"}}],"isStale":"True"}