{"type":"ContactSegment","currentStatus":"Draft","depth":"complete","folderId":"1463","name":"Outlook","permissions":["Retrieve","SetSecurity","Delete","Update"],"updatedAt":"1530257646","updatedBy":"66","elements":[{"type":"ContactFilterSegmentElement","id":"19837","depth":"complete","count":"0","isIncluded":"true","lastCalculatedAt":"1504015821","filter":{"type":"ContactFilter","currentStatus":"Draft","id":"126748","createdAt":"1504015821","createdBy":"56","depth":"complete","folderId":"51","name":"Filter Criteria 1","permissions":["Retrieve","SetSecurity","Delete","Update"],"updatedAt":"1530257646","updatedBy":"66","criteria":[{"type":"ContactFieldCriterion","id":"385716","condition":{"type":"TextValueCondition","operator":"contains","value":"Astellas"},"fieldId":"100004"}],"scope":"local","statement":"385716"}}],"isStale":"True"}