{"type":"ContactSegment","currentStatus":"Draft","depth":"complete","folderId":"1463","name":"KPI - Reachable Contacts","permissions":["Retrieve","SetSecurity","Delete","Update"],"updatedAt":"1483474746","updatedBy":"18","elements":[{"type":"ContactFilterSegmentElement","id":"5638","depth":"complete","count":"1910254","isIncluded":"true","lastCalculatedAt":"1417425200","filter":{"type":"ContactFilter","currentStatus":"Draft","id":"118299","createdAt":"1417425199","createdBy":"18","depth":"complete","folderId":"51","name":"Active Contacts with Phone","permissions":["Retrieve","SetSecurity","Delete","Update"],"updatedAt":"1483474746","updatedBy":"18","criteria":[{"type":"ContactFieldCriterion","id":"326206","condition":{"type":"TextValueCondition","operator":"notEqual","value":"glf.elq"},"fieldId":"100461"},{"type":"ContactFieldCriterion","id":"326207","condition":{"type":"TextValueCondition","operator":"equal","value":"Active"},"fieldId":"100089"},{"type":"ContactFieldCriterion","id":"326208","condition":{"type":"TextValueCondition","operator":"notBlank"},"fieldId":"100013"},{"type":"ContactFieldCriterion","id":"326209","condition":{"type":"TextValueCondition","operator":"notBlank"},"fieldId":"100174"}],"scope":"local","statement":"326206 AND 326207 AND (326208 OR 326209)"}},{"type":"ContactFilterSegmentElement","id":"5639","depth":"complete","count":"102241","isIncluded":"true","lastCalculatedAt":"1417425510","filter":{"type":"ContactFilter","currentStatus":"Draft","id":"118300","createdAt":"1417425509","createdBy":"18","depth":"complete","folderId":"51","name":"Active Contacts with Address","permissions":["Retrieve","SetSecurity","Delete","Update"],"updatedAt":"1483474746","updatedBy":"18","criteria":[{"type":"ContactFieldCriterion","id":"326210","condition":{"type":"TextValueCondition","operator":"equal","value":"Active"},"fieldId":"100089"},{"type":"ContactFieldCriterion","id":"326211","condition":{"type":"TextValueCondition","operator":"notEqual","value":"glf.elq"},"fieldId":"100461"},{"type":"ContactFieldCriterion","id":"326212","condition":{"type":"TextValueCondition","operator":"notBlank"},"fieldId":"100006"},{"type":"ContactFieldCriterion","id":"326213","condition":{"type":"TextValueCondition","operator":"notBlank"},"fieldId":"100095"},{"type":"ContactFieldCriterion","id":"326214","condition":{"type":"TextValueCondition","operator":"notBlank"},"fieldId":"100011"},{"type":"ContactFieldCriterion","id":"326215","condition":{"type":"TextValueCondition","operator":"notBlank"},"fieldId":"100009"},{"type":"ContactFieldCriterion","id":"326216","condition":{"type":"TextValueCondition","operator":"notBlank"},"fieldId":"100012"}],"scope":"local","statement":"326210 AND 326211 AND (326212 OR 326213) AND 326214 AND 326215 AND 326216"}},{"type":"ContactFilterSegmentElement","id":"5641","depth":"complete","count":"129900","isIncluded":"true","lastCalculatedAt":"1417426253","filter":{"type":"ContactFilter","currentStatus":"Draft","id":"118301","createdAt":"1417426251","createdBy":"18","depth":"complete","folderId":"51","name":"Inactive Contacts but theoretically active","permissions":["Retrieve","SetSecurity","Delete","Update"],"updatedAt":"1483474746","updatedBy":"18","criteria":[{"type":"ContactFieldCriterion","id":"326217","condition":{"type":"TextValueCondition","operator":"notEqual","value":"glf.elq"},"fieldId":"100461"},{"type":"ContactFieldCriterion","id":"326218","condition":{"type":"TextSetCondition","operator":"in","optionListId":"11630","quickListString":"Irrelevant Workplace,country not covered,no potential,casl canada,blocked countries,blocked companies"},"fieldId":"100090"}],"scope":"local","statement":"326217 AND 326218"}},{"type":"ContactFilterSegmentElement","id":"5642","depth":"complete","count":"480519","isIncluded":"true","lastCalculatedAt":"1417426559","filter":{"type":"ContactFilter","currentStatus":"Draft","id":"118302","createdAt":"1417426558","createdBy":"18","depth":"complete","folderId":"51","name":"Active Prospects with Phone","permissions":["Retrieve","SetSecurity","Delete","Update"],"updatedAt":"1483474746","updatedBy":"18","criteria":[{"type":"ContactFieldCriterion","id":"326219","condition":{"type":"TextValueCondition","operator":"equal","value":"glf.elq"},"fieldId":"100461"},{"type":"ContactFieldCriterion","id":"326220","condition":{"type":"TextValueCondition","operator":"equal","value":"Active"},"fieldId":"100089"},{"type":"ContactFieldCriterion","id":"326221","condition":{"type":"TextValueCondition","operator":"notBlank"},"fieldId":"100013"},{"type":"ContactFieldCriterion","id":"326222","condition":{"type":"TextValueCondition","operator":"notBlank"},"fieldId":"100174"},{"type":"ContactFieldCriterion","id":"326232","condition":{"type":"TextSetCondition","operator":"in","optionListId":"11631","quickListString":"Australia,China,India,Japan,Malaysia,Philippines,Singapore,South Korea,Taiwan,Thailand,Austria,Belgium,Czech Republic,Denmark,Finland,France,Germany,Greece,Hungary,Ireland,Italy,Norway,Poland,Portugal,Russia,Slovakia,Slovenia,Spain,Sweden,Switzerland,The Netherlands,Turkey,United Kingdom,Brazil,Chile,Mexico,USA,Canada"},"fieldId":"100012"}],"scope":"local","statement":"326219 AND 326220 AND (326221 OR 326222) AND 326232"}},{"type":"ContactFilterSegmentElement","id":"5643","depth":"complete","count":"43053","isIncluded":"true","lastCalculatedAt":"1417427046","filter":{"type":"ContactFilter","currentStatus":"Draft","id":"118303","createdAt":"1417427046","createdBy":"18","depth":"complete","folderId":"51","name":"Active Prospects with Address","permissions":["Retrieve","SetSecurity","Delete","Update"],"updatedAt":"1483474746","updatedBy":"18","criteria":[{"type":"ContactFieldCriterion","id":"326223","condition":{"type":"TextValueCondition","operator":"equal","value":"glf.elq"},"fieldId":"100461"},{"type":"ContactFieldCriterion","id":"326224","condition":{"type":"TextValueCondition","operator":"equal","value":"Active"},"fieldId":"100089"},{"type":"ContactFieldCriterion","id":"326225","condition":{"type":"TextValueCondition","operator":"notBlank"},"fieldId":"100006"},{"type":"ContactFieldCriterion","id":"326226","condition":{"type":"TextValueCondition","operator":"notBlank"},"fieldId":"100095"},{"type":"ContactFieldCriterion","id":"326227","condition":{"type":"TextValueCondition","operator":"notBlank"},"fieldId":"100011"},{"type":"ContactFieldCriterion","id":"326228","condition":{"type":"TextValueCondition","operator":"notBlank"},"fieldId":"100009"},{"type":"ContactFieldCriterion","id":"326229","condition":{"type":"TextValueCondition","operator":"notBlank"},"fieldId":"100004"},{"type":"ContactFieldCriterion","id":"326230","condition":{"type":"TextSetCondition","operator":"in","optionListId":"11632","quickListString":"Australia,China,India,Japan,Malaysia,Philippines,Singapore,South Korea,Taiwan,Thailand,Austria,Belgium,Czech Republic,Denmark,Finland,France,Germany,Greece,Hungary,Ireland,Italy,Norway,Poland,Portugal,Russia,Slovakia,Slovenia,Spain,Sweden,Switzerland,The Netherlands,Turkey,United Kingdom,Brazil,Chile,Mexico,USA,Canada,Vietnam,Indonesia,Croatia"},"fieldId":"100012"},{"type":"ContactFieldCriterion","id":"326231","condition":{"type":"TextValueCondition","operator":"notBlank"},"fieldId":"100003"}],"scope":"local","statement":"326223 AND 326224 AND (326225 OR 326226) AND 326227 AND 326228 AND 326229 AND 326230 AND 326231"}},{"type":"ContactFilterSegmentElement","id":"5644","depth":"complete","count":"242712","isIncluded":"true","lastCalculatedAt":"1417427804","filter":{"type":"ContactFilter","currentStatus":"Draft","id":"118304","createdAt":"1417427803","createdBy":"18","depth":"complete","folderId":"51","name":"Unreachable","permissions":["Retrieve","SetSecurity","Delete","Update"],"updatedAt":"1483474746","updatedBy":"18","criteria":[{"type":"ContactFieldCriterion","id":"326233","condition":{"type":"TextValueCondition","operator":"equal","value":"glf.elq"},"fieldId":"100461"},{"type":"ContactFieldCriterion","id":"326234","condition":{"type":"TextSetCondition","operator":"notIn","optionListId":"11635","quickListString":"Australia,China,India,Japan,Malaysia,Philippines,Singapore,South Korea,Taiwan,Thailand,Austria,Belgium,Czech Republic,Denmark,Finland,France,Germany,Greece,Hungary,Ireland,Italy,Norway,Poland,Portugal,Russia,Slovakia,Slovenia,Spain,Sweden,Switzerland,The Netherlands,Turkey,United Kingdom,Brazil,Chile,Mexico,USA,Canada"},"fieldId":"100012"},{"type":"ContactFieldCriterion","id":"326235","condition":{"type":"TextSetCondition","operator":"in","optionListId":"11636","quickListString":"Irrelevant Workplace,Country not covered,no potential,casl canada,blocked countries,blocked companies"},"fieldId":"100090"},{"type":"ContactFieldCriterion","id":"326236","condition":{"type":"TextValueCondition","operator":"equal","value":"active"},"fieldId":"100089"}],"scope":"local","statement":"326233 AND ((326236 AND 326234) OR 326235)"}},{"type":"ContactFilterSegmentElement","id":"8004","depth":"complete","count":"57759","isIncluded":"true","lastCalculatedAt":"1439296465","filter":{"type":"ContactFilter","currentStatus":"Draft","id":"119938","createdAt":"1439296458","createdBy":"18","depth":"complete","folderId":"51","name":"Active Contacts with Email","permissions":["Retrieve","SetSecurity","Delete","Update"],"updatedAt":"1483474746","updatedBy":"18","criteria":[{"type":"ContactFieldCriterion","id":"336822","condition":{"type":"TextValueCondition","operator":"notEqual","value":"glf.elq"},"fieldId":"100461"},{"type":"ContactFieldCriterion","id":"336823","condition":{"type":"TextValueCondition","operator":"equal","value":"active"},"fieldId":"100089"}],"scope":"local","statement":"336822 AND 336823"}},{"type":"ContactFilterSegmentElement","id":"11950","depth":"complete","count":"67068","isIncluded":"true","lastCalculatedAt":"1468243855","filter":{"type":"ContactFilter","currentStatus":"Draft","id":"122655","createdAt":"1468243855","createdBy":"18","depth":"complete","folderId":"51","name":"Filter Criteria 1","permissions":["Retrieve","SetSecurity","Delete","Update"],"updatedAt":"1483474746","updatedBy":"18","criteria":[{"type":"ContactFieldCriterion","id":"354912","condition":{"type":"TextValueCondition","operator":"equal","value":"Inactive"},"fieldId":"100089"},{"type":"ContactFieldCriterion","id":"354913","condition":{"type":"TextSetCondition","operator":"in","optionListId":"15838","quickListString":"blocked countries,blocked companies,no potential,no list renewal"},"fieldId":"100090"},{"type":"ContactFieldCriterion","id":"366416","condition":{"type":"TextValueCondition","operator":"equal","value":"glf.elq"},"fieldId":"100461"},{"type":"ContactFieldCriterion","id":"366417","condition":{"type":"TextValueCondition","operator":"contains","value":"casl"},"fieldId":"100090"}],"scope":"local","statement":"354912 AND (354913 OR 366417) AND 366416"}},{"type":"ContactListSegmentElement","id":"14801","depth":"complete","count":"16","isIncluded":"true","lastCalculatedAt":"1483474408","list":{"type":"ContactList","currentStatus":"active","id":"12298","createdAt":"1483473650","createdBy":"18","depth":"complete","description":"Result from merging 2 elements","folderId":"48","name":"Active Email Print or Phone","permissions":["Retrieve","SetSecurity","Delete","Update"],"updatedAt":"1483474746","updatedBy":"18","count":"1151997","dataLookupId":"5566b2d9-5abf-453a-a904-0bfb34c3a9a5","scope":"local"}},{"type":"ContactListSegmentElement","id":"14802","depth":"complete","count":"0","isIncluded":"true","lastCalculatedAt":"1483474408","list":{"type":"ContactList","currentStatus":"active","id":"12299","createdAt":"1483473858","createdBy":"18","depth":"complete","description":"Result from merging 2 elements","folderId":"48","name":"Merged List 1","permissions":["Retrieve","SetSecurity","Delete","Update"],"updatedAt":"1483474746","updatedBy":"18","count":"244458","dataLookupId":"07832714-f432-4e56-87e5-77e2f85b4ff9","scope":"local"}}],"isStale":"True"}