{"type":"ContactSegment","currentStatus":"Draft","depth":"complete","folderId":"1463","name":"Append_NumberofEmployees_Monthly","permissions":["Retrieve","SetSecurity","Delete","Update"],"updatedAt":"1490858905","updatedBy":"20","elements":[{"type":"ContactFilterSegmentElement","id":"12182","depth":"complete","count":"1172564","isIncluded":"true","lastCalculatedAt":"1468926139","filter":{"type":"ContactFilter","currentStatus":"Draft","id":"122824","createdAt":"1468926139","createdBy":"20","depth":"complete","folderId":"51","name":"With email address","permissions":["Retrieve","SetSecurity","Delete","Update"],"updatedAt":"1490858905","updatedBy":"20","criteria":[{"type":"ContactFieldCriterion","id":"356253","condition":{"type":"TextValueCondition","operator":"equal","value":"Active"},"fieldId":"100089"},{"type":"ContactFieldCriterion","id":"356254","condition":{"type":"TextValueCondition","operator":"doesNotContain","value":"glf.elq"},"fieldId":"100001"},{"type":"ContactFieldCriterion","id":"356255","condition":{"type":"TextValueCondition","operator":"blank"},"fieldId":"100150"},{"type":"ContactFieldCriterion","id":"356256","condition":{"type":"TextSetCondition","operator":"in","optionListId":"16258","quickListString":"Australia,China,India,Indonesia,Japan,Malaysia,Philippines,Singapore,South Korea,Taiwan,Thailand,Vietnam,Canada,USA,Austria,Belgium,Czech Republic,Croatia,Denmark,Finland,France,Germany,Greece,Hungary,Ireland,Italy,Norway,Poland,Portugal,Russia,Slovenia,Slovakia,Spain,Sweden,Switzerland,The Netherlands,Turkey,United Kingdom,Brazil,Chile,Mexico"},"fieldId":"100012"}],"scope":"local","statement":"356253 AND 356254 AND 356255 AND 356256"}}],"isStale":"True"}