{"type":"ContactSegment","currentStatus":"Active","depth":"complete","folderId":"1463","name":"TeleQueue Feeder Clean","permissions":["Retrieve","SetSecurity","Delete","Update"],"updatedAt":"1530622175","updatedBy":"58","elements":[{"type":"ContactListSegmentElement","id":"23300","depth":"complete","count":"0","isIncluded":"true","lastCalculatedAt":"1530622072","list":{"type":"ContactList","currentStatus":"active","id":"16913","createdAt":"1498572308","createdBy":"58","depth":"complete","folderId":"17484","name":"TeleQueue After Cleaning","permissions":["Retrieve","SetSecurity","Delete","Update"],"updatedAt":"1530622175","updatedBy":"58","count":"1113","dataLookupId":"8ebe142f-79eb-456b-bc10-c47a896825bb","scope":"global"}}],"isStale":"True"}